sample_id,source_document_id,document_family_id,doc_type,source_type,manipulation_type,is_tampered,bounding_box,tampered_pixel_count,tampered_area_percentage,original_path,tampered_path,mask_path,width,height,dataset_split,license
syn_doc_family_invoice_001_inst_00_authentic,doc_family_invoice_001_inst_00,doc_family_invoice_001,invoice,synthetic,none,0,"[0, 0, 0, 0]",0,0.0,data\synthetic\originals\doc_family_invoice_001_inst_00.png,data\train\images\syn_doc_family_invoice_001_inst_00_authentic.png,data\train\masks\syn_doc_family_invoice_001_inst_00_authentic.png,800,1050,train,MIT
syn_doc_family_invoice_001_inst_00_v1_text_replacement,doc_family_invoice_001_inst_00,doc_family_invoice_001,invoice,synthetic,text_replacement,1,"[140, 598, 404, 636]",10032,1.1943,data\synthetic\originals\doc_family_invoice_001_inst_00.png,data\train\images\syn_doc_family_invoice_001_inst_00_v1_text_replacement.png,data\train\masks\syn_doc_family_invoice_001_inst_00_v1_text_replacement.png,800,1050,train,MIT
syn_doc_family_invoice_001_inst_00_v2_number_amount_replacement,doc_family_invoice_001_inst_00,doc_family_invoice_001,invoice,synthetic,number_amount_replacement,1,"[484, 446, 630, 490]",6424,0.7648,data\synthetic\originals\doc_family_invoice_001_inst_00.png,data\train\images\syn_doc_family_invoice_001_inst_00_v2_number_amount_replacement.png,data\train\masks\syn_doc_family_invoice_001_inst_00_v2_number_amount_replacement.png,800,1050,train,MIT
syn_doc_family_invoice_001_inst_00_v3_date_replacement,doc_family_invoice_001_inst_00,doc_family_invoice_001,invoice,synthetic,date_replacement,1,"[340, 243, 477, 284]",5617,0.6687,data\synthetic\originals\doc_family_invoice_001_inst_00.png,data\train\images\syn_doc_family_invoice_001_inst_00_v3_date_replacement.png,data\train\masks\syn_doc_family_invoice_001_inst_00_v3_date_replacement.png,800,1050,train,MIT
syn_doc_family_invoice_001_inst_00_v4_copy_move_intra,doc_family_invoice_001_inst_00,doc_family_invoice_001,invoice,synthetic,copy_move_intra,1,"[391, 420, 577, 460]",7440,0.8857,data\synthetic\originals\doc_family_invoice_001_inst_00.png,data\train\images\syn_doc_family_invoice_001_inst_00_v4_copy_move_intra.png,data\train\masks\syn_doc_family_invoice_001_inst_00_v4_copy_move_intra.png,800,1050,train,MIT
syn_doc_family_invoice_002_inst_00_authentic,doc_family_invoice_002_inst_00,doc_family_invoice_002,invoice,synthetic,none,0,"[0, 0, 0, 0]",0,0.0,data\synthetic\originals\doc_family_invoice_002_inst_00.png,data\train\images\syn_doc_family_invoice_002_inst_00_authentic.png,data\train\masks\syn_doc_family_invoice_002_inst_00_authentic.png,800,1050,train,MIT
syn_doc_family_invoice_002_inst_00_v1_copy_paste_inter,doc_family_invoice_002_inst_00,doc_family_invoice_002,invoice,synthetic,copy_paste_inter,1,"[153, 541, 314, 605]",10304,1.2267,data\synthetic\originals\doc_family_invoice_002_inst_00.png,data\train\images\syn_doc_family_invoice_002_inst_00_v1_copy_paste_inter.png,data\train\masks\syn_doc_family_invoice_002_inst_00_v1_copy_paste_inter.png,800,1050,train,MIT
syn_doc_family_invoice_002_inst_00_v2_signature_manipulation,doc_family_invoice_002_inst_00,doc_family_invoice_002,invoice,synthetic,signature_manipulation,1,"[236, 806, 539, 875]",20907,2.4889,data\synthetic\originals\doc_family_invoice_002_inst_00.png,data\train\images\syn_doc_family_invoice_002_inst_00_v2_signature_manipulation.png,data\train\masks\syn_doc_family_invoice_002_inst_00_v2_signature_manipulation.png,800,1050,train,MIT
syn_doc_family_invoice_002_inst_00_v3_photo_replacement,doc_family_invoice_002_inst_00,doc_family_invoice_002,invoice,synthetic,photo_replacement,1,"[181, 271, 356, 630]",62825,7.4792,data\synthetic\originals\doc_family_invoice_002_inst_00.png,data\train\images\syn_doc_family_invoice_002_inst_00_v3_photo_replacement.png,data\train\masks\syn_doc_family_invoice_002_inst_00_v3_photo_replacement.png,800,1050,train,MIT
syn_doc_family_invoice_002_inst_00_v4_stamp_seal_manipulation,doc_family_invoice_002_inst_00,doc_family_invoice_002,invoice,synthetic,stamp_seal_manipulation,1,"[542, 667, 696, 821]",3718,0.4426,data\synthetic\originals\doc_family_invoice_002_inst_00.png,data\train\images\syn_doc_family_invoice_002_inst_00_v4_stamp_seal_manipulation.png,data\train\masks\syn_doc_family_invoice_002_inst_00_v4_stamp_seal_manipulation.png,800,1050,train,MIT
syn_doc_family_invoice_003_inst_00_authentic,doc_family_invoice_003_inst_00,doc_family_invoice_003,invoice,synthetic,none,0,"[0, 0, 0, 0]",0,0.0,data\synthetic\originals\doc_family_invoice_003_inst_00.png,data\train\images\syn_doc_family_invoice_003_inst_00_authentic.png,data\train\masks\syn_doc_family_invoice_003_inst_00_authentic.png,800,1050,train,MIT
syn_doc_family_invoice_003_inst_00_v1_region_removal,doc_family_invoice_003_inst_00,doc_family_invoice_003,invoice,synthetic,region_removal,1,"[345, 667, 540, 775]",21060,2.5071,data\synthetic\originals\doc_family_invoice_003_inst_00.png,data\train\images\syn_doc_family_invoice_003_inst_00_v1_region_removal.png,data\train\masks\syn_doc_family_invoice_003_inst_00_v1_region_removal.png,800,1050,train,MIT
syn_doc_family_invoice_003_inst_00_v2_local_inpainting,doc_family_invoice_003_inst_00,doc_family_invoice_003,invoice,synthetic,local_inpainting,1,"[203, 540, 338, 578]",5130,0.6107,data\synthetic\originals\doc_family_invoice_003_inst_00.png,data\train\images\syn_doc_family_invoice_003_inst_00_v2_local_inpainting.png,data\train\masks\syn_doc_family_invoice_003_inst_00_v2_local_inpainting.png,800,1050,train,MIT
syn_doc_family_invoice_003_inst_00_v3_text_replacement,doc_family_invoice_003_inst_00,doc_family_invoice_003,invoice,synthetic,text_replacement,1,"[292, 518, 595, 549]",9393,1.1182,data\synthetic\originals\doc_family_invoice_003_inst_00.png,data\train\images\syn_doc_family_invoice_003_inst_00_v3_text_replacement.png,data\train\masks\syn_doc_family_invoice_003_inst_00_v3_text_replacement.png,800,1050,train,MIT
syn_doc_family_invoice_003_inst_00_v4_number_amount_replacement,doc_family_invoice_003_inst_00,doc_family_invoice_003,invoice,synthetic,number_amount_replacement,1,"[369, 430, 486, 472]",4914,0.585,data\synthetic\originals\doc_family_invoice_003_inst_00.png,data\train\images\syn_doc_family_invoice_003_inst_00_v4_number_amount_replacement.png,data\train\masks\syn_doc_family_invoice_003_inst_00_v4_number_amount_replacement.png,800,1050,train,MIT
syn_doc_family_invoice_004_inst_00_authentic,doc_family_invoice_004_inst_00,doc_family_invoice_004,invoice,synthetic,none,0,"[0, 0, 0, 0]",0,0.0,data\synthetic\originals\doc_family_invoice_004_inst_00.png,data\train\images\syn_doc_family_invoice_004_inst_00_authentic.png,data\train\masks\syn_doc_family_invoice_004_inst_00_authentic.png,800,1050,train,MIT
syn_doc_family_invoice_004_inst_00_v1_date_replacement,doc_family_invoice_004_inst_00,doc_family_invoice_004,invoice,synthetic,date_replacement,1,"[555, 137, 711, 168]",4836,0.5757,data\synthetic\originals\doc_family_invoice_004_inst_00.png,data\train\images\syn_doc_family_invoice_004_inst_00_v1_date_replacement.png,data\train\masks\syn_doc_family_invoice_004_inst_00_v1_date_replacement.png,800,1050,train,MIT
syn_doc_family_invoice_004_inst_00_v2_copy_move_intra,doc_family_invoice_004_inst_00,doc_family_invoice_004,invoice,synthetic,copy_move_intra,1,"[275, 652, 449, 706]",9396,1.1186,data\synthetic\originals\doc_family_invoice_004_inst_00.png,data\train\images\syn_doc_family_invoice_004_inst_00_v2_copy_move_intra.png,data\train\masks\syn_doc_family_invoice_004_inst_00_v2_copy_move_intra.png,800,1050,train,MIT
syn_doc_family_invoice_004_inst_00_v3_copy_paste_inter,doc_family_invoice_004_inst_00,doc_family_invoice_004,invoice,synthetic,copy_paste_inter,1,"[454, 538, 724, 591]",14310,1.7036,data\synthetic\originals\doc_family_invoice_004_inst_00.png,data\train\images\syn_doc_family_invoice_004_inst_00_v3_copy_paste_inter.png,data\train\masks\syn_doc_family_invoice_004_inst_00_v3_copy_paste_inter.png,800,1050,train,MIT
syn_doc_family_invoice_004_inst_00_v4_signature_manipulation,doc_family_invoice_004_inst_00,doc_family_invoice_004,invoice,synthetic,signature_manipulation,1,"[467, 803, 687, 859]",12320,1.4667,data\synthetic\originals\doc_family_invoice_004_inst_00.png,data\train\images\syn_doc_family_invoice_004_inst_00_v4_signature_manipulation.png,data\train\masks\syn_doc_family_invoice_004_inst_00_v4_signature_manipulation.png,800,1050,train,MIT
syn_doc_family_invoice_005_inst_00_authentic,doc_family_invoice_005_inst_00,doc_family_invoice_005,invoice,synthetic,none,0,"[0, 0, 0, 0]",0,0.0,data\synthetic\originals\doc_family_invoice_005_inst_00.png,data\train\images\syn_doc_family_invoice_005_inst_00_authentic.png,data\train\masks\syn_doc_family_invoice_005_inst_00_authentic.png,800,1050,train,MIT
syn_doc_family_invoice_005_inst_00_v1_photo_replacement,doc_family_invoice_005_inst_00,doc_family_invoice_005,invoice,synthetic,photo_replacement,1,"[201, 502, 405, 764]",53448,6.3629,data\synthetic\originals\doc_family_invoice_005_inst_00.png,data\train\images\syn_doc_family_invoice_005_inst_00_v1_photo_replacement.png,data\train\masks\syn_doc_family_invoice_005_inst_00_v1_photo_replacement.png,800,1050,train,MIT
syn_doc_family_invoice_005_inst_00_v2_stamp_seal_manipulation,doc_family_invoice_005_inst_00,doc_family_invoice_005,invoice,synthetic,stamp_seal_manipulation,1,"[427, 683, 600, 856]",4251,0.5061,data\synthetic\originals\doc_family_invoice_005_inst_00.png,data\train\images\syn_doc_family_invoice_005_inst_00_v2_stamp_seal_manipulation.png,data\train\masks\syn_doc_family_invoice_005_inst_00_v2_stamp_seal_manipulation.png,800,1050,train,MIT
syn_doc_family_invoice_005_inst_00_v3_region_removal,doc_family_invoice_005_inst_00,doc_family_invoice_005,invoice,synthetic,region_removal,1,"[485, 892, 663, 983]",16198,1.9283,data\synthetic\originals\doc_family_invoice_005_inst_00.png,data\train\images\syn_doc_family_invoice_005_inst_00_v3_region_removal.png,data\train\masks\syn_doc_family_invoice_005_inst_00_v3_region_removal.png,800,1050,train,MIT
syn_doc_family_invoice_005_inst_00_v4_local_inpainting,doc_family_invoice_005_inst_00,doc_family_invoice_005,invoice,synthetic,local_inpainting,1,"[468, 709, 599, 742]",4323,0.5146,data\synthetic\originals\doc_family_invoice_005_inst_00.png,data\train\images\syn_doc_family_invoice_005_inst_00_v4_local_inpainting.png,data\train\masks\syn_doc_family_invoice_005_inst_00_v4_local_inpainting.png,800,1050,train,MIT
syn_doc_family_invoice_006_inst_00_authentic,doc_family_invoice_006_inst_00,doc_family_invoice_006,invoice,synthetic,none,0,"[0, 0, 0, 0]",0,0.0,data\synthetic\originals\doc_family_invoice_006_inst_00.png,data\test\images\syn_doc_family_invoice_006_inst_00_authentic.png,data\test\masks\syn_doc_family_invoice_006_inst_00_authentic.png,800,1050,test,MIT
syn_doc_family_invoice_006_inst_00_v1_text_replacement,doc_family_invoice_006_inst_00,doc_family_invoice_006,invoice,synthetic,text_replacement,1,"[220, 278, 389, 315]",6253,0.7444,data\synthetic\originals\doc_family_invoice_006_inst_00.png,data\test\images\syn_doc_family_invoice_006_inst_00_v1_text_replacement.png,data\test\masks\syn_doc_family_invoice_006_inst_00_v1_text_replacement.png,800,1050,test,MIT
syn_doc_family_invoice_006_inst_00_v2_number_amount_replacement,doc_family_invoice_006_inst_00,doc_family_invoice_006,invoice,synthetic,number_amount_replacement,1,"[595, 545, 722, 585]",5080,0.6048,data\synthetic\originals\doc_family_invoice_006_inst_00.png,data\test\images\syn_doc_family_invoice_006_inst_00_v2_number_amount_replacement.png,data\test\masks\syn_doc_family_invoice_006_inst_00_v2_number_amount_replacement.png,800,1050,test,MIT
syn_doc_family_invoice_006_inst_00_v3_date_replacement,doc_family_invoice_006_inst_00,doc_family_invoice_006,invoice,synthetic,date_replacement,1,"[324, 261, 493, 306]",7605,0.9054,data\synthetic\originals\doc_family_invoice_006_inst_00.png,data\test\images\syn_doc_family_invoice_006_inst_00_v3_date_replacement.png,data\test\masks\syn_doc_family_invoice_006_inst_00_v3_date_replacement.png,800,1050,test,MIT
syn_doc_family_invoice_006_inst_00_v4_copy_move_intra,doc_family_invoice_006_inst_00,doc_family_invoice_006,invoice,synthetic,copy_move_intra,1,"[597, 791, 711, 877]",9804,1.1671,data\synthetic\originals\doc_family_invoice_006_inst_00.png,data\test\images\syn_doc_family_invoice_006_inst_00_v4_copy_move_intra.png,data\test\masks\syn_doc_family_invoice_006_inst_00_v4_copy_move_intra.png,800,1050,test,MIT
syn_doc_family_invoice_007_inst_00_authentic,doc_family_invoice_007_inst_00,doc_family_invoice_007,invoice,synthetic,none,0,"[0, 0, 0, 0]",0,0.0,data\synthetic\originals\doc_family_invoice_007_inst_00.png,data\train\images\syn_doc_family_invoice_007_inst_00_authentic.png,data\train\masks\syn_doc_family_invoice_007_inst_00_authentic.png,800,1050,train,MIT
syn_doc_family_invoice_007_inst_00_v1_copy_paste_inter,doc_family_invoice_007_inst_00,doc_family_invoice_007,invoice,synthetic,copy_paste_inter,1,"[101, 526, 376, 575]",13475,1.6042,data\synthetic\originals\doc_family_invoice_007_inst_00.png,data\train\images\syn_doc_family_invoice_007_inst_00_v1_copy_paste_inter.png,data\train\masks\syn_doc_family_invoice_007_inst_00_v1_copy_paste_inter.png,800,1050,train,MIT
syn_doc_family_invoice_007_inst_00_v2_signature_manipulation,doc_family_invoice_007_inst_00,doc_family_invoice_007,invoice,synthetic,signature_manipulation,1,"[273, 798, 564, 887]",25899,3.0832,data\synthetic\originals\doc_family_invoice_007_inst_00.png,data\train\images\syn_doc_family_invoice_007_inst_00_v2_signature_manipulation.png,data\train\masks\syn_doc_family_invoice_007_inst_00_v2_signature_manipulation.png,800,1050,train,MIT
syn_doc_family_invoice_007_inst_00_v3_photo_replacement,doc_family_invoice_007_inst_00,doc_family_invoice_007,invoice,synthetic,photo_replacement,1,"[139, 291, 330, 640]",66659,7.9356,data\synthetic\originals\doc_family_invoice_007_inst_00.png,data\train\images\syn_doc_family_invoice_007_inst_00_v3_photo_replacement.png,data\train\masks\syn_doc_family_invoice_007_inst_00_v3_photo_replacement.png,800,1050,train,MIT
syn_doc_family_invoice_007_inst_00_v4_stamp_seal_manipulation,doc_family_invoice_007_inst_00,doc_family_invoice_007,invoice,synthetic,stamp_seal_manipulation,1,"[381, 543, 533, 695]",3667,0.4365,data\synthetic\originals\doc_family_invoice_007_inst_00.png,data\train\images\syn_doc_family_invoice_007_inst_00_v4_stamp_seal_manipulation.png,data\train\masks\syn_doc_family_invoice_007_inst_00_v4_stamp_seal_manipulation.png,800,1050,train,MIT
syn_doc_family_invoice_008_inst_00_authentic,doc_family_invoice_008_inst_00,doc_family_invoice_008,invoice,synthetic,none,0,"[0, 0, 0, 0]",0,0.0,data\synthetic\originals\doc_family_invoice_008_inst_00.png,data\train\images\syn_doc_family_invoice_008_inst_00_authentic.png,data\train\masks\syn_doc_family_invoice_008_inst_00_authentic.png,800,1050,train,MIT
syn_doc_family_invoice_008_inst_00_v1_region_removal,doc_family_invoice_008_inst_00,doc_family_invoice_008,invoice,synthetic,region_removal,1,"[397, 725, 594, 833]",21276,2.5329,data\synthetic\originals\doc_family_invoice_008_inst_00.png,data\train\images\syn_doc_family_invoice_008_inst_00_v1_region_removal.png,data\train\masks\syn_doc_family_invoice_008_inst_00_v1_region_removal.png,800,1050,train,MIT
syn_doc_family_invoice_008_inst_00_v2_local_inpainting,doc_family_invoice_008_inst_00,doc_family_invoice_008,invoice,synthetic,local_inpainting,1,"[480, 608, 661, 659]",9231,1.0989,data\synthetic\originals\doc_family_invoice_008_inst_00.png,data\train\images\syn_doc_family_invoice_008_inst_00_v2_local_inpainting.png,data\train\masks\syn_doc_family_invoice_008_inst_00_v2_local_inpainting.png,800,1050,train,MIT
syn_doc_family_invoice_008_inst_00_v3_text_replacement,doc_family_invoice_008_inst_00,doc_family_invoice_008,invoice,synthetic,text_replacement,1,"[223, 603, 512, 663]",17340,2.0643,data\synthetic\originals\doc_family_invoice_008_inst_00.png,data\train\images\syn_doc_family_invoice_008_inst_00_v3_text_replacement.png,data\train\masks\syn_doc_family_invoice_008_inst_00_v3_text_replacement.png,800,1050,train,MIT
syn_doc_family_invoice_008_inst_00_v4_number_amount_replacement,doc_family_invoice_008_inst_00,doc_family_invoice_008,invoice,synthetic,number_amount_replacement,1,"[610, 818, 740, 873]",7150,0.8512,data\synthetic\originals\doc_family_invoice_008_inst_00.png,data\train\images\syn_doc_family_invoice_008_inst_00_v4_number_amount_replacement.png,data\train\masks\syn_doc_family_invoice_008_inst_00_v4_number_amount_replacement.png,800,1050,train,MIT
syn_doc_family_invoice_009_inst_00_authentic,doc_family_invoice_009_inst_00,doc_family_invoice_009,invoice,synthetic,none,0,"[0, 0, 0, 0]",0,0.0,data\synthetic\originals\doc_family_invoice_009_inst_00.png,data\train\images\syn_doc_family_invoice_009_inst_00_authentic.png,data\train\masks\syn_doc_family_invoice_009_inst_00_authentic.png,800,1050,train,MIT
syn_doc_family_invoice_009_inst_00_v1_date_replacement,doc_family_invoice_009_inst_00,doc_family_invoice_009,invoice,synthetic,date_replacement,1,"[518, 145, 739, 183]",8398,0.9998,data\synthetic\originals\doc_family_invoice_009_inst_00.png,data\train\images\syn_doc_family_invoice_009_inst_00_v1_date_replacement.png,data\train\masks\syn_doc_family_invoice_009_inst_00_v1_date_replacement.png,800,1050,train,MIT
syn_doc_family_invoice_009_inst_00_v2_copy_move_intra,doc_family_invoice_009_inst_00,doc_family_invoice_009,invoice,synthetic,copy_move_intra,1,"[236, 384, 383, 464]",11760,1.4,data\synthetic\originals\doc_family_invoice_009_inst_00.png,data\train\images\syn_doc_family_invoice_009_inst_00_v2_copy_move_intra.png,data\train\masks\syn_doc_family_invoice_009_inst_00_v2_copy_move_intra.png,800,1050,train,MIT
syn_doc_family_invoice_009_inst_00_v3_copy_paste_inter,doc_family_invoice_009_inst_00,doc_family_invoice_009,invoice,synthetic,copy_paste_inter,1,"[52, 281, 203, 358]",11627,1.3842,data\synthetic\originals\doc_family_invoice_009_inst_00.png,data\train\images\syn_doc_family_invoice_009_inst_00_v3_copy_paste_inter.png,data\train\masks\syn_doc_family_invoice_009_inst_00_v3_copy_paste_inter.png,800,1050,train,MIT
syn_doc_family_invoice_009_inst_00_v4_signature_manipulation,doc_family_invoice_009_inst_00,doc_family_invoice_009,invoice,synthetic,signature_manipulation,1,"[146, 906, 359, 1005]",21087,2.5104,data\synthetic\originals\doc_family_invoice_009_inst_00.png,data\train\images\syn_doc_family_invoice_009_inst_00_v4_signature_manipulation.png,data\train\masks\syn_doc_family_invoice_009_inst_00_v4_signature_manipulation.png,800,1050,train,MIT
syn_doc_family_invoice_010_inst_00_authentic,doc_family_invoice_010_inst_00,doc_family_invoice_010,invoice,synthetic,none,0,"[0, 0, 0, 0]",0,0.0,data\synthetic\originals\doc_family_invoice_010_inst_00.png,data\train\images\syn_doc_family_invoice_010_inst_00_authentic.png,data\train\masks\syn_doc_family_invoice_010_inst_00_authentic.png,800,1050,train,MIT
syn_doc_family_invoice_010_inst_00_v1_photo_replacement,doc_family_invoice_010_inst_00,doc_family_invoice_010,invoice,synthetic,photo_replacement,1,"[75, 365, 229, 662]",45738,5.445,data\synthetic\originals\doc_family_invoice_010_inst_00.png,data\train\images\syn_doc_family_invoice_010_inst_00_v1_photo_replacement.png,data\train\masks\syn_doc_family_invoice_010_inst_00_v1_photo_replacement.png,800,1050,train,MIT
syn_doc_family_invoice_010_inst_00_v2_stamp_seal_manipulation,doc_family_invoice_010_inst_00,doc_family_invoice_010,invoice,synthetic,stamp_seal_manipulation,1,"[526, 757, 672, 903]",3377,0.402,data\synthetic\originals\doc_family_invoice_010_inst_00.png,data\train\images\syn_doc_family_invoice_010_inst_00_v2_stamp_seal_manipulation.png,data\train\masks\syn_doc_family_invoice_010_inst_00_v2_stamp_seal_manipulation.png,800,1050,train,MIT
syn_doc_family_invoice_010_inst_00_v3_region_removal,doc_family_invoice_010_inst_00,doc_family_invoice_010,invoice,synthetic,region_removal,1,"[205, 625, 386, 699]",13394,1.5945,data\synthetic\originals\doc_family_invoice_010_inst_00.png,data\train\images\syn_doc_family_invoice_010_inst_00_v3_region_removal.png,data\train\masks\syn_doc_family_invoice_010_inst_00_v3_region_removal.png,800,1050,train,MIT
syn_doc_family_invoice_010_inst_00_v4_local_inpainting,doc_family_invoice_010_inst_00,doc_family_invoice_010,invoice,synthetic,local_inpainting,1,"[339, 794, 558, 853]",12921,1.5382,data\synthetic\originals\doc_family_invoice_010_inst_00.png,data\train\images\syn_doc_family_invoice_010_inst_00_v4_local_inpainting.png,data\train\masks\syn_doc_family_invoice_010_inst_00_v4_local_inpainting.png,800,1050,train,MIT
syn_doc_family_invoice_011_inst_00_authentic,doc_family_invoice_011_inst_00,doc_family_invoice_011,invoice,synthetic,none,0,"[0, 0, 0, 0]",0,0.0,data\synthetic\originals\doc_family_invoice_011_inst_00.png,data\train\images\syn_doc_family_invoice_011_inst_00_authentic.png,data\train\masks\syn_doc_family_invoice_011_inst_00_authentic.png,800,1050,train,MIT
syn_doc_family_invoice_011_inst_00_v1_text_replacement,doc_family_invoice_011_inst_00,doc_family_invoice_011,invoice,synthetic,text_replacement,1,"[113, 496, 412, 538]",12558,1.495,data\synthetic\originals\doc_family_invoice_011_inst_00.png,data\train\images\syn_doc_family_invoice_011_inst_00_v1_text_replacement.png,data\train\masks\syn_doc_family_invoice_011_inst_00_v1_text_replacement.png,800,1050,train,MIT
syn_doc_family_invoice_011_inst_00_v2_number_amount_replacement,doc_family_invoice_011_inst_00,doc_family_invoice_011,invoice,synthetic,number_amount_replacement,1,"[548, 591, 728, 638]",8460,1.0071,data\synthetic\originals\doc_family_invoice_011_inst_00.png,data\train\images\syn_doc_family_invoice_011_inst_00_v2_number_amount_replacement.png,data\train\masks\syn_doc_family_invoice_011_inst_00_v2_number_amount_replacement.png,800,1050,train,MIT
syn_doc_family_invoice_011_inst_00_v3_date_replacement,doc_family_invoice_011_inst_00,doc_family_invoice_011,invoice,synthetic,date_replacement,1,"[522, 231, 697, 270]",6825,0.8125,data\synthetic\originals\doc_family_invoice_011_inst_00.png,data\train\images\syn_doc_family_invoice_011_inst_00_v3_date_replacement.png,data\train\masks\syn_doc_family_invoice_011_inst_00_v3_date_replacement.png,800,1050,train,MIT
syn_doc_family_invoice_011_inst_00_v4_copy_move_intra,doc_family_invoice_011_inst_00,doc_family_invoice_011,invoice,synthetic,copy_move_intra,1,"[62, 728, 207, 791]",9135,1.0875,data\synthetic\originals\doc_family_invoice_011_inst_00.png,data\train\images\syn_doc_family_invoice_011_inst_00_v4_copy_move_intra.png,data\train\masks\syn_doc_family_invoice_011_inst_00_v4_copy_move_intra.png,800,1050,train,MIT
syn_doc_family_invoice_012_inst_00_authentic,doc_family_invoice_012_inst_00,doc_family_invoice_012,invoice,synthetic,none,0,"[0, 0, 0, 0]",0,0.0,data\synthetic\originals\doc_family_invoice_012_inst_00.png,data\val\images\syn_doc_family_invoice_012_inst_00_authentic.png,data\val\masks\syn_doc_family_invoice_012_inst_00_authentic.png,800,1050,val,MIT
syn_doc_family_invoice_012_inst_00_v1_copy_paste_inter,doc_family_invoice_012_inst_00,doc_family_invoice_012,invoice,synthetic,copy_paste_inter,1,"[346, 393, 593, 459]",16302,1.9407,data\synthetic\originals\doc_family_invoice_012_inst_00.png,data\val\images\syn_doc_family_invoice_012_inst_00_v1_copy_paste_inter.png,data\val\masks\syn_doc_family_invoice_012_inst_00_v1_copy_paste_inter.png,800,1050,val,MIT
syn_doc_family_invoice_012_inst_00_v2_signature_manipulation,doc_family_invoice_012_inst_00,doc_family_invoice_012,invoice,synthetic,signature_manipulation,1,"[282, 925, 495, 1006]",17253,2.0539,data\synthetic\originals\doc_family_invoice_012_inst_00.png,data\val\images\syn_doc_family_invoice_012_inst_00_v2_signature_manipulation.png,data\val\masks\syn_doc_family_invoice_012_inst_00_v2_signature_manipulation.png,800,1050,val,MIT
syn_doc_family_invoice_012_inst_00_v3_photo_replacement,doc_family_invoice_012_inst_00,doc_family_invoice_012,invoice,synthetic,photo_replacement,1,"[272, 465, 490, 745]",61040,7.2667,data\synthetic\originals\doc_family_invoice_012_inst_00.png,data\val\images\syn_doc_family_invoice_012_inst_00_v3_photo_replacement.png,data\val\masks\syn_doc_family_invoice_012_inst_00_v3_photo_replacement.png,800,1050,val,MIT
syn_doc_family_invoice_012_inst_00_v4_stamp_seal_manipulation,doc_family_invoice_012_inst_00,doc_family_invoice_012,invoice,synthetic,stamp_seal_manipulation,1,"[366, 703, 504, 841]",3056,0.3638,data\synthetic\originals\doc_family_invoice_012_inst_00.png,data\val\images\syn_doc_family_invoice_012_inst_00_v4_stamp_seal_manipulation.png,data\val\masks\syn_doc_family_invoice_012_inst_00_v4_stamp_seal_manipulation.png,800,1050,val,MIT
syn_doc_family_invoice_013_inst_00_authentic,doc_family_invoice_013_inst_00,doc_family_invoice_013,invoice,synthetic,none,0,"[0, 0, 0, 0]",0,0.0,data\synthetic\originals\doc_family_invoice_013_inst_00.png,data\train\images\syn_doc_family_invoice_013_inst_00_authentic.png,data\train\masks\syn_doc_family_invoice_013_inst_00_authentic.png,800,1050,train,MIT
syn_doc_family_invoice_013_inst_00_v1_region_removal,doc_family_invoice_013_inst_00,doc_family_invoice_013,invoice,synthetic,region_removal,1,"[273, 620, 438, 697]",12705,1.5125,data\synthetic\originals\doc_family_invoice_013_inst_00.png,data\train\images\syn_doc_family_invoice_013_inst_00_v1_region_removal.png,data\train\masks\syn_doc_family_invoice_013_inst_00_v1_region_removal.png,800,1050,train,MIT
syn_doc_family_invoice_013_inst_00_v2_local_inpainting,doc_family_invoice_013_inst_00,doc_family_invoice_013,invoice,synthetic,local_inpainting,1,"[454, 342, 655, 405]",12663,1.5075,data\synthetic\originals\doc_family_invoice_013_inst_00.png,data\train\images\syn_doc_family_invoice_013_inst_00_v2_local_inpainting.png,data\train\masks\syn_doc_family_invoice_013_inst_00_v2_local_inpainting.png,800,1050,train,MIT
syn_doc_family_invoice_013_inst_00_v3_text_replacement,doc_family_invoice_013_inst_00,doc_family_invoice_013,invoice,synthetic,text_replacement,1,"[334, 697, 616, 729]",9024,1.0743,data\synthetic\originals\doc_family_invoice_013_inst_00.png,data\train\images\syn_doc_family_invoice_013_inst_00_v3_text_replacement.png,data\train\masks\syn_doc_family_invoice_013_inst_00_v3_text_replacement.png,800,1050,train,MIT
syn_doc_family_invoice_013_inst_00_v4_number_amount_replacement,doc_family_invoice_013_inst_00,doc_family_invoice_013,invoice,synthetic,number_amount_replacement,1,"[577, 562, 720, 612]",7150,0.8512,data\synthetic\originals\doc_family_invoice_013_inst_00.png,data\train\images\syn_doc_family_invoice_013_inst_00_v4_number_amount_replacement.png,data\train\masks\syn_doc_family_invoice_013_inst_00_v4_number_amount_replacement.png,800,1050,train,MIT
syn_doc_family_invoice_014_inst_00_authentic,doc_family_invoice_014_inst_00,doc_family_invoice_014,invoice,synthetic,none,0,"[0, 0, 0, 0]",0,0.0,data\synthetic\originals\doc_family_invoice_014_inst_00.png,data\train\images\syn_doc_family_invoice_014_inst_00_authentic.png,data\train\masks\syn_doc_family_invoice_014_inst_00_authentic.png,800,1050,train,MIT
syn_doc_family_invoice_014_inst_00_v1_date_replacement,doc_family_invoice_014_inst_00,doc_family_invoice_014,invoice,synthetic,date_replacement,1,"[555, 356, 718, 392]",5868,0.6986,data\synthetic\originals\doc_family_invoice_014_inst_00.png,data\train\images\syn_doc_family_invoice_014_inst_00_v1_date_replacement.png,data\train\masks\syn_doc_family_invoice_014_inst_00_v1_date_replacement.png,800,1050,train,MIT
syn_doc_family_invoice_014_inst_00_v2_copy_move_intra,doc_family_invoice_014_inst_00,doc_family_invoice_014,invoice,synthetic,copy_move_intra,1,"[533, 887, 728, 973]",16770,1.9964,data\synthetic\originals\doc_family_invoice_014_inst_00.png,data\train\images\syn_doc_family_invoice_014_inst_00_v2_copy_move_intra.png,data\train\masks\syn_doc_family_invoice_014_inst_00_v2_copy_move_intra.png,800,1050,train,MIT
syn_doc_family_invoice_014_inst_00_v3_copy_paste_inter,doc_family_invoice_014_inst_00,doc_family_invoice_014,invoice,synthetic,copy_paste_inter,1,"[238, 617, 436, 679]",12276,1.4614,data\synthetic\originals\doc_family_invoice_014_inst_00.png,data\train\images\syn_doc_family_invoice_014_inst_00_v3_copy_paste_inter.png,data\train\masks\syn_doc_family_invoice_014_inst_00_v3_copy_paste_inter.png,800,1050,train,MIT
syn_doc_family_invoice_014_inst_00_v4_signature_manipulation,doc_family_invoice_014_inst_00,doc_family_invoice_014,invoice,synthetic,signature_manipulation,1,"[391, 830, 690, 935]",31395,3.7375,data\synthetic\originals\doc_family_invoice_014_inst_00.png,data\train\images\syn_doc_family_invoice_014_inst_00_v4_signature_manipulation.png,data\train\masks\syn_doc_family_invoice_014_inst_00_v4_signature_manipulation.png,800,1050,train,MIT
syn_doc_family_invoice_015_inst_00_authentic,doc_family_invoice_015_inst_00,doc_family_invoice_015,invoice,synthetic,none,0,"[0, 0, 0, 0]",0,0.0,data\synthetic\originals\doc_family_invoice_015_inst_00.png,data\val\images\syn_doc_family_invoice_015_inst_00_authentic.png,data\val\masks\syn_doc_family_invoice_015_inst_00_authentic.png,800,1050,val,MIT
syn_doc_family_invoice_015_inst_00_v1_photo_replacement,doc_family_invoice_015_inst_00,doc_family_invoice_015,invoice,synthetic,photo_replacement,1,"[126, 529, 300, 785]",44544,5.3029,data\synthetic\originals\doc_family_invoice_015_inst_00.png,data\val\images\syn_doc_family_invoice_015_inst_00_v1_photo_replacement.png,data\val\masks\syn_doc_family_invoice_015_inst_00_v1_photo_replacement.png,800,1050,val,MIT
syn_doc_family_invoice_015_inst_00_v2_stamp_seal_manipulation,doc_family_invoice_015_inst_00,doc_family_invoice_015,invoice,synthetic,stamp_seal_manipulation,1,"[338, 695, 494, 851]",3736,0.4448,data\synthetic\originals\doc_family_invoice_015_inst_00.png,data\val\images\syn_doc_family_invoice_015_inst_00_v2_stamp_seal_manipulation.png,data\val\masks\syn_doc_family_invoice_015_inst_00_v2_stamp_seal_manipulation.png,800,1050,val,MIT
syn_doc_family_invoice_015_inst_00_v3_region_removal,doc_family_invoice_015_inst_00,doc_family_invoice_015,invoice,synthetic,region_removal,1,"[409, 572, 759, 693]",42350,5.0417,data\synthetic\originals\doc_family_invoice_015_inst_00.png,data\val\images\syn_doc_family_invoice_015_inst_00_v3_region_removal.png,data\val\masks\syn_doc_family_invoice_015_inst_00_v3_region_removal.png,800,1050,val,MIT
syn_doc_family_invoice_015_inst_00_v4_local_inpainting,doc_family_invoice_015_inst_00,doc_family_invoice_015,invoice,synthetic,local_inpainting,1,"[218, 445, 391, 482]",6401,0.762,data\synthetic\originals\doc_family_invoice_015_inst_00.png,data\val\images\syn_doc_family_invoice_015_inst_00_v4_local_inpainting.png,data\val\masks\syn_doc_family_invoice_015_inst_00_v4_local_inpainting.png,800,1050,val,MIT
syn_doc_family_invoice_016_inst_00_authentic,doc_family_invoice_016_inst_00,doc_family_invoice_016,invoice,synthetic,none,0,"[0, 0, 0, 0]",0,0.0,data\synthetic\originals\doc_family_invoice_016_inst_00.png,data\test\images\syn_doc_family_invoice_016_inst_00_authentic.png,data\test\masks\syn_doc_family_invoice_016_inst_00_authentic.png,800,1050,test,MIT
syn_doc_family_invoice_016_inst_00_v1_text_replacement,doc_family_invoice_016_inst_00,doc_family_invoice_016,invoice,synthetic,text_replacement,1,"[428, 653, 661, 695]",9786,1.165,data\synthetic\originals\doc_family_invoice_016_inst_00.png,data\test\images\syn_doc_family_invoice_016_inst_00_v1_text_replacement.png,data\test\masks\syn_doc_family_invoice_016_inst_00_v1_text_replacement.png,800,1050,test,MIT
syn_doc_family_invoice_016_inst_00_v2_number_amount_replacement,doc_family_invoice_016_inst_00,doc_family_invoice_016,invoice,synthetic,number_amount_replacement,1,"[408, 798, 585, 836]",6726,0.8007,data\synthetic\originals\doc_family_invoice_016_inst_00.png,data\test\images\syn_doc_family_invoice_016_inst_00_v2_number_amount_replacement.png,data\test\masks\syn_doc_family_invoice_016_inst_00_v2_number_amount_replacement.png,800,1050,test,MIT
syn_doc_family_invoice_016_inst_00_v3_date_replacement,doc_family_invoice_016_inst_00,doc_family_invoice_016,invoice,synthetic,date_replacement,1,"[618, 329, 757, 364]",4865,0.5792,data\synthetic\originals\doc_family_invoice_016_inst_00.png,data\test\images\syn_doc_family_invoice_016_inst_00_v3_date_replacement.png,data\test\masks\syn_doc_family_invoice_016_inst_00_v3_date_replacement.png,800,1050,test,MIT
syn_doc_family_invoice_016_inst_00_v4_copy_move_intra,doc_family_invoice_016_inst_00,doc_family_invoice_016,invoice,synthetic,copy_move_intra,1,"[505, 229, 731, 278]",11074,1.3183,data\synthetic\originals\doc_family_invoice_016_inst_00.png,data\test\images\syn_doc_family_invoice_016_inst_00_v4_copy_move_intra.png,data\test\masks\syn_doc_family_invoice_016_inst_00_v4_copy_move_intra.png,800,1050,test,MIT
syn_doc_family_invoice_017_inst_00_authentic,doc_family_invoice_017_inst_00,doc_family_invoice_017,invoice,synthetic,none,0,"[0, 0, 0, 0]",0,0.0,data\synthetic\originals\doc_family_invoice_017_inst_00.png,data\train\images\syn_doc_family_invoice_017_inst_00_authentic.png,data\train\masks\syn_doc_family_invoice_017_inst_00_authentic.png,800,1050,train,MIT
syn_doc_family_invoice_017_inst_00_v1_copy_paste_inter,doc_family_invoice_017_inst_00,doc_family_invoice_017,invoice,synthetic,copy_paste_inter,1,"[130, 270, 345, 347]",16555,1.9708,data\synthetic\originals\doc_family_invoice_017_inst_00.png,data\train\images\syn_doc_family_invoice_017_inst_00_v1_copy_paste_inter.png,data\train\masks\syn_doc_family_invoice_017_inst_00_v1_copy_paste_inter.png,800,1050,train,MIT
syn_doc_family_invoice_017_inst_00_v2_signature_manipulation,doc_family_invoice_017_inst_00,doc_family_invoice_017,invoice,synthetic,signature_manipulation,1,"[474, 836, 712, 902]",15708,1.87,data\synthetic\originals\doc_family_invoice_017_inst_00.png,data\train\images\syn_doc_family_invoice_017_inst_00_v2_signature_manipulation.png,data\train\masks\syn_doc_family_invoice_017_inst_00_v2_signature_manipulation.png,800,1050,train,MIT
syn_doc_family_invoice_017_inst_00_v3_photo_replacement,doc_family_invoice_017_inst_00,doc_family_invoice_017,invoice,synthetic,photo_replacement,1,"[187, 493, 404, 739]",53382,6.355,data\synthetic\originals\doc_family_invoice_017_inst_00.png,data\train\images\syn_doc_family_invoice_017_inst_00_v3_photo_replacement.png,data\train\masks\syn_doc_family_invoice_017_inst_00_v3_photo_replacement.png,800,1050,train,MIT
syn_doc_family_invoice_017_inst_00_v4_stamp_seal_manipulation,doc_family_invoice_017_inst_00,doc_family_invoice_017,invoice,synthetic,stamp_seal_manipulation,1,"[292, 435, 417, 560]",2706,0.3221,data\synthetic\originals\doc_family_invoice_017_inst_00.png,data\train\images\syn_doc_family_invoice_017_inst_00_v4_stamp_seal_manipulation.png,data\train\masks\syn_doc_family_invoice_017_inst_00_v4_stamp_seal_manipulation.png,800,1050,train,MIT
syn_doc_family_invoice_018_inst_00_authentic,doc_family_invoice_018_inst_00,doc_family_invoice_018,invoice,synthetic,none,0,"[0, 0, 0, 0]",0,0.0,data\synthetic\originals\doc_family_invoice_018_inst_00.png,data\train\images\syn_doc_family_invoice_018_inst_00_authentic.png,data\train\masks\syn_doc_family_invoice_018_inst_00_authentic.png,800,1050,train,MIT
syn_doc_family_invoice_018_inst_00_v1_region_removal,doc_family_invoice_018_inst_00,doc_family_invoice_018,invoice,synthetic,region_removal,1,"[179, 443, 489, 561]",36580,4.3548,data\synthetic\originals\doc_family_invoice_018_inst_00.png,data\train\images\syn_doc_family_invoice_018_inst_00_v1_region_removal.png,data\train\masks\syn_doc_family_invoice_018_inst_00_v1_region_removal.png,800,1050,train,MIT
syn_doc_family_invoice_018_inst_00_v2_local_inpainting,doc_family_invoice_018_inst_00,doc_family_invoice_018,invoice,synthetic,local_inpainting,1,"[451, 681, 671, 724]",9460,1.1262,data\synthetic\originals\doc_family_invoice_018_inst_00.png,data\train\images\syn_doc_family_invoice_018_inst_00_v2_local_inpainting.png,data\train\masks\syn_doc_family_invoice_018_inst_00_v2_local_inpainting.png,800,1050,train,MIT
syn_doc_family_invoice_018_inst_00_v3_text_replacement,doc_family_invoice_018_inst_00,doc_family_invoice_018,invoice,synthetic,text_replacement,1,"[444, 730, 684, 784]",12960,1.5429,data\synthetic\originals\doc_family_invoice_018_inst_00.png,data\train\images\syn_doc_family_invoice_018_inst_00_v3_text_replacement.png,data\train\masks\syn_doc_family_invoice_018_inst_00_v3_text_replacement.png,800,1050,train,MIT
syn_doc_family_invoice_018_inst_00_v4_number_amount_replacement,doc_family_invoice_018_inst_00,doc_family_invoice_018,invoice,synthetic,number_amount_replacement,1,"[464, 346, 628, 381]",5740,0.6833,data\synthetic\originals\doc_family_invoice_018_inst_00.png,data\train\images\syn_doc_family_invoice_018_inst_00_v4_number_amount_replacement.png,data\train\masks\syn_doc_family_invoice_018_inst_00_v4_number_amount_replacement.png,800,1050,train,MIT
syn_doc_family_invoice_019_inst_00_authentic,doc_family_invoice_019_inst_00,doc_family_invoice_019,invoice,synthetic,none,0,"[0, 0, 0, 0]",0,0.0,data\synthetic\originals\doc_family_invoice_019_inst_00.png,data\train\images\syn_doc_family_invoice_019_inst_00_authentic.png,data\train\masks\syn_doc_family_invoice_019_inst_00_authentic.png,800,1050,train,MIT
syn_doc_family_invoice_019_inst_00_v1_date_replacement,doc_family_invoice_019_inst_00,doc_family_invoice_019,invoice,synthetic,date_replacement,1,"[370, 411, 559, 456]",8505,1.0125,data\synthetic\originals\doc_family_invoice_019_inst_00.png,data\train\images\syn_doc_family_invoice_019_inst_00_v1_date_replacement.png,data\train\masks\syn_doc_family_invoice_019_inst_00_v1_date_replacement.png,800,1050,train,MIT
syn_doc_family_invoice_019_inst_00_v2_copy_move_intra,doc_family_invoice_019_inst_00,doc_family_invoice_019,invoice,synthetic,copy_move_intra,1,"[340, 879, 531, 955]",14516,1.7281,data\synthetic\originals\doc_family_invoice_019_inst_00.png,data\train\images\syn_doc_family_invoice_019_inst_00_v2_copy_move_intra.png,data\train\masks\syn_doc_family_invoice_019_inst_00_v2_copy_move_intra.png,800,1050,train,MIT
syn_doc_family_invoice_019_inst_00_v3_copy_paste_inter,doc_family_invoice_019_inst_00,doc_family_invoice_019,invoice,synthetic,copy_paste_inter,1,"[261, 717, 514, 792]",18975,2.2589,data\synthetic\originals\doc_family_invoice_019_inst_00.png,data\train\images\syn_doc_family_invoice_019_inst_00_v3_copy_paste_inter.png,data\train\masks\syn_doc_family_invoice_019_inst_00_v3_copy_paste_inter.png,800,1050,train,MIT
syn_doc_family_invoice_019_inst_00_v4_signature_manipulation,doc_family_invoice_019_inst_00,doc_family_invoice_019,invoice,synthetic,signature_manipulation,1,"[259, 848, 453, 911]",12222,1.455,data\synthetic\originals\doc_family_invoice_019_inst_00.png,data\train\images\syn_doc_family_invoice_019_inst_00_v4_signature_manipulation.png,data\train\masks\syn_doc_family_invoice_019_inst_00_v4_signature_manipulation.png,800,1050,train,MIT
syn_doc_family_invoice_020_inst_00_authentic,doc_family_invoice_020_inst_00,doc_family_invoice_020,invoice,synthetic,none,0,"[0, 0, 0, 0]",0,0.0,data\synthetic\originals\doc_family_invoice_020_inst_00.png,data\train\images\syn_doc_family_invoice_020_inst_00_authentic.png,data\train\masks\syn_doc_family_invoice_020_inst_00_authentic.png,800,1050,train,MIT
syn_doc_family_invoice_020_inst_00_v1_photo_replacement,doc_family_invoice_020_inst_00,doc_family_invoice_020,invoice,synthetic,photo_replacement,1,"[231, 469, 375, 777]",44352,5.28,data\synthetic\originals\doc_family_invoice_020_inst_00.png,data\train\images\syn_doc_family_invoice_020_inst_00_v1_photo_replacement.png,data\train\masks\syn_doc_family_invoice_020_inst_00_v1_photo_replacement.png,800,1050,train,MIT
syn_doc_family_invoice_020_inst_00_v2_stamp_seal_manipulation,doc_family_invoice_020_inst_00,doc_family_invoice_020,invoice,synthetic,stamp_seal_manipulation,1,"[416, 429, 548, 561]",2887,0.3437,data\synthetic\originals\doc_family_invoice_020_inst_00.png,data\train\images\syn_doc_family_invoice_020_inst_00_v2_stamp_seal_manipulation.png,data\train\masks\syn_doc_family_invoice_020_inst_00_v2_stamp_seal_manipulation.png,800,1050,train,MIT
syn_doc_family_invoice_020_inst_00_v3_region_removal,doc_family_invoice_020_inst_00,doc_family_invoice_020,invoice,synthetic,region_removal,1,"[337, 821, 629, 876]",16060,1.9119,data\synthetic\originals\doc_family_invoice_020_inst_00.png,data\train\images\syn_doc_family_invoice_020_inst_00_v3_region_removal.png,data\train\masks\syn_doc_family_invoice_020_inst_00_v3_region_removal.png,800,1050,train,MIT
syn_doc_family_invoice_020_inst_00_v4_local_inpainting,doc_family_invoice_020_inst_00,doc_family_invoice_020,invoice,synthetic,local_inpainting,1,"[298, 523, 534, 559]",8496,1.0114,data\synthetic\originals\doc_family_invoice_020_inst_00.png,data\train\images\syn_doc_family_invoice_020_inst_00_v4_local_inpainting.png,data\train\masks\syn_doc_family_invoice_020_inst_00_v4_local_inpainting.png,800,1050,train,MIT
syn_doc_family_invoice_021_inst_00_authentic,doc_family_invoice_021_inst_00,doc_family_invoice_021,invoice,synthetic,none,0,"[0, 0, 0, 0]",0,0.0,data\synthetic\originals\doc_family_invoice_021_inst_00.png,data\test\images\syn_doc_family_invoice_021_inst_00_authentic.png,data\test\masks\syn_doc_family_invoice_021_inst_00_authentic.png,800,1050,test,MIT
syn_doc_family_invoice_021_inst_00_v1_text_replacement,doc_family_invoice_021_inst_00,doc_family_invoice_021,invoice,synthetic,text_replacement,1,"[282, 293, 556, 326]",9042,1.0764,data\synthetic\originals\doc_family_invoice_021_inst_00.png,data\test\images\syn_doc_family_invoice_021_inst_00_v1_text_replacement.png,data\test\masks\syn_doc_family_invoice_021_inst_00_v1_text_replacement.png,800,1050,test,MIT
syn_doc_family_invoice_021_inst_00_v2_number_amount_replacement,doc_family_invoice_021_inst_00,doc_family_invoice_021,invoice,synthetic,number_amount_replacement,1,"[468, 781, 676, 837]",11648,1.3867,data\synthetic\originals\doc_family_invoice_021_inst_00.png,data\test\images\syn_doc_family_invoice_021_inst_00_v2_number_amount_replacement.png,data\test\masks\syn_doc_family_invoice_021_inst_00_v2_number_amount_replacement.png,800,1050,test,MIT
syn_doc_family_invoice_021_inst_00_v3_date_replacement,doc_family_invoice_021_inst_00,doc_family_invoice_021,invoice,synthetic,date_replacement,1,"[488, 159, 633, 192]",4785,0.5696,data\synthetic\originals\doc_family_invoice_021_inst_00.png,data\test\images\syn_doc_family_invoice_021_inst_00_v3_date_replacement.png,data\test\masks\syn_doc_family_invoice_021_inst_00_v3_date_replacement.png,800,1050,test,MIT
syn_doc_family_invoice_021_inst_00_v4_copy_move_intra,doc_family_invoice_021_inst_00,doc_family_invoice_021,invoice,synthetic,copy_move_intra,1,"[265, 785, 515, 862]",19250,2.2917,data\synthetic\originals\doc_family_invoice_021_inst_00.png,data\test\images\syn_doc_family_invoice_021_inst_00_v4_copy_move_intra.png,data\test\masks\syn_doc_family_invoice_021_inst_00_v4_copy_move_intra.png,800,1050,test,MIT
syn_doc_family_invoice_022_inst_00_authentic,doc_family_invoice_022_inst_00,doc_family_invoice_022,invoice,synthetic,none,0,"[0, 0, 0, 0]",0,0.0,data\synthetic\originals\doc_family_invoice_022_inst_00.png,data\train\images\syn_doc_family_invoice_022_inst_00_authentic.png,data\train\masks\syn_doc_family_invoice_022_inst_00_authentic.png,800,1050,train,MIT
syn_doc_family_invoice_022_inst_00_v1_copy_paste_inter,doc_family_invoice_022_inst_00,doc_family_invoice_022,invoice,synthetic,copy_paste_inter,1,"[426, 352, 588, 400]",7776,0.9257,data\synthetic\originals\doc_family_invoice_022_inst_00.png,data\train\images\syn_doc_family_invoice_022_inst_00_v1_copy_paste_inter.png,data\train\masks\syn_doc_family_invoice_022_inst_00_v1_copy_paste_inter.png,800,1050,train,MIT
syn_doc_family_invoice_022_inst_00_v2_signature_manipulation,doc_family_invoice_022_inst_00,doc_family_invoice_022,invoice,synthetic,signature_manipulation,1,"[146, 740, 405, 817]",19943,2.3742,data\synthetic\originals\doc_family_invoice_022_inst_00.png,data\train\images\syn_doc_family_invoice_022_inst_00_v2_signature_manipulation.png,data\train\masks\syn_doc_family_invoice_022_inst_00_v2_signature_manipulation.png,800,1050,train,MIT
syn_doc_family_invoice_022_inst_00_v3_photo_replacement,doc_family_invoice_022_inst_00,doc_family_invoice_022,invoice,synthetic,photo_replacement,1,"[130, 333, 326, 616]",55468,6.6033,data\synthetic\originals\doc_family_invoice_022_inst_00.png,data\train\images\syn_doc_family_invoice_022_inst_00_v3_photo_replacement.png,data\train\masks\syn_doc_family_invoice_022_inst_00_v3_photo_replacement.png,800,1050,train,MIT
syn_doc_family_invoice_022_inst_00_v4_stamp_seal_manipulation,doc_family_invoice_022_inst_00,doc_family_invoice_022,invoice,synthetic,stamp_seal_manipulation,1,"[475, 522, 645, 692]",4189,0.4987,data\synthetic\originals\doc_family_invoice_022_inst_00.png,data\train\images\syn_doc_family_invoice_022_inst_00_v4_stamp_seal_manipulation.png,data\train\masks\syn_doc_family_invoice_022_inst_00_v4_stamp_seal_manipulation.png,800,1050,train,MIT
syn_doc_family_invoice_023_inst_00_authentic,doc_family_invoice_023_inst_00,doc_family_invoice_023,invoice,synthetic,none,0,"[0, 0, 0, 0]",0,0.0,data\synthetic\originals\doc_family_invoice_023_inst_00.png,data\train\images\syn_doc_family_invoice_023_inst_00_authentic.png,data\train\masks\syn_doc_family_invoice_023_inst_00_authentic.png,800,1050,train,MIT
syn_doc_family_invoice_023_inst_00_v1_region_removal,doc_family_invoice_023_inst_00,doc_family_invoice_023,invoice,synthetic,region_removal,1,"[289, 845, 501, 945]",21200,2.5238,data\synthetic\originals\doc_family_invoice_023_inst_00.png,data\train\images\syn_doc_family_invoice_023_inst_00_v1_region_removal.png,data\train\masks\syn_doc_family_invoice_023_inst_00_v1_region_removal.png,800,1050,train,MIT
syn_doc_family_invoice_023_inst_00_v2_local_inpainting,doc_family_invoice_023_inst_00,doc_family_invoice_023,invoice,synthetic,local_inpainting,1,"[507, 523, 747, 583]",14400,1.7143,data\synthetic\originals\doc_family_invoice_023_inst_00.png,data\train\images\syn_doc_family_invoice_023_inst_00_v2_local_inpainting.png,data\train\masks\syn_doc_family_invoice_023_inst_00_v2_local_inpainting.png,800,1050,train,MIT
syn_doc_family_invoice_023_inst_00_v3_text_replacement,doc_family_invoice_023_inst_00,doc_family_invoice_023,invoice,synthetic,text_replacement,1,"[429, 463, 713, 520]",16188,1.9271,data\synthetic\originals\doc_family_invoice_023_inst_00.png,data\train\images\syn_doc_family_invoice_023_inst_00_v3_text_replacement.png,data\train\masks\syn_doc_family_invoice_023_inst_00_v3_text_replacement.png,800,1050,train,MIT
syn_doc_family_invoice_023_inst_00_v4_number_amount_replacement,doc_family_invoice_023_inst_00,doc_family_invoice_023,invoice,synthetic,number_amount_replacement,1,"[417, 397, 607, 443]",8740,1.0405,data\synthetic\originals\doc_family_invoice_023_inst_00.png,data\train\images\syn_doc_family_invoice_023_inst_00_v4_number_amount_replacement.png,data\train\masks\syn_doc_family_invoice_023_inst_00_v4_number_amount_replacement.png,800,1050,train,MIT
syn_doc_family_invoice_024_inst_00_authentic,doc_family_invoice_024_inst_00,doc_family_invoice_024,invoice,synthetic,none,0,"[0, 0, 0, 0]",0,0.0,data\synthetic\originals\doc_family_invoice_024_inst_00.png,data\train\images\syn_doc_family_invoice_024_inst_00_authentic.png,data\train\masks\syn_doc_family_invoice_024_inst_00_authentic.png,800,1050,train,MIT
syn_doc_family_invoice_024_inst_00_v1_date_replacement,doc_family_invoice_024_inst_00,doc_family_invoice_024,invoice,synthetic,date_replacement,1,"[549, 251, 727, 285]",6052,0.7205,data\synthetic\originals\doc_family_invoice_024_inst_00.png,data\train\images\syn_doc_family_invoice_024_inst_00_v1_date_replacement.png,data\train\masks\syn_doc_family_invoice_024_inst_00_v1_date_replacement.png,800,1050,train,MIT
syn_doc_family_invoice_024_inst_00_v2_copy_move_intra,doc_family_invoice_024_inst_00,doc_family_invoice_024,invoice,synthetic,copy_move_intra,1,"[218, 758, 345, 826]",8636,1.0281,data\synthetic\originals\doc_family_invoice_024_inst_00.png,data\train\images\syn_doc_family_invoice_024_inst_00_v2_copy_move_intra.png,data\train\masks\syn_doc_family_invoice_024_inst_00_v2_copy_move_intra.png,800,1050,train,MIT
syn_doc_family_invoice_024_inst_00_v3_copy_paste_inter,doc_family_invoice_024_inst_00,doc_family_invoice_024,invoice,synthetic,copy_paste_inter,1,"[157, 814, 433, 869]",15180,1.8071,data\synthetic\originals\doc_family_invoice_024_inst_00.png,data\train\images\syn_doc_family_invoice_024_inst_00_v3_copy_paste_inter.png,data\train\masks\syn_doc_family_invoice_024_inst_00_v3_copy_paste_inter.png,800,1050,train,MIT
syn_doc_family_invoice_024_inst_00_v4_signature_manipulation,doc_family_invoice_024_inst_00,doc_family_invoice_024,invoice,synthetic,signature_manipulation,1,"[259, 810, 448, 906]",18144,2.16,data\synthetic\originals\doc_family_invoice_024_inst_00.png,data\train\images\syn_doc_family_invoice_024_inst_00_v4_signature_manipulation.png,data\train\masks\syn_doc_family_invoice_024_inst_00_v4_signature_manipulation.png,800,1050,train,MIT
syn_doc_family_invoice_025_inst_00_authentic,doc_family_invoice_025_inst_00,doc_family_invoice_025,invoice,synthetic,none,0,"[0, 0, 0, 0]",0,0.0,data\synthetic\originals\doc_family_invoice_025_inst_00.png,data\train\images\syn_doc_family_invoice_025_inst_00_authentic.png,data\train\masks\syn_doc_family_invoice_025_inst_00_authentic.png,800,1050,train,MIT
syn_doc_family_invoice_025_inst_00_v1_photo_replacement,doc_family_invoice_025_inst_00,doc_family_invoice_025,invoice,synthetic,photo_replacement,1,"[105, 426, 261, 734]",48048,5.72,data\synthetic\originals\doc_family_invoice_025_inst_00.png,data\train\images\syn_doc_family_invoice_025_inst_00_v1_photo_replacement.png,data\train\masks\syn_doc_family_invoice_025_inst_00_v1_photo_replacement.png,800,1050,train,MIT
syn_doc_family_invoice_025_inst_00_v2_stamp_seal_manipulation,doc_family_invoice_025_inst_00,doc_family_invoice_025,invoice,synthetic,stamp_seal_manipulation,1,"[500, 457, 622, 579]",2662,0.3169,data\synthetic\originals\doc_family_invoice_025_inst_00.png,data\train\images\syn_doc_family_invoice_025_inst_00_v2_stamp_seal_manipulation.png,data\train\masks\syn_doc_family_invoice_025_inst_00_v2_stamp_seal_manipulation.png,800,1050,train,MIT
syn_doc_family_invoice_025_inst_00_v3_region_removal,doc_family_invoice_025_inst_00,doc_family_invoice_025,invoice,synthetic,region_removal,1,"[478, 426, 683, 530]",21320,2.5381,data\synthetic\originals\doc_family_invoice_025_inst_00.png,data\train\images\syn_doc_family_invoice_025_inst_00_v3_region_removal.png,data\train\masks\syn_doc_family_invoice_025_inst_00_v3_region_removal.png,800,1050,train,MIT
syn_doc_family_invoice_025_inst_00_v4_local_inpainting,doc_family_invoice_025_inst_00,doc_family_invoice_025,invoice,synthetic,local_inpainting,1,"[386, 665, 556, 696]",5270,0.6274,data\synthetic\originals\doc_family_invoice_025_inst_00.png,data\train\images\syn_doc_family_invoice_025_inst_00_v4_local_inpainting.png,data\train\masks\syn_doc_family_invoice_025_inst_00_v4_local_inpainting.png,800,1050,train,MIT
syn_doc_family_invoice_026_inst_00_authentic,doc_family_invoice_026_inst_00,doc_family_invoice_026,invoice,synthetic,none,0,"[0, 0, 0, 0]",0,0.0,data\synthetic\originals\doc_family_invoice_026_inst_00.png,data\train\images\syn_doc_family_invoice_026_inst_00_authentic.png,data\train\masks\syn_doc_family_invoice_026_inst_00_authentic.png,800,1050,train,MIT
syn_doc_family_invoice_026_inst_00_v1_text_replacement,doc_family_invoice_026_inst_00,doc_family_invoice_026,invoice,synthetic,text_replacement,1,"[334, 732, 559, 774]",9450,1.125,data\synthetic\originals\doc_family_invoice_026_inst_00.png,data\train\images\syn_doc_family_invoice_026_inst_00_v1_text_replacement.png,data\train\masks\syn_doc_family_invoice_026_inst_00_v1_text_replacement.png,800,1050,train,MIT
syn_doc_family_invoice_026_inst_00_v2_number_amount_replacement,doc_family_invoice_026_inst_00,doc_family_invoice_026,invoice,synthetic,number_amount_replacement,1,"[510, 478, 666, 535]",8892,1.0586,data\synthetic\originals\doc_family_invoice_026_inst_00.png,data\train\images\syn_doc_family_invoice_026_inst_00_v2_number_amount_replacement.png,data\train\masks\syn_doc_family_invoice_026_inst_00_v2_number_amount_replacement.png,800,1050,train,MIT
syn_doc_family_invoice_026_inst_00_v3_date_replacement,doc_family_invoice_026_inst_00,doc_family_invoice_026,invoice,synthetic,date_replacement,1,"[425, 186, 624, 227]",8159,0.9713,data\synthetic\originals\doc_family_invoice_026_inst_00.png,data\train\images\syn_doc_family_invoice_026_inst_00_v3_date_replacement.png,data\train\masks\syn_doc_family_invoice_026_inst_00_v3_date_replacement.png,800,1050,train,MIT
syn_doc_family_invoice_026_inst_00_v4_copy_move_intra,doc_family_invoice_026_inst_00,doc_family_invoice_026,invoice,synthetic,copy_move_intra,1,"[400, 207, 586, 255]",8928,1.0629,data\synthetic\originals\doc_family_invoice_026_inst_00.png,data\train\images\syn_doc_family_invoice_026_inst_00_v4_copy_move_intra.png,data\train\masks\syn_doc_family_invoice_026_inst_00_v4_copy_move_intra.png,800,1050,train,MIT
syn_doc_family_invoice_027_inst_00_authentic,doc_family_invoice_027_inst_00,doc_family_invoice_027,invoice,synthetic,none,0,"[0, 0, 0, 0]",0,0.0,data\synthetic\originals\doc_family_invoice_027_inst_00.png,data\test\images\syn_doc_family_invoice_027_inst_00_authentic.png,data\test\masks\syn_doc_family_invoice_027_inst_00_authentic.png,800,1050,test,MIT
syn_doc_family_invoice_027_inst_00_v1_copy_paste_inter,doc_family_invoice_027_inst_00,doc_family_invoice_027,invoice,synthetic,copy_paste_inter,1,"[548, 578, 693, 648]",10150,1.2083,data\synthetic\originals\doc_family_invoice_027_inst_00.png,data\test\images\syn_doc_family_invoice_027_inst_00_v1_copy_paste_inter.png,data\test\masks\syn_doc_family_invoice_027_inst_00_v1_copy_paste_inter.png,800,1050,test,MIT
syn_doc_family_invoice_027_inst_00_v2_signature_manipulation,doc_family_invoice_027_inst_00,doc_family_invoice_027,invoice,synthetic,signature_manipulation,1,"[76, 939, 365, 1006]",19363,2.3051,data\synthetic\originals\doc_family_invoice_027_inst_00.png,data\test\images\syn_doc_family_invoice_027_inst_00_v2_signature_manipulation.png,data\test\masks\syn_doc_family_invoice_027_inst_00_v2_signature_manipulation.png,800,1050,test,MIT
syn_doc_family_invoice_027_inst_00_v3_photo_replacement,doc_family_invoice_027_inst_00,doc_family_invoice_027,invoice,synthetic,photo_replacement,1,"[236, 303, 383, 548]",36015,4.2875,data\synthetic\originals\doc_family_invoice_027_inst_00.png,data\test\images\syn_doc_family_invoice_027_inst_00_v3_photo_replacement.png,data\test\masks\syn_doc_family_invoice_027_inst_00_v3_photo_replacement.png,800,1050,test,MIT
syn_doc_family_invoice_027_inst_00_v4_stamp_seal_manipulation,doc_family_invoice_027_inst_00,doc_family_invoice_027,invoice,synthetic,stamp_seal_manipulation,1,"[495, 718, 642, 865]",3431,0.4085,data\synthetic\originals\doc_family_invoice_027_inst_00.png,data\test\images\syn_doc_family_invoice_027_inst_00_v4_stamp_seal_manipulation.png,data\test\masks\syn_doc_family_invoice_027_inst_00_v4_stamp_seal_manipulation.png,800,1050,test,MIT
syn_doc_family_invoice_028_inst_00_authentic,doc_family_invoice_028_inst_00,doc_family_invoice_028,invoice,synthetic,none,0,"[0, 0, 0, 0]",0,0.0,data\synthetic\originals\doc_family_invoice_028_inst_00.png,data\val\images\syn_doc_family_invoice_028_inst_00_authentic.png,data\val\masks\syn_doc_family_invoice_028_inst_00_authentic.png,800,1050,val,MIT
syn_doc_family_invoice_028_inst_00_v1_region_removal,doc_family_invoice_028_inst_00,doc_family_invoice_028,invoice,synthetic,region_removal,1,"[462, 453, 672, 520]",14070,1.675,data\synthetic\originals\doc_family_invoice_028_inst_00.png,data\val\images\syn_doc_family_invoice_028_inst_00_v1_region_removal.png,data\val\masks\syn_doc_family_invoice_028_inst_00_v1_region_removal.png,800,1050,val,MIT
syn_doc_family_invoice_028_inst_00_v2_local_inpainting,doc_family_invoice_028_inst_00,doc_family_invoice_028,invoice,synthetic,local_inpainting,1,"[61, 502, 209, 533]",4588,0.5462,data\synthetic\originals\doc_family_invoice_028_inst_00.png,data\val\images\syn_doc_family_invoice_028_inst_00_v2_local_inpainting.png,data\val\masks\syn_doc_family_invoice_028_inst_00_v2_local_inpainting.png,800,1050,val,MIT
syn_doc_family_invoice_028_inst_00_v3_text_replacement,doc_family_invoice_028_inst_00,doc_family_invoice_028,invoice,synthetic,text_replacement,1,"[79, 552, 387, 589]",11396,1.3567,data\synthetic\originals\doc_family_invoice_028_inst_00.png,data\val\images\syn_doc_family_invoice_028_inst_00_v3_text_replacement.png,data\val\masks\syn_doc_family_invoice_028_inst_00_v3_text_replacement.png,800,1050,val,MIT
syn_doc_family_invoice_028_inst_00_v4_number_amount_replacement,doc_family_invoice_028_inst_00,doc_family_invoice_028,invoice,synthetic,number_amount_replacement,1,"[419, 434, 588, 476]",7098,0.845,data\synthetic\originals\doc_family_invoice_028_inst_00.png,data\val\images\syn_doc_family_invoice_028_inst_00_v4_number_amount_replacement.png,data\val\masks\syn_doc_family_invoice_028_inst_00_v4_number_amount_replacement.png,800,1050,val,MIT
syn_doc_family_invoice_029_inst_00_authentic,doc_family_invoice_029_inst_00,doc_family_invoice_029,invoice,synthetic,none,0,"[0, 0, 0, 0]",0,0.0,data\synthetic\originals\doc_family_invoice_029_inst_00.png,data\train\images\syn_doc_family_invoice_029_inst_00_authentic.png,data\train\masks\syn_doc_family_invoice_029_inst_00_authentic.png,800,1050,train,MIT
syn_doc_family_invoice_029_inst_00_v1_date_replacement,doc_family_invoice_029_inst_00,doc_family_invoice_029,invoice,synthetic,date_replacement,1,"[443, 292, 606, 321]",4727,0.5627,data\synthetic\originals\doc_family_invoice_029_inst_00.png,data\train\images\syn_doc_family_invoice_029_inst_00_v1_date_replacement.png,data\train\masks\syn_doc_family_invoice_029_inst_00_v1_date_replacement.png,800,1050,train,MIT
syn_doc_family_invoice_029_inst_00_v2_copy_move_intra,doc_family_invoice_029_inst_00,doc_family_invoice_029,invoice,synthetic,copy_move_intra,1,"[537, 644, 661, 689]",5580,0.6643,data\synthetic\originals\doc_family_invoice_029_inst_00.png,data\train\images\syn_doc_family_invoice_029_inst_00_v2_copy_move_intra.png,data\train\masks\syn_doc_family_invoice_029_inst_00_v2_copy_move_intra.png,800,1050,train,MIT
syn_doc_family_invoice_029_inst_00_v3_copy_paste_inter,doc_family_invoice_029_inst_00,doc_family_invoice_029,invoice,synthetic,copy_paste_inter,1,"[482, 770, 713, 854]",19404,2.31,data\synthetic\originals\doc_family_invoice_029_inst_00.png,data\train\images\syn_doc_family_invoice_029_inst_00_v3_copy_paste_inter.png,data\train\masks\syn_doc_family_invoice_029_inst_00_v3_copy_paste_inter.png,800,1050,train,MIT
syn_doc_family_invoice_029_inst_00_v4_signature_manipulation,doc_family_invoice_029_inst_00,doc_family_invoice_029,invoice,synthetic,signature_manipulation,1,"[293, 887, 558, 991]",27560,3.281,data\synthetic\originals\doc_family_invoice_029_inst_00.png,data\train\images\syn_doc_family_invoice_029_inst_00_v4_signature_manipulation.png,data\train\masks\syn_doc_family_invoice_029_inst_00_v4_signature_manipulation.png,800,1050,train,MIT
syn_doc_family_invoice_030_inst_00_authentic,doc_family_invoice_030_inst_00,doc_family_invoice_030,invoice,synthetic,none,0,"[0, 0, 0, 0]",0,0.0,data\synthetic\originals\doc_family_invoice_030_inst_00.png,data\train\images\syn_doc_family_invoice_030_inst_00_authentic.png,data\train\masks\syn_doc_family_invoice_030_inst_00_authentic.png,800,1050,train,MIT
syn_doc_family_invoice_030_inst_00_v1_photo_replacement,doc_family_invoice_030_inst_00,doc_family_invoice_030,invoice,synthetic,photo_replacement,1,"[76, 483, 281, 784]",61705,7.3458,data\synthetic\originals\doc_family_invoice_030_inst_00.png,data\train\images\syn_doc_family_invoice_030_inst_00_v1_photo_replacement.png,data\train\masks\syn_doc_family_invoice_030_inst_00_v1_photo_replacement.png,800,1050,train,MIT
syn_doc_family_invoice_030_inst_00_v2_stamp_seal_manipulation,doc_family_invoice_030_inst_00,doc_family_invoice_030,invoice,synthetic,stamp_seal_manipulation,1,"[451, 877, 580, 1006]",2839,0.338,data\synthetic\originals\doc_family_invoice_030_inst_00.png,data\train\images\syn_doc_family_invoice_030_inst_00_v2_stamp_seal_manipulation.png,data\train\masks\syn_doc_family_invoice_030_inst_00_v2_stamp_seal_manipulation.png,800,1050,train,MIT
syn_doc_family_invoice_030_inst_00_v3_region_removal,doc_family_invoice_030_inst_00,doc_family_invoice_030,invoice,synthetic,region_removal,1,"[323, 866, 677, 985]",42126,5.015,data\synthetic\originals\doc_family_invoice_030_inst_00.png,data\train\images\syn_doc_family_invoice_030_inst_00_v3_region_removal.png,data\train\masks\syn_doc_family_invoice_030_inst_00_v3_region_removal.png,800,1050,train,MIT
syn_doc_family_invoice_030_inst_00_v4_local_inpainting,doc_family_invoice_030_inst_00,doc_family_invoice_030,invoice,synthetic,local_inpainting,1,"[94, 708, 301, 753]",9315,1.1089,data\synthetic\originals\doc_family_invoice_030_inst_00.png,data\train\images\syn_doc_family_invoice_030_inst_00_v4_local_inpainting.png,data\train\masks\syn_doc_family_invoice_030_inst_00_v4_local_inpainting.png,800,1050,train,MIT
syn_doc_family_id_card_001_inst_00_authentic,doc_family_id_card_001_inst_00,doc_family_id_card_001,id_card,synthetic,none,0,"[0, 0, 0, 0]",0,0.0,data\synthetic\originals\doc_family_id_card_001_inst_00.png,data\train\images\syn_doc_family_id_card_001_inst_00_authentic.png,data\train\masks\syn_doc_family_id_card_001_inst_00_authentic.png,900,600,train,MIT
syn_doc_family_id_card_001_inst_00_v1_text_replacement,doc_family_id_card_001_inst_00,doc_family_id_card_001,id_card,synthetic,text_replacement,1,"[347, 198, 681, 218]",6680,1.237,data\synthetic\originals\doc_family_id_card_001_inst_00.png,data\train\images\syn_doc_family_id_card_001_inst_00_v1_text_replacement.png,data\train\masks\syn_doc_family_id_card_001_inst_00_v1_text_replacement.png,900,600,train,MIT
syn_doc_family_id_card_001_inst_00_v2_number_amount_replacement,doc_family_id_card_001_inst_00,doc_family_id_card_001,id_card,synthetic,number_amount_replacement,1,"[415, 282, 617, 312]",6060,1.1222,data\synthetic\originals\doc_family_id_card_001_inst_00.png,data\train\images\syn_doc_family_id_card_001_inst_00_v2_number_amount_replacement.png,data\train\masks\syn_doc_family_id_card_001_inst_00_v2_number_amount_replacement.png,900,600,train,MIT
syn_doc_family_id_card_001_inst_00_v3_date_replacement,doc_family_id_card_001_inst_00,doc_family_id_card_001,id_card,synthetic,date_replacement,1,"[374, 125, 601, 149]",5448,1.0089,data\synthetic\originals\doc_family_id_card_001_inst_00.png,data\train\images\syn_doc_family_id_card_001_inst_00_v3_date_replacement.png,data\train\masks\syn_doc_family_id_card_001_inst_00_v3_date_replacement.png,900,600,train,MIT
syn_doc_family_id_card_001_inst_00_v4_copy_move_intra,doc_family_id_card_001_inst_00,doc_family_id_card_001,id_card,synthetic,copy_move_intra,1,"[61, 443, 307, 464]",5166,0.9567,data\synthetic\originals\doc_family_id_card_001_inst_00.png,data\train\images\syn_doc_family_id_card_001_inst_00_v4_copy_move_intra.png,data\train\masks\syn_doc_family_id_card_001_inst_00_v4_copy_move_intra.png,900,600,train,MIT
syn_doc_family_id_card_002_inst_00_authentic,doc_family_id_card_002_inst_00,doc_family_id_card_002,id_card,synthetic,none,0,"[0, 0, 0, 0]",0,0.0,data\synthetic\originals\doc_family_id_card_002_inst_00.png,data\test\images\syn_doc_family_id_card_002_inst_00_authentic.png,data\test\masks\syn_doc_family_id_card_002_inst_00_authentic.png,900,600,test,MIT
syn_doc_family_id_card_002_inst_00_v1_copy_paste_inter,doc_family_id_card_002_inst_00,doc_family_id_card_002,id_card,synthetic,copy_paste_inter,1,"[323, 461, 573, 508]",11750,2.1759,data\synthetic\originals\doc_family_id_card_002_inst_00.png,data\test\images\syn_doc_family_id_card_002_inst_00_v1_copy_paste_inter.png,data\test\masks\syn_doc_family_id_card_002_inst_00_v1_copy_paste_inter.png,900,600,test,MIT
syn_doc_family_id_card_002_inst_00_v2_signature_manipulation,doc_family_id_card_002_inst_00,doc_family_id_card_002,id_card,synthetic,signature_manipulation,1,"[258, 484, 467, 542]",12122,2.2448,data\synthetic\originals\doc_family_id_card_002_inst_00.png,data\test\images\syn_doc_family_id_card_002_inst_00_v2_signature_manipulation.png,data\test\masks\syn_doc_family_id_card_002_inst_00_v2_signature_manipulation.png,900,600,test,MIT
syn_doc_family_id_card_002_inst_00_v3_photo_replacement,doc_family_id_card_002_inst_00,doc_family_id_card_002,id_card,synthetic,photo_replacement,1,"[255, 108, 425, 281]",29410,5.4463,data\synthetic\originals\doc_family_id_card_002_inst_00.png,data\test\images\syn_doc_family_id_card_002_inst_00_v3_photo_replacement.png,data\test\masks\syn_doc_family_id_card_002_inst_00_v3_photo_replacement.png,900,600,test,MIT
syn_doc_family_id_card_002_inst_00_v4_stamp_seal_manipulation,doc_family_id_card_002_inst_00,doc_family_id_card_002,id_card,synthetic,stamp_seal_manipulation,1,"[645, 360, 783, 498]",3056,0.5659,data\synthetic\originals\doc_family_id_card_002_inst_00.png,data\test\images\syn_doc_family_id_card_002_inst_00_v4_stamp_seal_manipulation.png,data\test\masks\syn_doc_family_id_card_002_inst_00_v4_stamp_seal_manipulation.png,900,600,test,MIT
syn_doc_family_id_card_003_inst_00_authentic,doc_family_id_card_003_inst_00,doc_family_id_card_003,id_card,synthetic,none,0,"[0, 0, 0, 0]",0,0.0,data\synthetic\originals\doc_family_id_card_003_inst_00.png,data\train\images\syn_doc_family_id_card_003_inst_00_authentic.png,data\train\masks\syn_doc_family_id_card_003_inst_00_authentic.png,900,600,train,MIT
syn_doc_family_id_card_003_inst_00_v1_region_removal,doc_family_id_card_003_inst_00,doc_family_id_card_003,id_card,synthetic,region_removal,1,"[254, 307, 535, 342]",9835,1.8213,data\synthetic\originals\doc_family_id_card_003_inst_00.png,data\train\images\syn_doc_family_id_card_003_inst_00_v1_region_removal.png,data\train\masks\syn_doc_family_id_card_003_inst_00_v1_region_removal.png,900,600,train,MIT
syn_doc_family_id_card_003_inst_00_v2_local_inpainting,doc_family_id_card_003_inst_00,doc_family_id_card_003,id_card,synthetic,local_inpainting,1,"[150, 406, 387, 436]",7110,1.3167,data\synthetic\originals\doc_family_id_card_003_inst_00.png,data\train\images\syn_doc_family_id_card_003_inst_00_v2_local_inpainting.png,data\train\masks\syn_doc_family_id_card_003_inst_00_v2_local_inpainting.png,900,600,train,MIT
syn_doc_family_id_card_003_inst_00_v3_text_replacement,doc_family_id_card_003_inst_00,doc_family_id_card_003,id_card,synthetic,text_replacement,1,"[362, 234, 544, 254]",3640,0.6741,data\synthetic\originals\doc_family_id_card_003_inst_00.png,data\train\images\syn_doc_family_id_card_003_inst_00_v3_text_replacement.png,data\train\masks\syn_doc_family_id_card_003_inst_00_v3_text_replacement.png,900,600,train,MIT
syn_doc_family_id_card_003_inst_00_v4_number_amount_replacement,doc_family_id_card_003_inst_00,doc_family_id_card_003,id_card,synthetic,number_amount_replacement,1,"[486, 192, 676, 217]",4750,0.8796,data\synthetic\originals\doc_family_id_card_003_inst_00.png,data\train\images\syn_doc_family_id_card_003_inst_00_v4_number_amount_replacement.png,data\train\masks\syn_doc_family_id_card_003_inst_00_v4_number_amount_replacement.png,900,600,train,MIT
syn_doc_family_id_card_004_inst_00_authentic,doc_family_id_card_004_inst_00,doc_family_id_card_004,id_card,synthetic,none,0,"[0, 0, 0, 0]",0,0.0,data\synthetic\originals\doc_family_id_card_004_inst_00.png,data\train\images\syn_doc_family_id_card_004_inst_00_authentic.png,data\train\masks\syn_doc_family_id_card_004_inst_00_authentic.png,900,600,train,MIT
syn_doc_family_id_card_004_inst_00_v1_date_replacement,doc_family_id_card_004_inst_00,doc_family_id_card_004,id_card,synthetic,date_replacement,1,"[371, 115, 586, 141]",5590,1.0352,data\synthetic\originals\doc_family_id_card_004_inst_00.png,data\train\images\syn_doc_family_id_card_004_inst_00_v1_date_replacement.png,data\train\masks\syn_doc_family_id_card_004_inst_00_v1_date_replacement.png,900,600,train,MIT
syn_doc_family_id_card_004_inst_00_v2_copy_move_intra,doc_family_id_card_004_inst_00,doc_family_id_card_004,id_card,synthetic,copy_move_intra,1,"[60, 425, 266, 446]",4326,0.8011,data\synthetic\originals\doc_family_id_card_004_inst_00.png,data\train\images\syn_doc_family_id_card_004_inst_00_v2_copy_move_intra.png,data\train\masks\syn_doc_family_id_card_004_inst_00_v2_copy_move_intra.png,900,600,train,MIT
syn_doc_family_id_card_004_inst_00_v3_copy_paste_inter,doc_family_id_card_004_inst_00,doc_family_id_card_004,id_card,synthetic,copy_paste_inter,1,"[61, 280, 367, 315]",10710,1.9833,data\synthetic\originals\doc_family_id_card_004_inst_00.png,data\train\images\syn_doc_family_id_card_004_inst_00_v3_copy_paste_inter.png,data\train\masks\syn_doc_family_id_card_004_inst_00_v3_copy_paste_inter.png,900,600,train,MIT
syn_doc_family_id_card_004_inst_00_v4_signature_manipulation,doc_family_id_card_004_inst_00,doc_family_id_card_004,id_card,synthetic,signature_manipulation,1,"[71, 480, 370, 529]",14651,2.7131,data\synthetic\originals\doc_family_id_card_004_inst_00.png,data\train\images\syn_doc_family_id_card_004_inst_00_v4_signature_manipulation.png,data\train\masks\syn_doc_family_id_card_004_inst_00_v4_signature_manipulation.png,900,600,train,MIT
syn_doc_family_id_card_005_inst_00_authentic,doc_family_id_card_005_inst_00,doc_family_id_card_005,id_card,synthetic,none,0,"[0, 0, 0, 0]",0,0.0,data\synthetic\originals\doc_family_id_card_005_inst_00.png,data\train\images\syn_doc_family_id_card_005_inst_00_authentic.png,data\train\masks\syn_doc_family_id_card_005_inst_00_authentic.png,900,600,train,MIT
syn_doc_family_id_card_005_inst_00_v1_photo_replacement,doc_family_id_card_005_inst_00,doc_family_id_card_005,id_card,synthetic,photo_replacement,1,"[252, 184, 480, 361]",40356,7.4733,data\synthetic\originals\doc_family_id_card_005_inst_00.png,data\train\images\syn_doc_family_id_card_005_inst_00_v1_photo_replacement.png,data\train\masks\syn_doc_family_id_card_005_inst_00_v1_photo_replacement.png,900,600,train,MIT
syn_doc_family_id_card_005_inst_00_v2_stamp_seal_manipulation,doc_family_id_card_005_inst_00,doc_family_id_card_005,id_card,synthetic,stamp_seal_manipulation,1,"[365, 460, 457, 552]",1824,0.3378,data\synthetic\originals\doc_family_id_card_005_inst_00.png,data\train\images\syn_doc_family_id_card_005_inst_00_v2_stamp_seal_manipulation.png,data\train\masks\syn_doc_family_id_card_005_inst_00_v2_stamp_seal_manipulation.png,900,600,train,MIT
syn_doc_family_id_card_005_inst_00_v3_region_removal,doc_family_id_card_005_inst_00,doc_family_id_card_005,id_card,synthetic,region_removal,1,"[368, 334, 767, 377]",17157,3.1772,data\synthetic\originals\doc_family_id_card_005_inst_00.png,data\train\images\syn_doc_family_id_card_005_inst_00_v3_region_removal.png,data\train\masks\syn_doc_family_id_card_005_inst_00_v3_region_removal.png,900,600,train,MIT
syn_doc_family_id_card_005_inst_00_v4_local_inpainting,doc_family_id_card_005_inst_00,doc_family_id_card_005,id_card,synthetic,local_inpainting,1,"[238, 260, 437, 282]",4378,0.8107,data\synthetic\originals\doc_family_id_card_005_inst_00.png,data\train\images\syn_doc_family_id_card_005_inst_00_v4_local_inpainting.png,data\train\masks\syn_doc_family_id_card_005_inst_00_v4_local_inpainting.png,900,600,train,MIT
syn_doc_family_id_card_006_inst_00_authentic,doc_family_id_card_006_inst_00,doc_family_id_card_006,id_card,synthetic,none,0,"[0, 0, 0, 0]",0,0.0,data\synthetic\originals\doc_family_id_card_006_inst_00.png,data\train\images\syn_doc_family_id_card_006_inst_00_authentic.png,data\train\masks\syn_doc_family_id_card_006_inst_00_authentic.png,900,600,train,MIT
syn_doc_family_id_card_006_inst_00_v1_text_replacement,doc_family_id_card_006_inst_00,doc_family_id_card_006,id_card,synthetic,text_replacement,1,"[320, 140, 678, 168]",10024,1.8563,data\synthetic\originals\doc_family_id_card_006_inst_00.png,data\train\images\syn_doc_family_id_card_006_inst_00_v1_text_replacement.png,data\train\masks\syn_doc_family_id_card_006_inst_00_v1_text_replacement.png,900,600,train,MIT
syn_doc_family_id_card_006_inst_00_v2_number_amount_replacement,doc_family_id_card_006_inst_00,doc_family_id_card_006,id_card,synthetic,number_amount_replacement,1,"[589, 307, 810, 332]",5525,1.0231,data\synthetic\originals\doc_family_id_card_006_inst_00.png,data\train\images\syn_doc_family_id_card_006_inst_00_v2_number_amount_replacement.png,data\train\masks\syn_doc_family_id_card_006_inst_00_v2_number_amount_replacement.png,900,600,train,MIT
syn_doc_family_id_card_006_inst_00_v3_date_replacement,doc_family_id_card_006_inst_00,doc_family_id_card_006,id_card,synthetic,date_replacement,1,"[407, 197, 582, 219]",3850,0.713,data\synthetic\originals\doc_family_id_card_006_inst_00.png,data\train\images\syn_doc_family_id_card_006_inst_00_v3_date_replacement.png,data\train\masks\syn_doc_family_id_card_006_inst_00_v3_date_replacement.png,900,600,train,MIT
syn_doc_family_id_card_006_inst_00_v4_copy_move_intra,doc_family_id_card_006_inst_00,doc_family_id_card_006,id_card,synthetic,copy_move_intra,1,"[72, 104, 207, 140]",4860,0.9,data\synthetic\originals\doc_family_id_card_006_inst_00.png,data\train\images\syn_doc_family_id_card_006_inst_00_v4_copy_move_intra.png,data\train\masks\syn_doc_family_id_card_006_inst_00_v4_copy_move_intra.png,900,600,train,MIT
syn_doc_family_id_card_007_inst_00_authentic,doc_family_id_card_007_inst_00,doc_family_id_card_007,id_card,synthetic,none,0,"[0, 0, 0, 0]",0,0.0,data\synthetic\originals\doc_family_id_card_007_inst_00.png,data\train\images\syn_doc_family_id_card_007_inst_00_authentic.png,data\train\masks\syn_doc_family_id_card_007_inst_00_authentic.png,900,600,train,MIT
syn_doc_family_id_card_007_inst_00_v1_copy_paste_inter,doc_family_id_card_007_inst_00,doc_family_id_card_007,id_card,synthetic,copy_paste_inter,1,"[118, 394, 296, 424]",5340,0.9889,data\synthetic\originals\doc_family_id_card_007_inst_00.png,data\train\images\syn_doc_family_id_card_007_inst_00_v1_copy_paste_inter.png,data\train\masks\syn_doc_family_id_card_007_inst_00_v1_copy_paste_inter.png,900,600,train,MIT
syn_doc_family_id_card_007_inst_00_v2_signature_manipulation,doc_family_id_card_007_inst_00,doc_family_id_card_007,id_card,synthetic,signature_manipulation,1,"[188, 438, 447, 473]",9065,1.6787,data\synthetic\originals\doc_family_id_card_007_inst_00.png,data\train\images\syn_doc_family_id_card_007_inst_00_v2_signature_manipulation.png,data\train\masks\syn_doc_family_id_card_007_inst_00_v2_signature_manipulation.png,900,600,train,MIT
syn_doc_family_id_card_007_inst_00_v3_photo_replacement,doc_family_id_card_007_inst_00,doc_family_id_card_007,id_card,synthetic,photo_replacement,1,"[65, 152, 288, 288]",30328,5.6163,data\synthetic\originals\doc_family_id_card_007_inst_00.png,data\train\images\syn_doc_family_id_card_007_inst_00_v3_photo_replacement.png,data\train\masks\syn_doc_family_id_card_007_inst_00_v3_photo_replacement.png,900,600,train,MIT
syn_doc_family_id_card_007_inst_00_v4_stamp_seal_manipulation,doc_family_id_card_007_inst_00,doc_family_id_card_007,id_card,synthetic,stamp_seal_manipulation,1,"[356, 354, 471, 469]",2352,0.4356,data\synthetic\originals\doc_family_id_card_007_inst_00.png,data\train\images\syn_doc_family_id_card_007_inst_00_v4_stamp_seal_manipulation.png,data\train\masks\syn_doc_family_id_card_007_inst_00_v4_stamp_seal_manipulation.png,900,600,train,MIT
syn_doc_family_id_card_008_inst_00_authentic,doc_family_id_card_008_inst_00,doc_family_id_card_008,id_card,synthetic,none,0,"[0, 0, 0, 0]",0,0.0,data\synthetic\originals\doc_family_id_card_008_inst_00.png,data\val\images\syn_doc_family_id_card_008_inst_00_authentic.png,data\val\masks\syn_doc_family_id_card_008_inst_00_authentic.png,900,600,val,MIT
syn_doc_family_id_card_008_inst_00_v1_region_removal,doc_family_id_card_008_inst_00,doc_family_id_card_008,id_card,synthetic,region_removal,1,"[155, 512, 470, 550]",11970,2.2167,data\synthetic\originals\doc_family_id_card_008_inst_00.png,data\val\images\syn_doc_family_id_card_008_inst_00_v1_region_removal.png,data\val\masks\syn_doc_family_id_card_008_inst_00_v1_region_removal.png,900,600,val,MIT
syn_doc_family_id_card_008_inst_00_v2_local_inpainting,doc_family_id_card_008_inst_00,doc_family_id_card_008,id_card,synthetic,local_inpainting,1,"[599, 140, 766, 164]",4008,0.7422,data\synthetic\originals\doc_family_id_card_008_inst_00.png,data\val\images\syn_doc_family_id_card_008_inst_00_v2_local_inpainting.png,data\val\masks\syn_doc_family_id_card_008_inst_00_v2_local_inpainting.png,900,600,val,MIT
syn_doc_family_id_card_008_inst_00_v3_text_replacement,doc_family_id_card_008_inst_00,doc_family_id_card_008,id_card,synthetic,text_replacement,1,"[439, 283, 624, 305]",4070,0.7537,data\synthetic\originals\doc_family_id_card_008_inst_00.png,data\val\images\syn_doc_family_id_card_008_inst_00_v3_text_replacement.png,data\val\masks\syn_doc_family_id_card_008_inst_00_v3_text_replacement.png,900,600,val,MIT
syn_doc_family_id_card_008_inst_00_v4_number_amount_replacement,doc_family_id_card_008_inst_00,doc_family_id_card_008,id_card,synthetic,number_amount_replacement,1,"[524, 221, 685, 242]",3381,0.6261,data\synthetic\originals\doc_family_id_card_008_inst_00.png,data\val\images\syn_doc_family_id_card_008_inst_00_v4_number_amount_replacement.png,data\val\masks\syn_doc_family_id_card_008_inst_00_v4_number_amount_replacement.png,900,600,val,MIT
syn_doc_family_id_card_009_inst_00_authentic,doc_family_id_card_009_inst_00,doc_family_id_card_009,id_card,synthetic,none,0,"[0, 0, 0, 0]",0,0.0,data\synthetic\originals\doc_family_id_card_009_inst_00.png,data\train\images\syn_doc_family_id_card_009_inst_00_authentic.png,data\train\masks\syn_doc_family_id_card_009_inst_00_authentic.png,900,600,train,MIT
syn_doc_family_id_card_009_inst_00_v1_date_replacement,doc_family_id_card_009_inst_00,doc_family_id_card_009,id_card,synthetic,date_replacement,1,"[389, 220, 576, 240]",3740,0.6926,data\synthetic\originals\doc_family_id_card_009_inst_00.png,data\train\images\syn_doc_family_id_card_009_inst_00_v1_date_replacement.png,data\train\masks\syn_doc_family_id_card_009_inst_00_v1_date_replacement.png,900,600,train,MIT
syn_doc_family_id_card_009_inst_00_v2_copy_move_intra,doc_family_id_card_009_inst_00,doc_family_id_card_009,id_card,synthetic,copy_move_intra,1,"[117, 136, 313, 189]",10388,1.9237,data\synthetic\originals\doc_family_id_card_009_inst_00.png,data\train\images\syn_doc_family_id_card_009_inst_00_v2_copy_move_intra.png,data\train\masks\syn_doc_family_id_card_009_inst_00_v2_copy_move_intra.png,900,600,train,MIT
syn_doc_family_id_card_009_inst_00_v3_copy_paste_inter,doc_family_id_card_009_inst_00,doc_family_id_card_009,id_card,synthetic,copy_paste_inter,1,"[121, 315, 377, 354]",9984,1.8489,data\synthetic\originals\doc_family_id_card_009_inst_00.png,data\train\images\syn_doc_family_id_card_009_inst_00_v3_copy_paste_inter.png,data\train\masks\syn_doc_family_id_card_009_inst_00_v3_copy_paste_inter.png,900,600,train,MIT
syn_doc_family_id_card_009_inst_00_v4_signature_manipulation,doc_family_id_card_009_inst_00,doc_family_id_card_009,id_card,synthetic,signature_manipulation,1,"[136, 420, 460, 478]",18792,3.48,data\synthetic\originals\doc_family_id_card_009_inst_00.png,data\train\images\syn_doc_family_id_card_009_inst_00_v4_signature_manipulation.png,data\train\masks\syn_doc_family_id_card_009_inst_00_v4_signature_manipulation.png,900,600,train,MIT
syn_doc_family_id_card_010_inst_00_authentic,doc_family_id_card_010_inst_00,doc_family_id_card_010,id_card,synthetic,none,0,"[0, 0, 0, 0]",0,0.0,data\synthetic\originals\doc_family_id_card_010_inst_00.png,data\train\images\syn_doc_family_id_card_010_inst_00_authentic.png,data\train\masks\syn_doc_family_id_card_010_inst_00_authentic.png,900,600,train,MIT
syn_doc_family_id_card_010_inst_00_v1_photo_replacement,doc_family_id_card_010_inst_00,doc_family_id_card_010,id_card,synthetic,photo_replacement,1,"[116, 214, 293, 370]",27612,5.1133,data\synthetic\originals\doc_family_id_card_010_inst_00.png,data\train\images\syn_doc_family_id_card_010_inst_00_v1_photo_replacement.png,data\train\masks\syn_doc_family_id_card_010_inst_00_v1_photo_replacement.png,900,600,train,MIT
syn_doc_family_id_card_010_inst_00_v2_stamp_seal_manipulation,doc_family_id_card_010_inst_00,doc_family_id_card_010,id_card,synthetic,stamp_seal_manipulation,1,"[333, 320, 478, 465]",3356,0.6215,data\synthetic\originals\doc_family_id_card_010_inst_00.png,data\train\images\syn_doc_family_id_card_010_inst_00_v2_stamp_seal_manipulation.png,data\train\masks\syn_doc_family_id_card_010_inst_00_v2_stamp_seal_manipulation.png,900,600,train,MIT
syn_doc_family_id_card_010_inst_00_v3_region_removal,doc_family_id_card_010_inst_00,doc_family_id_card_010,id_card,synthetic,region_removal,1,"[425, 293, 781, 357]",22784,4.2193,data\synthetic\originals\doc_family_id_card_010_inst_00.png,data\train\images\syn_doc_family_id_card_010_inst_00_v3_region_removal.png,data\train\masks\syn_doc_family_id_card_010_inst_00_v3_region_removal.png,900,600,train,MIT
syn_doc_family_id_card_010_inst_00_v4_local_inpainting,doc_family_id_card_010_inst_00,doc_family_id_card_010,id_card,synthetic,local_inpainting,1,"[558, 403, 769, 418]",3165,0.5861,data\synthetic\originals\doc_family_id_card_010_inst_00.png,data\train\images\syn_doc_family_id_card_010_inst_00_v4_local_inpainting.png,data\train\masks\syn_doc_family_id_card_010_inst_00_v4_local_inpainting.png,900,600,train,MIT
syn_doc_family_id_card_011_inst_00_authentic,doc_family_id_card_011_inst_00,doc_family_id_card_011,id_card,synthetic,none,0,"[0, 0, 0, 0]",0,0.0,data\synthetic\originals\doc_family_id_card_011_inst_00.png,data\test\images\syn_doc_family_id_card_011_inst_00_authentic.png,data\test\masks\syn_doc_family_id_card_011_inst_00_authentic.png,900,600,test,MIT
syn_doc_family_id_card_011_inst_00_v1_text_replacement,doc_family_id_card_011_inst_00,doc_family_id_card_011,id_card,synthetic,text_replacement,1,"[246, 416, 600, 447]",10974,2.0322,data\synthetic\originals\doc_family_id_card_011_inst_00.png,data\test\images\syn_doc_family_id_card_011_inst_00_v1_text_replacement.png,data\test\masks\syn_doc_family_id_card_011_inst_00_v1_text_replacement.png,900,600,test,MIT
syn_doc_family_id_card_011_inst_00_v2_number_amount_replacement,doc_family_id_card_011_inst_00,doc_family_id_card_011,id_card,synthetic,number_amount_replacement,1,"[646, 215, 788, 242]",3834,0.71,data\synthetic\originals\doc_family_id_card_011_inst_00.png,data\test\images\syn_doc_family_id_card_011_inst_00_v2_number_amount_replacement.png,data\test\masks\syn_doc_family_id_card_011_inst_00_v2_number_amount_replacement.png,900,600,test,MIT
syn_doc_family_id_card_011_inst_00_v3_date_replacement,doc_family_id_card_011_inst_00,doc_family_id_card_011,id_card,synthetic,date_replacement,1,"[558, 163, 709, 187]",3624,0.6711,data\synthetic\originals\doc_family_id_card_011_inst_00.png,data\test\images\syn_doc_family_id_card_011_inst_00_v3_date_replacement.png,data\test\masks\syn_doc_family_id_card_011_inst_00_v3_date_replacement.png,900,600,test,MIT
syn_doc_family_id_card_011_inst_00_v4_copy_move_intra,doc_family_id_card_011_inst_00,doc_family_id_card_011,id_card,synthetic,copy_move_intra,1,"[523, 485, 748, 527]",9450,1.75,data\synthetic\originals\doc_family_id_card_011_inst_00.png,data\test\images\syn_doc_family_id_card_011_inst_00_v4_copy_move_intra.png,data\test\masks\syn_doc_family_id_card_011_inst_00_v4_copy_move_intra.png,900,600,test,MIT
syn_doc_family_id_card_012_inst_00_authentic,doc_family_id_card_012_inst_00,doc_family_id_card_012,id_card,synthetic,none,0,"[0, 0, 0, 0]",0,0.0,data\synthetic\originals\doc_family_id_card_012_inst_00.png,data\train\images\syn_doc_family_id_card_012_inst_00_authentic.png,data\train\masks\syn_doc_family_id_card_012_inst_00_authentic.png,900,600,train,MIT
syn_doc_family_id_card_012_inst_00_v1_copy_paste_inter,doc_family_id_card_012_inst_00,doc_family_id_card_012,id_card,synthetic,copy_paste_inter,1,"[546, 397, 777, 439]",9702,1.7967,data\synthetic\originals\doc_family_id_card_012_inst_00.png,data\train\images\syn_doc_family_id_card_012_inst_00_v1_copy_paste_inter.png,data\train\masks\syn_doc_family_id_card_012_inst_00_v1_copy_paste_inter.png,900,600,train,MIT
syn_doc_family_id_card_012_inst_00_v2_signature_manipulation,doc_family_id_card_012_inst_00,doc_family_id_card_012,id_card,synthetic,signature_manipulation,1,"[527, 430, 824, 472]",12474,2.31,data\synthetic\originals\doc_family_id_card_012_inst_00.png,data\train\images\syn_doc_family_id_card_012_inst_00_v2_signature_manipulation.png,data\train\masks\syn_doc_family_id_card_012_inst_00_v2_signature_manipulation.png,900,600,train,MIT
syn_doc_family_id_card_012_inst_00_v3_photo_replacement,doc_family_id_card_012_inst_00,doc_family_id_card_012,id_card,synthetic,photo_replacement,1,"[273, 171, 491, 351]",39240,7.2667,data\synthetic\originals\doc_family_id_card_012_inst_00.png,data\train\images\syn_doc_family_id_card_012_inst_00_v3_photo_replacement.png,data\train\masks\syn_doc_family_id_card_012_inst_00_v3_photo_replacement.png,900,600,train,MIT
syn_doc_family_id_card_012_inst_00_v4_stamp_seal_manipulation,doc_family_id_card_012_inst_00,doc_family_id_card_012,id_card,synthetic,stamp_seal_manipulation,1,"[666, 314, 805, 453]",3063,0.5672,data\synthetic\originals\doc_family_id_card_012_inst_00.png,data\train\images\syn_doc_family_id_card_012_inst_00_v4_stamp_seal_manipulation.png,data\train\masks\syn_doc_family_id_card_012_inst_00_v4_stamp_seal_manipulation.png,900,600,train,MIT
syn_doc_family_id_card_013_inst_00_authentic,doc_family_id_card_013_inst_00,doc_family_id_card_013,id_card,synthetic,none,0,"[0, 0, 0, 0]",0,0.0,data\synthetic\originals\doc_family_id_card_013_inst_00.png,data\val\images\syn_doc_family_id_card_013_inst_00_authentic.png,data\val\masks\syn_doc_family_id_card_013_inst_00_authentic.png,900,600,val,MIT
syn_doc_family_id_card_013_inst_00_v1_region_removal,doc_family_id_card_013_inst_00,doc_family_id_card_013,id_card,synthetic,region_removal,1,"[296, 449, 571, 511]",17050,3.1574,data\synthetic\originals\doc_family_id_card_013_inst_00.png,data\val\images\syn_doc_family_id_card_013_inst_00_v1_region_removal.png,data\val\masks\syn_doc_family_id_card_013_inst_00_v1_region_removal.png,900,600,val,MIT
syn_doc_family_id_card_013_inst_00_v2_local_inpainting,doc_family_id_card_013_inst_00,doc_family_id_card_013,id_card,synthetic,local_inpainting,1,"[705, 457, 845, 482]",3500,0.6481,data\synthetic\originals\doc_family_id_card_013_inst_00.png,data\val\images\syn_doc_family_id_card_013_inst_00_v2_local_inpainting.png,data\val\masks\syn_doc_family_id_card_013_inst_00_v2_local_inpainting.png,900,600,val,MIT
syn_doc_family_id_card_013_inst_00_v3_text_replacement,doc_family_id_card_013_inst_00,doc_family_id_card_013,id_card,synthetic,text_replacement,1,"[271, 307, 576, 334]",8235,1.525,data\synthetic\originals\doc_family_id_card_013_inst_00.png,data\val\images\syn_doc_family_id_card_013_inst_00_v3_text_replacement.png,data\val\masks\syn_doc_family_id_card_013_inst_00_v3_text_replacement.png,900,600,val,MIT
syn_doc_family_id_card_013_inst_00_v4_number_amount_replacement,doc_family_id_card_013_inst_00,doc_family_id_card_013,id_card,synthetic,number_amount_replacement,1,"[456, 317, 622, 348]",5146,0.953,data\synthetic\originals\doc_family_id_card_013_inst_00.png,data\val\images\syn_doc_family_id_card_013_inst_00_v4_number_amount_replacement.png,data\val\masks\syn_doc_family_id_card_013_inst_00_v4_number_amount_replacement.png,900,600,val,MIT
syn_doc_family_id_card_014_inst_00_authentic,doc_family_id_card_014_inst_00,doc_family_id_card_014,id_card,synthetic,none,0,"[0, 0, 0, 0]",0,0.0,data\synthetic\originals\doc_family_id_card_014_inst_00.png,data\test\images\syn_doc_family_id_card_014_inst_00_authentic.png,data\test\masks\syn_doc_family_id_card_014_inst_00_authentic.png,900,600,test,MIT
syn_doc_family_id_card_014_inst_00_v1_date_replacement,doc_family_id_card_014_inst_00,doc_family_id_card_014,id_card,synthetic,date_replacement,1,"[641, 95, 790, 123]",4172,0.7726,data\synthetic\originals\doc_family_id_card_014_inst_00.png,data\test\images\syn_doc_family_id_card_014_inst_00_v1_date_replacement.png,data\test\masks\syn_doc_family_id_card_014_inst_00_v1_date_replacement.png,900,600,test,MIT
syn_doc_family_id_card_014_inst_00_v2_copy_move_intra,doc_family_id_card_014_inst_00,doc_family_id_card_014,id_card,synthetic,copy_move_intra,1,"[641, 336, 802, 361]",4025,0.7454,data\synthetic\originals\doc_family_id_card_014_inst_00.png,data\test\images\syn_doc_family_id_card_014_inst_00_v2_copy_move_intra.png,data\test\masks\syn_doc_family_id_card_014_inst_00_v2_copy_move_intra.png,900,600,test,MIT
syn_doc_family_id_card_014_inst_00_v3_copy_paste_inter,doc_family_id_card_014_inst_00,doc_family_id_card_014,id_card,synthetic,copy_paste_inter,1,"[78, 399, 350, 423]",6528,1.2089,data\synthetic\originals\doc_family_id_card_014_inst_00.png,data\test\images\syn_doc_family_id_card_014_inst_00_v3_copy_paste_inter.png,data\test\masks\syn_doc_family_id_card_014_inst_00_v3_copy_paste_inter.png,900,600,test,MIT
syn_doc_family_id_card_014_inst_00_v4_signature_manipulation,doc_family_id_card_014_inst_00,doc_family_id_card_014,id_card,synthetic,signature_manipulation,1,"[468, 449, 746, 503]",15012,2.78,data\synthetic\originals\doc_family_id_card_014_inst_00.png,data\test\images\syn_doc_family_id_card_014_inst_00_v4_signature_manipulation.png,data\test\masks\syn_doc_family_id_card_014_inst_00_v4_signature_manipulation.png,900,600,test,MIT
syn_doc_family_id_card_015_inst_00_authentic,doc_family_id_card_015_inst_00,doc_family_id_card_015,id_card,synthetic,none,0,"[0, 0, 0, 0]",0,0.0,data\synthetic\originals\doc_family_id_card_015_inst_00.png,data\train\images\syn_doc_family_id_card_015_inst_00_authentic.png,data\train\masks\syn_doc_family_id_card_015_inst_00_authentic.png,900,600,train,MIT
syn_doc_family_id_card_015_inst_00_v1_photo_replacement,doc_family_id_card_015_inst_00,doc_family_id_card_015,id_card,synthetic,photo_replacement,1,"[138, 240, 379, 409]",40729,7.5424,data\synthetic\originals\doc_family_id_card_015_inst_00.png,data\train\images\syn_doc_family_id_card_015_inst_00_v1_photo_replacement.png,data\train\masks\syn_doc_family_id_card_015_inst_00_v1_photo_replacement.png,900,600,train,MIT
syn_doc_family_id_card_015_inst_00_v2_stamp_seal_manipulation,doc_family_id_card_015_inst_00,doc_family_id_card_015,id_card,synthetic,stamp_seal_manipulation,1,"[559, 320, 700, 461]",3091,0.5724,data\synthetic\originals\doc_family_id_card_015_inst_00.png,data\train\images\syn_doc_family_id_card_015_inst_00_v2_stamp_seal_manipulation.png,data\train\masks\syn_doc_family_id_card_015_inst_00_v2_stamp_seal_manipulation.png,900,600,train,MIT
syn_doc_family_id_card_015_inst_00_v3_region_removal,doc_family_id_card_015_inst_00,doc_family_id_card_015,id_card,synthetic,region_removal,1,"[142, 468, 339, 532]",12608,2.3348,data\synthetic\originals\doc_family_id_card_015_inst_00.png,data\train\images\syn_doc_family_id_card_015_inst_00_v3_region_removal.png,data\train\masks\syn_doc_family_id_card_015_inst_00_v3_region_removal.png,900,600,train,MIT
syn_doc_family_id_card_015_inst_00_v4_local_inpainting,doc_family_id_card_015_inst_00,doc_family_id_card_015,id_card,synthetic,local_inpainting,1,"[505, 307, 681, 322]",2640,0.4889,data\synthetic\originals\doc_family_id_card_015_inst_00.png,data\train\images\syn_doc_family_id_card_015_inst_00_v4_local_inpainting.png,data\train\masks\syn_doc_family_id_card_015_inst_00_v4_local_inpainting.png,900,600,train,MIT
syn_doc_family_id_card_016_inst_00_authentic,doc_family_id_card_016_inst_00,doc_family_id_card_016,id_card,synthetic,none,0,"[0, 0, 0, 0]",0,0.0,data\synthetic\originals\doc_family_id_card_016_inst_00.png,data\train\images\syn_doc_family_id_card_016_inst_00_authentic.png,data\train\masks\syn_doc_family_id_card_016_inst_00_authentic.png,900,600,train,MIT
syn_doc_family_id_card_016_inst_00_v1_text_replacement,doc_family_id_card_016_inst_00,doc_family_id_card_016,id_card,synthetic,text_replacement,1,"[117, 279, 307, 297]",3420,0.6333,data\synthetic\originals\doc_family_id_card_016_inst_00.png,data\train\images\syn_doc_family_id_card_016_inst_00_v1_text_replacement.png,data\train\masks\syn_doc_family_id_card_016_inst_00_v1_text_replacement.png,900,600,train,MIT
syn_doc_family_id_card_016_inst_00_v2_number_amount_replacement,doc_family_id_card_016_inst_00,doc_family_id_card_016,id_card,synthetic,number_amount_replacement,1,"[496, 220, 730, 243]",5382,0.9967,data\synthetic\originals\doc_family_id_card_016_inst_00.png,data\train\images\syn_doc_family_id_card_016_inst_00_v2_number_amount_replacement.png,data\train\masks\syn_doc_family_id_card_016_inst_00_v2_number_amount_replacement.png,900,600,train,MIT
syn_doc_family_id_card_016_inst_00_v3_date_replacement,doc_family_id_card_016_inst_00,doc_family_id_card_016,id_card,synthetic,date_replacement,1,"[542, 158, 747, 184]",5330,0.987,data\synthetic\originals\doc_family_id_card_016_inst_00.png,data\train\images\syn_doc_family_id_card_016_inst_00_v3_date_replacement.png,data\train\masks\syn_doc_family_id_card_016_inst_00_v3_date_replacement.png,900,600,train,MIT
syn_doc_family_id_card_016_inst_00_v4_copy_move_intra,doc_family_id_card_016_inst_00,doc_family_id_card_016,id_card,synthetic,copy_move_intra,1,"[388, 278, 618, 321]",9890,1.8315,data\synthetic\originals\doc_family_id_card_016_inst_00.png,data\train\images\syn_doc_family_id_card_016_inst_00_v4_copy_move_intra.png,data\train\masks\syn_doc_family_id_card_016_inst_00_v4_copy_move_intra.png,900,600,train,MIT
syn_doc_family_id_card_017_inst_00_authentic,doc_family_id_card_017_inst_00,doc_family_id_card_017,id_card,synthetic,none,0,"[0, 0, 0, 0]",0,0.0,data\synthetic\originals\doc_family_id_card_017_inst_00.png,data\train\images\syn_doc_family_id_card_017_inst_00_authentic.png,data\train\masks\syn_doc_family_id_card_017_inst_00_authentic.png,900,600,train,MIT
syn_doc_family_id_card_017_inst_00_v1_copy_paste_inter,doc_family_id_card_017_inst_00,doc_family_id_card_017,id_card,synthetic,copy_paste_inter,1,"[468, 142, 666, 180]",7524,1.3933,data\synthetic\originals\doc_family_id_card_017_inst_00.png,data\train\images\syn_doc_family_id_card_017_inst_00_v1_copy_paste_inter.png,data\train\masks\syn_doc_family_id_card_017_inst_00_v1_copy_paste_inter.png,900,600,train,MIT
syn_doc_family_id_card_017_inst_00_v2_signature_manipulation,doc_family_id_card_017_inst_00,doc_family_id_card_017,id_card,synthetic,signature_manipulation,1,"[430, 461, 659, 509]",10992,2.0356,data\synthetic\originals\doc_family_id_card_017_inst_00.png,data\train\images\syn_doc_family_id_card_017_inst_00_v2_signature_manipulation.png,data\train\masks\syn_doc_family_id_card_017_inst_00_v2_signature_manipulation.png,900,600,train,MIT
syn_doc_family_id_card_017_inst_00_v3_photo_replacement,doc_family_id_card_017_inst_00,doc_family_id_card_017,id_card,synthetic,photo_replacement,1,"[141, 303, 350, 443]",29260,5.4185,data\synthetic\originals\doc_family_id_card_017_inst_00.png,data\train\images\syn_doc_family_id_card_017_inst_00_v3_photo_replacement.png,data\train\masks\syn_doc_family_id_card_017_inst_00_v3_photo_replacement.png,900,600,train,MIT
syn_doc_family_id_card_017_inst_00_v4_stamp_seal_manipulation,doc_family_id_card_017_inst_00,doc_family_id_card_017,id_card,synthetic,stamp_seal_manipulation,1,"[410, 295, 557, 442]",3431,0.6354,data\synthetic\originals\doc_family_id_card_017_inst_00.png,data\train\images\syn_doc_family_id_card_017_inst_00_v4_stamp_seal_manipulation.png,data\train\masks\syn_doc_family_id_card_017_inst_00_v4_stamp_seal_manipulation.png,900,600,train,MIT
syn_doc_family_id_card_018_inst_00_authentic,doc_family_id_card_018_inst_00,doc_family_id_card_018,id_card,synthetic,none,0,"[0, 0, 0, 0]",0,0.0,data\synthetic\originals\doc_family_id_card_018_inst_00.png,data\train\images\syn_doc_family_id_card_018_inst_00_authentic.png,data\train\masks\syn_doc_family_id_card_018_inst_00_authentic.png,900,600,train,MIT
syn_doc_family_id_card_018_inst_00_v1_region_removal,doc_family_id_card_018_inst_00,doc_family_id_card_018,id_card,synthetic,region_removal,1,"[93, 490, 378, 542]",14820,2.7444,data\synthetic\originals\doc_family_id_card_018_inst_00.png,data\train\images\syn_doc_family_id_card_018_inst_00_v1_region_removal.png,data\train\masks\syn_doc_family_id_card_018_inst_00_v1_region_removal.png,900,600,train,MIT
syn_doc_family_id_card_018_inst_00_v2_local_inpainting,doc_family_id_card_018_inst_00,doc_family_id_card_018,id_card,synthetic,local_inpainting,1,"[134, 452, 339, 481]",5945,1.1009,data\synthetic\originals\doc_family_id_card_018_inst_00.png,data\train\images\syn_doc_family_id_card_018_inst_00_v2_local_inpainting.png,data\train\masks\syn_doc_family_id_card_018_inst_00_v2_local_inpainting.png,900,600,train,MIT
syn_doc_family_id_card_018_inst_00_v3_text_replacement,doc_family_id_card_018_inst_00,doc_family_id_card_018,id_card,synthetic,text_replacement,1,"[308, 179, 493, 206]",4995,0.925,data\synthetic\originals\doc_family_id_card_018_inst_00.png,data\train\images\syn_doc_family_id_card_018_inst_00_v3_text_replacement.png,data\train\masks\syn_doc_family_id_card_018_inst_00_v3_text_replacement.png,900,600,train,MIT
syn_doc_family_id_card_018_inst_00_v4_number_amount_replacement,doc_family_id_card_018_inst_00,doc_family_id_card_018,id_card,synthetic,number_amount_replacement,1,"[645, 425, 856, 444]",4009,0.7424,data\synthetic\originals\doc_family_id_card_018_inst_00.png,data\train\images\syn_doc_family_id_card_018_inst_00_v4_number_amount_replacement.png,data\train\masks\syn_doc_family_id_card_018_inst_00_v4_number_amount_replacement.png,900,600,train,MIT
syn_doc_family_id_card_019_inst_00_authentic,doc_family_id_card_019_inst_00,doc_family_id_card_019,id_card,synthetic,none,0,"[0, 0, 0, 0]",0,0.0,data\synthetic\originals\doc_family_id_card_019_inst_00.png,data\train\images\syn_doc_family_id_card_019_inst_00_authentic.png,data\train\masks\syn_doc_family_id_card_019_inst_00_authentic.png,900,600,train,MIT
syn_doc_family_id_card_019_inst_00_v1_date_replacement,doc_family_id_card_019_inst_00,doc_family_id_card_019,id_card,synthetic,date_replacement,1,"[502, 166, 650, 195]",4292,0.7948,data\synthetic\originals\doc_family_id_card_019_inst_00.png,data\train\images\syn_doc_family_id_card_019_inst_00_v1_date_replacement.png,data\train\masks\syn_doc_family_id_card_019_inst_00_v1_date_replacement.png,900,600,train,MIT
syn_doc_family_id_card_019_inst_00_v2_copy_move_intra,doc_family_id_card_019_inst_00,doc_family_id_card_019,id_card,synthetic,copy_move_intra,1,"[509, 137, 765, 176]",9984,1.8489,data\synthetic\originals\doc_family_id_card_019_inst_00.png,data\train\images\syn_doc_family_id_card_019_inst_00_v2_copy_move_intra.png,data\train\masks\syn_doc_family_id_card_019_inst_00_v2_copy_move_intra.png,900,600,train,MIT
syn_doc_family_id_card_019_inst_00_v3_copy_paste_inter,doc_family_id_card_019_inst_00,doc_family_id_card_019,id_card,synthetic,copy_paste_inter,1,"[111, 160, 398, 186]",7462,1.3819,data\synthetic\originals\doc_family_id_card_019_inst_00.png,data\train\images\syn_doc_family_id_card_019_inst_00_v3_copy_paste_inter.png,data\train\masks\syn_doc_family_id_card_019_inst_00_v3_copy_paste_inter.png,900,600,train,MIT
syn_doc_family_id_card_019_inst_00_v4_signature_manipulation,doc_family_id_card_019_inst_00,doc_family_id_card_019,id_card,synthetic,signature_manipulation,1,"[210, 457, 550, 487]",10200,1.8889,data\synthetic\originals\doc_family_id_card_019_inst_00.png,data\train\images\syn_doc_family_id_card_019_inst_00_v4_signature_manipulation.png,data\train\masks\syn_doc_family_id_card_019_inst_00_v4_signature_manipulation.png,900,600,train,MIT
syn_doc_family_id_card_020_inst_00_authentic,doc_family_id_card_020_inst_00,doc_family_id_card_020,id_card,synthetic,none,0,"[0, 0, 0, 0]",0,0.0,data\synthetic\originals\doc_family_id_card_020_inst_00.png,data\val\images\syn_doc_family_id_card_020_inst_00_authentic.png,data\val\masks\syn_doc_family_id_card_020_inst_00_authentic.png,900,600,val,MIT
syn_doc_family_id_card_020_inst_00_v1_photo_replacement,doc_family_id_card_020_inst_00,doc_family_id_card_020,id_card,synthetic,photo_replacement,1,"[82, 221, 278, 376]",30380,5.6259,data\synthetic\originals\doc_family_id_card_020_inst_00.png,data\val\images\syn_doc_family_id_card_020_inst_00_v1_photo_replacement.png,data\val\masks\syn_doc_family_id_card_020_inst_00_v1_photo_replacement.png,900,600,val,MIT
syn_doc_family_id_card_020_inst_00_v2_stamp_seal_manipulation,doc_family_id_card_020_inst_00,doc_family_id_card_020,id_card,synthetic,stamp_seal_manipulation,1,"[566, 391, 690, 515]",2681,0.4965,data\synthetic\originals\doc_family_id_card_020_inst_00.png,data\val\images\syn_doc_family_id_card_020_inst_00_v2_stamp_seal_manipulation.png,data\val\masks\syn_doc_family_id_card_020_inst_00_v2_stamp_seal_manipulation.png,900,600,val,MIT
syn_doc_family_id_card_020_inst_00_v3_region_removal,doc_family_id_card_020_inst_00,doc_family_id_card_020,id_card,synthetic,region_removal,1,"[415, 497, 763, 557]",20880,3.8667,data\synthetic\originals\doc_family_id_card_020_inst_00.png,data\val\images\syn_doc_family_id_card_020_inst_00_v3_region_removal.png,data\val\masks\syn_doc_family_id_card_020_inst_00_v3_region_removal.png,900,600,val,MIT
syn_doc_family_id_card_020_inst_00_v4_local_inpainting,doc_family_id_card_020_inst_00,doc_family_id_card_020,id_card,synthetic,local_inpainting,1,"[203, 298, 366, 322]",3912,0.7244,data\synthetic\originals\doc_family_id_card_020_inst_00.png,data\val\images\syn_doc_family_id_card_020_inst_00_v4_local_inpainting.png,data\val\masks\syn_doc_family_id_card_020_inst_00_v4_local_inpainting.png,900,600,val,MIT
syn_doc_family_id_card_021_inst_00_authentic,doc_family_id_card_021_inst_00,doc_family_id_card_021,id_card,synthetic,none,0,"[0, 0, 0, 0]",0,0.0,data\synthetic\originals\doc_family_id_card_021_inst_00.png,data\train\images\syn_doc_family_id_card_021_inst_00_authentic.png,data\train\masks\syn_doc_family_id_card_021_inst_00_authentic.png,900,600,train,MIT
syn_doc_family_id_card_021_inst_00_v1_text_replacement,doc_family_id_card_021_inst_00,doc_family_id_card_021,id_card,synthetic,text_replacement,1,"[545, 221, 770, 240]",4275,0.7917,data\synthetic\originals\doc_family_id_card_021_inst_00.png,data\train\images\syn_doc_family_id_card_021_inst_00_v1_text_replacement.png,data\train\masks\syn_doc_family_id_card_021_inst_00_v1_text_replacement.png,900,600,train,MIT
syn_doc_family_id_card_021_inst_00_v2_number_amount_replacement,doc_family_id_card_021_inst_00,doc_family_id_card_021,id_card,synthetic,number_amount_replacement,1,"[611, 420, 843, 447]",6264,1.16,data\synthetic\originals\doc_family_id_card_021_inst_00.png,data\train\images\syn_doc_family_id_card_021_inst_00_v2_number_amount_replacement.png,data\train\masks\syn_doc_family_id_card_021_inst_00_v2_number_amount_replacement.png,900,600,train,MIT
syn_doc_family_id_card_021_inst_00_v3_date_replacement,doc_family_id_card_021_inst_00,doc_family_id_card_021,id_card,synthetic,date_replacement,1,"[489, 167, 642, 197]",4590,0.85,data\synthetic\originals\doc_family_id_card_021_inst_00.png,data\train\images\syn_doc_family_id_card_021_inst_00_v3_date_replacement.png,data\train\masks\syn_doc_family_id_card_021_inst_00_v3_date_replacement.png,900,600,train,MIT
syn_doc_family_id_card_021_inst_00_v4_copy_move_intra,doc_family_id_card_021_inst_00,doc_family_id_card_021,id_card,synthetic,copy_move_intra,1,"[369, 146, 611, 190]",10648,1.9719,data\synthetic\originals\doc_family_id_card_021_inst_00.png,data\train\images\syn_doc_family_id_card_021_inst_00_v4_copy_move_intra.png,data\train\masks\syn_doc_family_id_card_021_inst_00_v4_copy_move_intra.png,900,600,train,MIT
syn_doc_family_id_card_022_inst_00_authentic,doc_family_id_card_022_inst_00,doc_family_id_card_022,id_card,synthetic,none,0,"[0, 0, 0, 0]",0,0.0,data\synthetic\originals\doc_family_id_card_022_inst_00.png,data\train\images\syn_doc_family_id_card_022_inst_00_authentic.png,data\train\masks\syn_doc_family_id_card_022_inst_00_authentic.png,900,600,train,MIT
syn_doc_family_id_card_022_inst_00_v1_copy_paste_inter,doc_family_id_card_022_inst_00,doc_family_id_card_022,id_card,synthetic,copy_paste_inter,1,"[53, 354, 308, 396]",10710,1.9833,data\synthetic\originals\doc_family_id_card_022_inst_00.png,data\train\images\syn_doc_family_id_card_022_inst_00_v1_copy_paste_inter.png,data\train\masks\syn_doc_family_id_card_022_inst_00_v1_copy_paste_inter.png,900,600,train,MIT
syn_doc_family_id_card_022_inst_00_v2_signature_manipulation,doc_family_id_card_022_inst_00,doc_family_id_card_022,id_card,synthetic,signature_manipulation,1,"[51, 515, 340, 556]",11849,2.1943,data\synthetic\originals\doc_family_id_card_022_inst_00.png,data\train\images\syn_doc_family_id_card_022_inst_00_v2_signature_manipulation.png,data\train\masks\syn_doc_family_id_card_022_inst_00_v2_signature_manipulation.png,900,600,train,MIT
syn_doc_family_id_card_022_inst_00_v3_photo_replacement,doc_family_id_card_022_inst_00,doc_family_id_card_022,id_card,synthetic,photo_replacement,1,"[275, 274, 488, 469]",41535,7.6917,data\synthetic\originals\doc_family_id_card_022_inst_00.png,data\train\images\syn_doc_family_id_card_022_inst_00_v3_photo_replacement.png,data\train\masks\syn_doc_family_id_card_022_inst_00_v3_photo_replacement.png,900,600,train,MIT
syn_doc_family_id_card_022_inst_00_v4_stamp_seal_manipulation,doc_family_id_card_022_inst_00,doc_family_id_card_022,id_card,synthetic,stamp_seal_manipulation,1,"[558, 288, 683, 413]",2706,0.5011,data\synthetic\originals\doc_family_id_card_022_inst_00.png,data\train\images\syn_doc_family_id_card_022_inst_00_v4_stamp_seal_manipulation.png,data\train\masks\syn_doc_family_id_card_022_inst_00_v4_stamp_seal_manipulation.png,900,600,train,MIT
syn_doc_family_id_card_023_inst_00_authentic,doc_family_id_card_023_inst_00,doc_family_id_card_023,id_card,synthetic,none,0,"[0, 0, 0, 0]",0,0.0,data\synthetic\originals\doc_family_id_card_023_inst_00.png,data\train\images\syn_doc_family_id_card_023_inst_00_authentic.png,data\train\masks\syn_doc_family_id_card_023_inst_00_authentic.png,900,600,train,MIT
syn_doc_family_id_card_023_inst_00_v1_region_removal,doc_family_id_card_023_inst_00,doc_family_id_card_023,id_card,synthetic,region_removal,1,"[477, 497, 691, 540]",9202,1.7041,data\synthetic\originals\doc_family_id_card_023_inst_00.png,data\train\images\syn_doc_family_id_card_023_inst_00_v1_region_removal.png,data\train\masks\syn_doc_family_id_card_023_inst_00_v1_region_removal.png,900,600,train,MIT
syn_doc_family_id_card_023_inst_00_v2_local_inpainting,doc_family_id_card_023_inst_00,doc_family_id_card_023,id_card,synthetic,local_inpainting,1,"[630, 332, 802, 365]",5676,1.0511,data\synthetic\originals\doc_family_id_card_023_inst_00.png,data\train\images\syn_doc_family_id_card_023_inst_00_v2_local_inpainting.png,data\train\masks\syn_doc_family_id_card_023_inst_00_v2_local_inpainting.png,900,600,train,MIT
syn_doc_family_id_card_023_inst_00_v3_text_replacement,doc_family_id_card_023_inst_00,doc_family_id_card_023,id_card,synthetic,text_replacement,1,"[453, 217, 743, 251]",9860,1.8259,data\synthetic\originals\doc_family_id_card_023_inst_00.png,data\train\images\syn_doc_family_id_card_023_inst_00_v3_text_replacement.png,data\train\masks\syn_doc_family_id_card_023_inst_00_v3_text_replacement.png,900,600,train,MIT
syn_doc_family_id_card_023_inst_00_v4_number_amount_replacement,doc_family_id_card_023_inst_00,doc_family_id_card_023,id_card,synthetic,number_amount_replacement,1,"[600, 331, 807, 358]",5589,1.035,data\synthetic\originals\doc_family_id_card_023_inst_00.png,data\train\images\syn_doc_family_id_card_023_inst_00_v4_number_amount_replacement.png,data\train\masks\syn_doc_family_id_card_023_inst_00_v4_number_amount_replacement.png,900,600,train,MIT
syn_doc_family_id_card_024_inst_00_authentic,doc_family_id_card_024_inst_00,doc_family_id_card_024,id_card,synthetic,none,0,"[0, 0, 0, 0]",0,0.0,data\synthetic\originals\doc_family_id_card_024_inst_00.png,data\val\images\syn_doc_family_id_card_024_inst_00_authentic.png,data\val\masks\syn_doc_family_id_card_024_inst_00_authentic.png,900,600,val,MIT
syn_doc_family_id_card_024_inst_00_v1_date_replacement,doc_family_id_card_024_inst_00,doc_family_id_card_024,id_card,synthetic,date_replacement,1,"[360, 106, 512, 126]",3040,0.563,data\synthetic\originals\doc_family_id_card_024_inst_00.png,data\val\images\syn_doc_family_id_card_024_inst_00_v1_date_replacement.png,data\val\masks\syn_doc_family_id_card_024_inst_00_v1_date_replacement.png,900,600,val,MIT
syn_doc_family_id_card_024_inst_00_v2_copy_move_intra,doc_family_id_card_024_inst_00,doc_family_id_card_024,id_card,synthetic,copy_move_intra,1,"[207, 236, 456, 261]",6225,1.1528,data\synthetic\originals\doc_family_id_card_024_inst_00.png,data\val\images\syn_doc_family_id_card_024_inst_00_v2_copy_move_intra.png,data\val\masks\syn_doc_family_id_card_024_inst_00_v2_copy_move_intra.png,900,600,val,MIT
syn_doc_family_id_card_024_inst_00_v3_copy_paste_inter,doc_family_id_card_024_inst_00,doc_family_id_card_024,id_card,synthetic,copy_paste_inter,1,"[486, 362, 715, 394]",7328,1.357,data\synthetic\originals\doc_family_id_card_024_inst_00.png,data\val\images\syn_doc_family_id_card_024_inst_00_v3_copy_paste_inter.png,data\val\masks\syn_doc_family_id_card_024_inst_00_v3_copy_paste_inter.png,900,600,val,MIT
syn_doc_family_id_card_024_inst_00_v4_signature_manipulation,doc_family_id_card_024_inst_00,doc_family_id_card_024,id_card,synthetic,signature_manipulation,1,"[441, 394, 676, 445]",11985,2.2194,data\synthetic\originals\doc_family_id_card_024_inst_00.png,data\val\images\syn_doc_family_id_card_024_inst_00_v4_signature_manipulation.png,data\val\masks\syn_doc_family_id_card_024_inst_00_v4_signature_manipulation.png,900,600,val,MIT
syn_doc_family_id_card_025_inst_00_authentic,doc_family_id_card_025_inst_00,doc_family_id_card_025,id_card,synthetic,none,0,"[0, 0, 0, 0]",0,0.0,data\synthetic\originals\doc_family_id_card_025_inst_00.png,data\train\images\syn_doc_family_id_card_025_inst_00_authentic.png,data\train\masks\syn_doc_family_id_card_025_inst_00_authentic.png,900,600,train,MIT
syn_doc_family_id_card_025_inst_00_v1_photo_replacement,doc_family_id_card_025_inst_00,doc_family_id_card_025,id_card,synthetic,photo_replacement,1,"[97, 152, 284, 342]",35530,6.5796,data\synthetic\originals\doc_family_id_card_025_inst_00.png,data\train\images\syn_doc_family_id_card_025_inst_00_v1_photo_replacement.png,data\train\masks\syn_doc_family_id_card_025_inst_00_v1_photo_replacement.png,900,600,train,MIT
syn_doc_family_id_card_025_inst_00_v2_stamp_seal_manipulation,doc_family_id_card_025_inst_00,doc_family_id_card_025,id_card,synthetic,stamp_seal_manipulation,1,"[486, 243, 602, 359]",2364,0.4378,data\synthetic\originals\doc_family_id_card_025_inst_00.png,data\train\images\syn_doc_family_id_card_025_inst_00_v2_stamp_seal_manipulation.png,data\train\masks\syn_doc_family_id_card_025_inst_00_v2_stamp_seal_manipulation.png,900,600,train,MIT
syn_doc_family_id_card_025_inst_00_v3_region_removal,doc_family_id_card_025_inst_00,doc_family_id_card_025,id_card,synthetic,region_removal,1,"[366, 245, 552, 275]",5580,1.0333,data\synthetic\originals\doc_family_id_card_025_inst_00.png,data\train\images\syn_doc_family_id_card_025_inst_00_v3_region_removal.png,data\train\masks\syn_doc_family_id_card_025_inst_00_v3_region_removal.png,900,600,train,MIT
syn_doc_family_id_card_025_inst_00_v4_local_inpainting,doc_family_id_card_025_inst_00,doc_family_id_card_025,id_card,synthetic,local_inpainting,1,"[444, 141, 688, 156]",3660,0.6778,data\synthetic\originals\doc_family_id_card_025_inst_00.png,data\train\images\syn_doc_family_id_card_025_inst_00_v4_local_inpainting.png,data\train\masks\syn_doc_family_id_card_025_inst_00_v4_local_inpainting.png,900,600,train,MIT
syn_doc_family_id_card_026_inst_00_authentic,doc_family_id_card_026_inst_00,doc_family_id_card_026,id_card,synthetic,none,0,"[0, 0, 0, 0]",0,0.0,data\synthetic\originals\doc_family_id_card_026_inst_00.png,data\train\images\syn_doc_family_id_card_026_inst_00_authentic.png,data\train\masks\syn_doc_family_id_card_026_inst_00_authentic.png,900,600,train,MIT
syn_doc_family_id_card_026_inst_00_v1_text_replacement,doc_family_id_card_026_inst_00,doc_family_id_card_026,id_card,synthetic,text_replacement,1,"[600, 324, 825, 343]",4275,0.7917,data\synthetic\originals\doc_family_id_card_026_inst_00.png,data\train\images\syn_doc_family_id_card_026_inst_00_v1_text_replacement.png,data\train\masks\syn_doc_family_id_card_026_inst_00_v1_text_replacement.png,900,600,train,MIT
syn_doc_family_id_card_026_inst_00_v2_number_amount_replacement,doc_family_id_card_026_inst_00,doc_family_id_card_026,id_card,synthetic,number_amount_replacement,1,"[629, 459, 812, 479]",3660,0.6778,data\synthetic\originals\doc_family_id_card_026_inst_00.png,data\train\images\syn_doc_family_id_card_026_inst_00_v2_number_amount_replacement.png,data\train\masks\syn_doc_family_id_card_026_inst_00_v2_number_amount_replacement.png,900,600,train,MIT
syn_doc_family_id_card_026_inst_00_v3_date_replacement,doc_family_id_card_026_inst_00,doc_family_id_card_026,id_card,synthetic,date_replacement,1,"[424, 167, 603, 189]",3938,0.7293,data\synthetic\originals\doc_family_id_card_026_inst_00.png,data\train\images\syn_doc_family_id_card_026_inst_00_v3_date_replacement.png,data\train\masks\syn_doc_family_id_card_026_inst_00_v3_date_replacement.png,900,600,train,MIT
syn_doc_family_id_card_026_inst_00_v4_copy_move_intra,doc_family_id_card_026_inst_00,doc_family_id_card_026,id_card,synthetic,copy_move_intra,1,"[329, 253, 544, 283]",6450,1.1944,data\synthetic\originals\doc_family_id_card_026_inst_00.png,data\train\images\syn_doc_family_id_card_026_inst_00_v4_copy_move_intra.png,data\train\masks\syn_doc_family_id_card_026_inst_00_v4_copy_move_intra.png,900,600,train,MIT
syn_doc_family_id_card_027_inst_00_authentic,doc_family_id_card_027_inst_00,doc_family_id_card_027,id_card,synthetic,none,0,"[0, 0, 0, 0]",0,0.0,data\synthetic\originals\doc_family_id_card_027_inst_00.png,data\train\images\syn_doc_family_id_card_027_inst_00_authentic.png,data\train\masks\syn_doc_family_id_card_027_inst_00_authentic.png,900,600,train,MIT
syn_doc_family_id_card_027_inst_00_v1_copy_paste_inter,doc_family_id_card_027_inst_00,doc_family_id_card_027,id_card,synthetic,copy_paste_inter,1,"[86, 393, 399, 422]",9077,1.6809,data\synthetic\originals\doc_family_id_card_027_inst_00.png,data\train\images\syn_doc_family_id_card_027_inst_00_v1_copy_paste_inter.png,data\train\masks\syn_doc_family_id_card_027_inst_00_v1_copy_paste_inter.png,900,600,train,MIT
syn_doc_family_id_card_027_inst_00_v2_signature_manipulation,doc_family_id_card_027_inst_00,doc_family_id_card_027,id_card,synthetic,signature_manipulation,1,"[114, 462, 452, 519]",19266,3.5678,data\synthetic\originals\doc_family_id_card_027_inst_00.png,data\train\images\syn_doc_family_id_card_027_inst_00_v2_signature_manipulation.png,data\train\masks\syn_doc_family_id_card_027_inst_00_v2_signature_manipulation.png,900,600,train,MIT
syn_doc_family_id_card_027_inst_00_v3_photo_replacement,doc_family_id_card_027_inst_00,doc_family_id_card_027,id_card,synthetic,photo_replacement,1,"[198, 118, 373, 310]",33600,6.2222,data\synthetic\originals\doc_family_id_card_027_inst_00.png,data\train\images\syn_doc_family_id_card_027_inst_00_v3_photo_replacement.png,data\train\masks\syn_doc_family_id_card_027_inst_00_v3_photo_replacement.png,900,600,train,MIT
syn_doc_family_id_card_027_inst_00_v4_stamp_seal_manipulation,doc_family_id_card_027_inst_00,doc_family_id_card_027,id_card,synthetic,stamp_seal_manipulation,1,"[579, 353, 724, 498]",3356,0.6215,data\synthetic\originals\doc_family_id_card_027_inst_00.png,data\train\images\syn_doc_family_id_card_027_inst_00_v4_stamp_seal_manipulation.png,data\train\masks\syn_doc_family_id_card_027_inst_00_v4_stamp_seal_manipulation.png,900,600,train,MIT
syn_doc_family_id_card_028_inst_00_authentic,doc_family_id_card_028_inst_00,doc_family_id_card_028,id_card,synthetic,none,0,"[0, 0, 0, 0]",0,0.0,data\synthetic\originals\doc_family_id_card_028_inst_00.png,data\val\images\syn_doc_family_id_card_028_inst_00_authentic.png,data\val\masks\syn_doc_family_id_card_028_inst_00_authentic.png,900,600,val,MIT
syn_doc_family_id_card_028_inst_00_v1_region_removal,doc_family_id_card_028_inst_00,doc_family_id_card_028,id_card,synthetic,region_removal,1,"[198, 501, 590, 561]",23520,4.3556,data\synthetic\originals\doc_family_id_card_028_inst_00.png,data\val\images\syn_doc_family_id_card_028_inst_00_v1_region_removal.png,data\val\masks\syn_doc_family_id_card_028_inst_00_v1_region_removal.png,900,600,val,MIT
syn_doc_family_id_card_028_inst_00_v2_local_inpainting,doc_family_id_card_028_inst_00,doc_family_id_card_028,id_card,synthetic,local_inpainting,1,"[461, 419, 605, 435]",2304,0.4267,data\synthetic\originals\doc_family_id_card_028_inst_00.png,data\val\images\syn_doc_family_id_card_028_inst_00_v2_local_inpainting.png,data\val\masks\syn_doc_family_id_card_028_inst_00_v2_local_inpainting.png,900,600,val,MIT
syn_doc_family_id_card_028_inst_00_v3_text_replacement,doc_family_id_card_028_inst_00,doc_family_id_card_028,id_card,synthetic,text_replacement,1,"[303, 172, 565, 195]",6026,1.1159,data\synthetic\originals\doc_family_id_card_028_inst_00.png,data\val\images\syn_doc_family_id_card_028_inst_00_v3_text_replacement.png,data\val\masks\syn_doc_family_id_card_028_inst_00_v3_text_replacement.png,900,600,val,MIT
syn_doc_family_id_card_028_inst_00_v4_number_amount_replacement,doc_family_id_card_028_inst_00,doc_family_id_card_028,id_card,synthetic,number_amount_replacement,1,"[606, 270, 763, 301]",4867,0.9013,data\synthetic\originals\doc_family_id_card_028_inst_00.png,data\val\images\syn_doc_family_id_card_028_inst_00_v4_number_amount_replacement.png,data\val\masks\syn_doc_family_id_card_028_inst_00_v4_number_amount_replacement.png,900,600,val,MIT
syn_doc_family_id_card_029_inst_00_authentic,doc_family_id_card_029_inst_00,doc_family_id_card_029,id_card,synthetic,none,0,"[0, 0, 0, 0]",0,0.0,data\synthetic\originals\doc_family_id_card_029_inst_00.png,data\train\images\syn_doc_family_id_card_029_inst_00_authentic.png,data\train\masks\syn_doc_family_id_card_029_inst_00_authentic.png,900,600,train,MIT
syn_doc_family_id_card_029_inst_00_v1_date_replacement,doc_family_id_card_029_inst_00,doc_family_id_card_029,id_card,synthetic,date_replacement,1,"[555, 179, 730, 203]",4200,0.7778,data\synthetic\originals\doc_family_id_card_029_inst_00.png,data\train\images\syn_doc_family_id_card_029_inst_00_v1_date_replacement.png,data\train\masks\syn_doc_family_id_card_029_inst_00_v1_date_replacement.png,900,600,train,MIT
syn_doc_family_id_card_029_inst_00_v2_copy_move_intra,doc_family_id_card_029_inst_00,doc_family_id_card_029,id_card,synthetic,copy_move_intra,1,"[456, 118, 601, 139]",3045,0.5639,data\synthetic\originals\doc_family_id_card_029_inst_00.png,data\train\images\syn_doc_family_id_card_029_inst_00_v2_copy_move_intra.png,data\train\masks\syn_doc_family_id_card_029_inst_00_v2_copy_move_intra.png,900,600,train,MIT
syn_doc_family_id_card_029_inst_00_v3_copy_paste_inter,doc_family_id_card_029_inst_00,doc_family_id_card_029,id_card,synthetic,copy_paste_inter,1,"[239, 193, 402, 241]",7824,1.4489,data\synthetic\originals\doc_family_id_card_029_inst_00.png,data\train\images\syn_doc_family_id_card_029_inst_00_v3_copy_paste_inter.png,data\train\masks\syn_doc_family_id_card_029_inst_00_v3_copy_paste_inter.png,900,600,train,MIT
syn_doc_family_id_card_029_inst_00_v4_signature_manipulation,doc_family_id_card_029_inst_00,doc_family_id_card_029,id_card,synthetic,signature_manipulation,1,"[582, 436, 831, 481]",11205,2.075,data\synthetic\originals\doc_family_id_card_029_inst_00.png,data\train\images\syn_doc_family_id_card_029_inst_00_v4_signature_manipulation.png,data\train\masks\syn_doc_family_id_card_029_inst_00_v4_signature_manipulation.png,900,600,train,MIT
syn_doc_family_id_card_030_inst_00_authentic,doc_family_id_card_030_inst_00,doc_family_id_card_030,id_card,synthetic,none,0,"[0, 0, 0, 0]",0,0.0,data\synthetic\originals\doc_family_id_card_030_inst_00.png,data\val\images\syn_doc_family_id_card_030_inst_00_authentic.png,data\val\masks\syn_doc_family_id_card_030_inst_00_authentic.png,900,600,val,MIT
syn_doc_family_id_card_030_inst_00_v1_photo_replacement,doc_family_id_card_030_inst_00,doc_family_id_card_030,id_card,synthetic,photo_replacement,1,"[270, 116, 450, 264]",26640,4.9333,data\synthetic\originals\doc_family_id_card_030_inst_00.png,data\val\images\syn_doc_family_id_card_030_inst_00_v1_photo_replacement.png,data\val\masks\syn_doc_family_id_card_030_inst_00_v1_photo_replacement.png,900,600,val,MIT
syn_doc_family_id_card_030_inst_00_v2_stamp_seal_manipulation,doc_family_id_card_030_inst_00,doc_family_id_card_030,id_card,synthetic,stamp_seal_manipulation,1,"[585, 444, 700, 559]",2352,0.4356,data\synthetic\originals\doc_family_id_card_030_inst_00.png,data\val\images\syn_doc_family_id_card_030_inst_00_v2_stamp_seal_manipulation.png,data\val\masks\syn_doc_family_id_card_030_inst_00_v2_stamp_seal_manipulation.png,900,600,val,MIT
syn_doc_family_id_card_030_inst_00_v3_region_removal,doc_family_id_card_030_inst_00,doc_family_id_card_030,id_card,synthetic,region_removal,1,"[330, 316, 659, 365]",16121,2.9854,data\synthetic\originals\doc_family_id_card_030_inst_00.png,data\val\images\syn_doc_family_id_card_030_inst_00_v3_region_removal.png,data\val\masks\syn_doc_family_id_card_030_inst_00_v3_region_removal.png,900,600,val,MIT
syn_doc_family_id_card_030_inst_00_v4_local_inpainting,doc_family_id_card_030_inst_00,doc_family_id_card_030,id_card,synthetic,local_inpainting,1,"[647, 169, 803, 190]",3276,0.6067,data\synthetic\originals\doc_family_id_card_030_inst_00.png,data\val\images\syn_doc_family_id_card_030_inst_00_v4_local_inpainting.png,data\val\masks\syn_doc_family_id_card_030_inst_00_v4_local_inpainting.png,900,600,val,MIT
syn_doc_family_certificate_001_inst_00_authentic,doc_family_certificate_001_inst_00,doc_family_certificate_001,certificate,synthetic,none,0,"[0, 0, 0, 0]",0,0.0,data\synthetic\originals\doc_family_certificate_001_inst_00.png,data\train\images\syn_doc_family_certificate_001_inst_00_authentic.png,data\train\masks\syn_doc_family_certificate_001_inst_00_authentic.png,950,700,train,MIT
syn_doc_family_certificate_001_inst_00_v1_text_replacement,doc_family_certificate_001_inst_00,doc_family_certificate_001,certificate,synthetic,text_replacement,1,"[154, 288, 440, 321]",9438,1.4192,data\synthetic\originals\doc_family_certificate_001_inst_00.png,data\train\images\syn_doc_family_certificate_001_inst_00_v1_text_replacement.png,data\train\masks\syn_doc_family_certificate_001_inst_00_v1_text_replacement.png,950,700,train,MIT
syn_doc_family_certificate_001_inst_00_v2_number_amount_replacement,doc_family_certificate_001_inst_00,doc_family_certificate_001,certificate,synthetic,number_amount_replacement,1,"[428, 294, 659, 324]",6930,1.0421,data\synthetic\originals\doc_family_certificate_001_inst_00.png,data\train\images\syn_doc_family_certificate_001_inst_00_v2_number_amount_replacement.png,data\train\masks\syn_doc_family_certificate_001_inst_00_v2_number_amount_replacement.png,950,700,train,MIT
syn_doc_family_certificate_001_inst_00_v3_date_replacement,doc_family_certificate_001_inst_00,doc_family_certificate_001,certificate,synthetic,date_replacement,1,"[645, 113, 868, 138]",5575,0.8383,data\synthetic\originals\doc_family_certificate_001_inst_00.png,data\train\images\syn_doc_family_certificate_001_inst_00_v3_date_replacement.png,data\train\masks\syn_doc_family_certificate_001_inst_00_v3_date_replacement.png,950,700,train,MIT
syn_doc_family_certificate_001_inst_00_v4_copy_move_intra,doc_family_certificate_001_inst_00,doc_family_certificate_001,certificate,synthetic,copy_move_intra,1,"[546, 202, 749, 264]",12586,1.8926,data\synthetic\originals\doc_family_certificate_001_inst_00.png,data\train\images\syn_doc_family_certificate_001_inst_00_v4_copy_move_intra.png,data\train\masks\syn_doc_family_certificate_001_inst_00_v4_copy_move_intra.png,950,700,train,MIT
syn_doc_family_certificate_002_inst_00_authentic,doc_family_certificate_002_inst_00,doc_family_certificate_002,certificate,synthetic,none,0,"[0, 0, 0, 0]",0,0.0,data\synthetic\originals\doc_family_certificate_002_inst_00.png,data\test\images\syn_doc_family_certificate_002_inst_00_authentic.png,data\test\masks\syn_doc_family_certificate_002_inst_00_authentic.png,950,700,test,MIT
syn_doc_family_certificate_002_inst_00_v1_copy_paste_inter,doc_family_certificate_002_inst_00,doc_family_certificate_002,certificate,synthetic,copy_paste_inter,1,"[340, 521, 615, 565]",12100,1.8195,data\synthetic\originals\doc_family_certificate_002_inst_00.png,data\test\images\syn_doc_family_certificate_002_inst_00_v1_copy_paste_inter.png,data\test\masks\syn_doc_family_certificate_002_inst_00_v1_copy_paste_inter.png,950,700,test,MIT
syn_doc_family_certificate_002_inst_00_v2_signature_manipulation,doc_family_certificate_002_inst_00,doc_family_certificate_002,certificate,synthetic,signature_manipulation,1,"[461, 535, 762, 581]",13846,2.0821,data\synthetic\originals\doc_family_certificate_002_inst_00.png,data\test\images\syn_doc_family_certificate_002_inst_00_v2_signature_manipulation.png,data\test\masks\syn_doc_family_certificate_002_inst_00_v2_signature_manipulation.png,950,700,test,MIT
syn_doc_family_certificate_002_inst_00_v3_photo_replacement,doc_family_certificate_002_inst_00,doc_family_certificate_002,certificate,synthetic,photo_replacement,1,"[217, 290, 466, 517]",56523,8.4997,data\synthetic\originals\doc_family_certificate_002_inst_00.png,data\test\images\syn_doc_family_certificate_002_inst_00_v3_photo_replacement.png,data\test\masks\syn_doc_family_certificate_002_inst_00_v3_photo_replacement.png,950,700,test,MIT
syn_doc_family_certificate_002_inst_00_v4_stamp_seal_manipulation,doc_family_certificate_002_inst_00,doc_family_certificate_002,certificate,synthetic,stamp_seal_manipulation,1,"[711, 296, 852, 437]",3091,0.4648,data\synthetic\originals\doc_family_certificate_002_inst_00.png,data\test\images\syn_doc_family_certificate_002_inst_00_v4_stamp_seal_manipulation.png,data\test\masks\syn_doc_family_certificate_002_inst_00_v4_stamp_seal_manipulation.png,950,700,test,MIT
syn_doc_family_certificate_003_inst_00_authentic,doc_family_certificate_003_inst_00,doc_family_certificate_003,certificate,synthetic,none,0,"[0, 0, 0, 0]",0,0.0,data\synthetic\originals\doc_family_certificate_003_inst_00.png,data\train\images\syn_doc_family_certificate_003_inst_00_authentic.png,data\train\masks\syn_doc_family_certificate_003_inst_00_authentic.png,950,700,train,MIT
syn_doc_family_certificate_003_inst_00_v1_region_removal,doc_family_certificate_003_inst_00,doc_family_certificate_003,certificate,synthetic,region_removal,1,"[128, 329, 372, 376]",11468,1.7245,data\synthetic\originals\doc_family_certificate_003_inst_00.png,data\train\images\syn_doc_family_certificate_003_inst_00_v1_region_removal.png,data\train\masks\syn_doc_family_certificate_003_inst_00_v1_region_removal.png,950,700,train,MIT
syn_doc_family_certificate_003_inst_00_v2_local_inpainting,doc_family_certificate_003_inst_00,doc_family_certificate_003,certificate,synthetic,local_inpainting,1,"[680, 348, 853, 368]",3460,0.5203,data\synthetic\originals\doc_family_certificate_003_inst_00.png,data\train\images\syn_doc_family_certificate_003_inst_00_v2_local_inpainting.png,data\train\masks\syn_doc_family_certificate_003_inst_00_v2_local_inpainting.png,950,700,train,MIT
syn_doc_family_certificate_003_inst_00_v3_text_replacement,doc_family_certificate_003_inst_00,doc_family_certificate_003,certificate,synthetic,text_replacement,1,"[291, 270, 647, 292]",7832,1.1777,data\synthetic\originals\doc_family_certificate_003_inst_00.png,data\train\images\syn_doc_family_certificate_003_inst_00_v3_text_replacement.png,data\train\masks\syn_doc_family_certificate_003_inst_00_v3_text_replacement.png,950,700,train,MIT
syn_doc_family_certificate_003_inst_00_v4_number_amount_replacement,doc_family_certificate_003_inst_00,doc_family_certificate_003,certificate,synthetic,number_amount_replacement,1,"[459, 290, 615, 322]",4992,0.7507,data\synthetic\originals\doc_family_certificate_003_inst_00.png,data\train\images\syn_doc_family_certificate_003_inst_00_v4_number_amount_replacement.png,data\train\masks\syn_doc_family_certificate_003_inst_00_v4_number_amount_replacement.png,950,700,train,MIT
syn_doc_family_certificate_004_inst_00_authentic,doc_family_certificate_004_inst_00,doc_family_certificate_004,certificate,synthetic,none,0,"[0, 0, 0, 0]",0,0.0,data\synthetic\originals\doc_family_certificate_004_inst_00.png,data\test\images\syn_doc_family_certificate_004_inst_00_authentic.png,data\test\masks\syn_doc_family_certificate_004_inst_00_authentic.png,950,700,test,MIT
syn_doc_family_certificate_004_inst_00_v1_date_replacement,doc_family_certificate_004_inst_00,doc_family_certificate_004,certificate,synthetic,date_replacement,1,"[586, 233, 749, 268]",5705,0.8579,data\synthetic\originals\doc_family_certificate_004_inst_00.png,data\test\images\syn_doc_family_certificate_004_inst_00_v1_date_replacement.png,data\test\masks\syn_doc_family_certificate_004_inst_00_v1_date_replacement.png,950,700,test,MIT
syn_doc_family_certificate_004_inst_00_v2_copy_move_intra,doc_family_certificate_004_inst_00,doc_family_certificate_004,certificate,synthetic,copy_move_intra,1,"[127, 211, 300, 254]",7439,1.1186,data\synthetic\originals\doc_family_certificate_004_inst_00.png,data\test\images\syn_doc_family_certificate_004_inst_00_v2_copy_move_intra.png,data\test\masks\syn_doc_family_certificate_004_inst_00_v2_copy_move_intra.png,950,700,test,MIT
syn_doc_family_certificate_004_inst_00_v3_copy_paste_inter,doc_family_certificate_004_inst_00,doc_family_certificate_004,certificate,synthetic,copy_paste_inter,1,"[448, 364, 776, 396]",10496,1.5783,data\synthetic\originals\doc_family_certificate_004_inst_00.png,data\test\images\syn_doc_family_certificate_004_inst_00_v3_copy_paste_inter.png,data\test\masks\syn_doc_family_certificate_004_inst_00_v3_copy_paste_inter.png,950,700,test,MIT
syn_doc_family_certificate_004_inst_00_v4_signature_manipulation,doc_family_certificate_004_inst_00,doc_family_certificate_004,certificate,synthetic,signature_manipulation,1,"[362, 548, 705, 616]",23324,3.5074,data\synthetic\originals\doc_family_certificate_004_inst_00.png,data\test\images\syn_doc_family_certificate_004_inst_00_v4_signature_manipulation.png,data\test\masks\syn_doc_family_certificate_004_inst_00_v4_signature_manipulation.png,950,700,test,MIT
syn_doc_family_certificate_005_inst_00_authentic,doc_family_certificate_005_inst_00,doc_family_certificate_005,certificate,synthetic,none,0,"[0, 0, 0, 0]",0,0.0,data\synthetic\originals\doc_family_certificate_005_inst_00.png,data\test\images\syn_doc_family_certificate_005_inst_00_authentic.png,data\test\masks\syn_doc_family_certificate_005_inst_00_authentic.png,950,700,test,MIT
syn_doc_family_certificate_005_inst_00_v1_photo_replacement,doc_family_certificate_005_inst_00,doc_family_certificate_005,certificate,synthetic,photo_replacement,1,"[294, 130, 465, 295]",28215,4.2429,data\synthetic\originals\doc_family_certificate_005_inst_00.png,data\test\images\syn_doc_family_certificate_005_inst_00_v1_photo_replacement.png,data\test\masks\syn_doc_family_certificate_005_inst_00_v1_photo_replacement.png,950,700,test,MIT
syn_doc_family_certificate_005_inst_00_v2_stamp_seal_manipulation,doc_family_certificate_005_inst_00,doc_family_certificate_005,certificate,synthetic,stamp_seal_manipulation,1,"[478, 435, 619, 576]",3091,0.4648,data\synthetic\originals\doc_family_certificate_005_inst_00.png,data\test\images\syn_doc_family_certificate_005_inst_00_v2_stamp_seal_manipulation.png,data\test\masks\syn_doc_family_certificate_005_inst_00_v2_stamp_seal_manipulation.png,950,700,test,MIT
syn_doc_family_certificate_005_inst_00_v3_region_removal,doc_family_certificate_005_inst_00,doc_family_certificate_005,certificate,synthetic,region_removal,1,"[163, 354, 370, 420]",13662,2.0544,data\synthetic\originals\doc_family_certificate_005_inst_00.png,data\test\images\syn_doc_family_certificate_005_inst_00_v3_region_removal.png,data\test\masks\syn_doc_family_certificate_005_inst_00_v3_region_removal.png,950,700,test,MIT
syn_doc_family_certificate_005_inst_00_v4_local_inpainting,doc_family_certificate_005_inst_00,doc_family_certificate_005,certificate,synthetic,local_inpainting,1,"[758, 403, 899, 436]",4653,0.6997,data\synthetic\originals\doc_family_certificate_005_inst_00.png,data\test\images\syn_doc_family_certificate_005_inst_00_v4_local_inpainting.png,data\test\masks\syn_doc_family_certificate_005_inst_00_v4_local_inpainting.png,950,700,test,MIT
syn_doc_family_certificate_006_inst_00_authentic,doc_family_certificate_006_inst_00,doc_family_certificate_006,certificate,synthetic,none,0,"[0, 0, 0, 0]",0,0.0,data\synthetic\originals\doc_family_certificate_006_inst_00.png,data\train\images\syn_doc_family_certificate_006_inst_00_authentic.png,data\train\masks\syn_doc_family_certificate_006_inst_00_authentic.png,950,700,train,MIT
syn_doc_family_certificate_006_inst_00_v1_text_replacement,doc_family_certificate_006_inst_00,doc_family_certificate_006,certificate,synthetic,text_replacement,1,"[294, 454, 577, 484]",8490,1.2767,data\synthetic\originals\doc_family_certificate_006_inst_00.png,data\train\images\syn_doc_family_certificate_006_inst_00_v1_text_replacement.png,data\train\masks\syn_doc_family_certificate_006_inst_00_v1_text_replacement.png,950,700,train,MIT
syn_doc_family_certificate_006_inst_00_v2_number_amount_replacement,doc_family_certificate_006_inst_00,doc_family_certificate_006,certificate,synthetic,number_amount_replacement,1,"[729, 478, 877, 508]",4440,0.6677,data\synthetic\originals\doc_family_certificate_006_inst_00.png,data\train\images\syn_doc_family_certificate_006_inst_00_v2_number_amount_replacement.png,data\train\masks\syn_doc_family_certificate_006_inst_00_v2_number_amount_replacement.png,950,700,train,MIT
syn_doc_family_certificate_006_inst_00_v3_date_replacement,doc_family_certificate_006_inst_00,doc_family_certificate_006,certificate,synthetic,date_replacement,1,"[590, 240, 781, 272]",6112,0.9191,data\synthetic\originals\doc_family_certificate_006_inst_00.png,data\train\images\syn_doc_family_certificate_006_inst_00_v3_date_replacement.png,data\train\masks\syn_doc_family_certificate_006_inst_00_v3_date_replacement.png,950,700,train,MIT
syn_doc_family_certificate_006_inst_00_v4_copy_move_intra,doc_family_certificate_006_inst_00,doc_family_certificate_006,certificate,synthetic,copy_move_intra,1,"[582, 211, 726, 258]",6768,1.0177,data\synthetic\originals\doc_family_certificate_006_inst_00.png,data\train\images\syn_doc_family_certificate_006_inst_00_v4_copy_move_intra.png,data\train\masks\syn_doc_family_certificate_006_inst_00_v4_copy_move_intra.png,950,700,train,MIT
syn_doc_family_certificate_007_inst_00_authentic,doc_family_certificate_007_inst_00,doc_family_certificate_007,certificate,synthetic,none,0,"[0, 0, 0, 0]",0,0.0,data\synthetic\originals\doc_family_certificate_007_inst_00.png,data\train\images\syn_doc_family_certificate_007_inst_00_authentic.png,data\train\masks\syn_doc_family_certificate_007_inst_00_authentic.png,950,700,train,MIT
syn_doc_family_certificate_007_inst_00_v1_copy_paste_inter,doc_family_certificate_007_inst_00,doc_family_certificate_007,certificate,synthetic,copy_paste_inter,1,"[174, 212, 429, 244]",8160,1.2271,data\synthetic\originals\doc_family_certificate_007_inst_00.png,data\train\images\syn_doc_family_certificate_007_inst_00_v1_copy_paste_inter.png,data\train\masks\syn_doc_family_certificate_007_inst_00_v1_copy_paste_inter.png,950,700,train,MIT
syn_doc_family_certificate_007_inst_00_v2_signature_manipulation,doc_family_certificate_007_inst_00,doc_family_certificate_007,certificate,synthetic,signature_manipulation,1,"[305, 566, 573, 624]",15544,2.3374,data\synthetic\originals\doc_family_certificate_007_inst_00.png,data\train\images\syn_doc_family_certificate_007_inst_00_v2_signature_manipulation.png,data\train\masks\syn_doc_family_certificate_007_inst_00_v2_signature_manipulation.png,950,700,train,MIT
syn_doc_family_certificate_007_inst_00_v3_photo_replacement,doc_family_certificate_007_inst_00,doc_family_certificate_007,certificate,synthetic,photo_replacement,1,"[281, 274, 538, 479]",52685,7.9226,data\synthetic\originals\doc_family_certificate_007_inst_00.png,data\train\images\syn_doc_family_certificate_007_inst_00_v3_photo_replacement.png,data\train\masks\syn_doc_family_certificate_007_inst_00_v3_photo_replacement.png,950,700,train,MIT
syn_doc_family_certificate_007_inst_00_v4_stamp_seal_manipulation,doc_family_certificate_007_inst_00,doc_family_certificate_007,certificate,synthetic,stamp_seal_manipulation,1,"[699, 342, 834, 477]",2982,0.4484,data\synthetic\originals\doc_family_certificate_007_inst_00.png,data\train\images\syn_doc_family_certificate_007_inst_00_v4_stamp_seal_manipulation.png,data\train\masks\syn_doc_family_certificate_007_inst_00_v4_stamp_seal_manipulation.png,950,700,train,MIT
syn_doc_family_certificate_008_inst_00_authentic,doc_family_certificate_008_inst_00,doc_family_certificate_008,certificate,synthetic,none,0,"[0, 0, 0, 0]",0,0.0,data\synthetic\originals\doc_family_certificate_008_inst_00.png,data\train\images\syn_doc_family_certificate_008_inst_00_authentic.png,data\train\masks\syn_doc_family_certificate_008_inst_00_authentic.png,950,700,train,MIT
syn_doc_family_certificate_008_inst_00_v1_region_removal,doc_family_certificate_008_inst_00,doc_family_certificate_008,certificate,synthetic,region_removal,1,"[591, 541, 788, 588]",9259,1.3923,data\synthetic\originals\doc_family_certificate_008_inst_00.png,data\train\images\syn_doc_family_certificate_008_inst_00_v1_region_removal.png,data\train\masks\syn_doc_family_certificate_008_inst_00_v1_region_removal.png,950,700,train,MIT
syn_doc_family_certificate_008_inst_00_v2_local_inpainting,doc_family_certificate_008_inst_00,doc_family_certificate_008,certificate,synthetic,local_inpainting,1,"[628, 362, 794, 389]",4482,0.674,data\synthetic\originals\doc_family_certificate_008_inst_00.png,data\train\images\syn_doc_family_certificate_008_inst_00_v2_local_inpainting.png,data\train\masks\syn_doc_family_certificate_008_inst_00_v2_local_inpainting.png,950,700,train,MIT
syn_doc_family_certificate_008_inst_00_v3_text_replacement,doc_family_certificate_008_inst_00,doc_family_certificate_008,certificate,synthetic,text_replacement,1,"[78, 243, 390, 279]",11232,1.689,data\synthetic\originals\doc_family_certificate_008_inst_00.png,data\train\images\syn_doc_family_certificate_008_inst_00_v3_text_replacement.png,data\train\masks\syn_doc_family_certificate_008_inst_00_v3_text_replacement.png,950,700,train,MIT
syn_doc_family_certificate_008_inst_00_v4_number_amount_replacement,doc_family_certificate_008_inst_00,doc_family_certificate_008,certificate,synthetic,number_amount_replacement,1,"[497, 383, 637, 412]",4060,0.6105,data\synthetic\originals\doc_family_certificate_008_inst_00.png,data\train\images\syn_doc_family_certificate_008_inst_00_v4_number_amount_replacement.png,data\train\masks\syn_doc_family_certificate_008_inst_00_v4_number_amount_replacement.png,950,700,train,MIT
syn_doc_family_certificate_009_inst_00_authentic,doc_family_certificate_009_inst_00,doc_family_certificate_009,certificate,synthetic,none,0,"[0, 0, 0, 0]",0,0.0,data\synthetic\originals\doc_family_certificate_009_inst_00.png,data\train\images\syn_doc_family_certificate_009_inst_00_authentic.png,data\train\masks\syn_doc_family_certificate_009_inst_00_authentic.png,950,700,train,MIT
syn_doc_family_certificate_009_inst_00_v1_date_replacement,doc_family_certificate_009_inst_00,doc_family_certificate_009,certificate,synthetic,date_replacement,1,"[404, 220, 638, 251]",7254,1.0908,data\synthetic\originals\doc_family_certificate_009_inst_00.png,data\train\images\syn_doc_family_certificate_009_inst_00_v1_date_replacement.png,data\train\masks\syn_doc_family_certificate_009_inst_00_v1_date_replacement.png,950,700,train,MIT
syn_doc_family_certificate_009_inst_00_v2_copy_move_intra,doc_family_certificate_009_inst_00,doc_family_certificate_009,certificate,synthetic,copy_move_intra,1,"[355, 113, 485, 168]",7150,1.0752,data\synthetic\originals\doc_family_certificate_009_inst_00.png,data\train\images\syn_doc_family_certificate_009_inst_00_v2_copy_move_intra.png,data\train\masks\syn_doc_family_certificate_009_inst_00_v2_copy_move_intra.png,950,700,train,MIT
syn_doc_family_certificate_009_inst_00_v3_copy_paste_inter,doc_family_certificate_009_inst_00,doc_family_certificate_009,certificate,synthetic,copy_paste_inter,1,"[492, 353, 822, 390]",12210,1.8361,data\synthetic\originals\doc_family_certificate_009_inst_00.png,data\train\images\syn_doc_family_certificate_009_inst_00_v3_copy_paste_inter.png,data\train\masks\syn_doc_family_certificate_009_inst_00_v3_copy_paste_inter.png,950,700,train,MIT
syn_doc_family_certificate_009_inst_00_v4_signature_manipulation,doc_family_certificate_009_inst_00,doc_family_certificate_009,certificate,synthetic,signature_manipulation,1,"[90, 502, 411, 550]",15408,2.317,data\synthetic\originals\doc_family_certificate_009_inst_00.png,data\train\images\syn_doc_family_certificate_009_inst_00_v4_signature_manipulation.png,data\train\masks\syn_doc_family_certificate_009_inst_00_v4_signature_manipulation.png,950,700,train,MIT
syn_doc_family_certificate_010_inst_00_authentic,doc_family_certificate_010_inst_00,doc_family_certificate_010,certificate,synthetic,none,0,"[0, 0, 0, 0]",0,0.0,data\synthetic\originals\doc_family_certificate_010_inst_00.png,data\train\images\syn_doc_family_certificate_010_inst_00_authentic.png,data\train\masks\syn_doc_family_certificate_010_inst_00_authentic.png,950,700,train,MIT
syn_doc_family_certificate_010_inst_00_v1_photo_replacement,doc_family_certificate_010_inst_00,doc_family_certificate_010,certificate,synthetic,photo_replacement,1,"[220, 338, 476, 573]",60160,9.0466,data\synthetic\originals\doc_family_certificate_010_inst_00.png,data\train\images\syn_doc_family_certificate_010_inst_00_v1_photo_replacement.png,data\train\masks\syn_doc_family_certificate_010_inst_00_v1_photo_replacement.png,950,700,train,MIT
syn_doc_family_certificate_010_inst_00_v2_stamp_seal_manipulation,doc_family_certificate_010_inst_00,doc_family_certificate_010,certificate,synthetic,stamp_seal_manipulation,1,"[338, 391, 454, 507]",2364,0.3555,data\synthetic\originals\doc_family_certificate_010_inst_00.png,data\train\images\syn_doc_family_certificate_010_inst_00_v2_stamp_seal_manipulation.png,data\train\masks\syn_doc_family_certificate_010_inst_00_v2_stamp_seal_manipulation.png,950,700,train,MIT
syn_doc_family_certificate_010_inst_00_v3_region_removal,doc_family_certificate_010_inst_00,doc_family_certificate_010,certificate,synthetic,region_removal,1,"[287, 355, 603, 400]",14220,2.1383,data\synthetic\originals\doc_family_certificate_010_inst_00.png,data\train\images\syn_doc_family_certificate_010_inst_00_v3_region_removal.png,data\train\masks\syn_doc_family_certificate_010_inst_00_v3_region_removal.png,950,700,train,MIT
syn_doc_family_certificate_010_inst_00_v4_local_inpainting,doc_family_certificate_010_inst_00,doc_family_certificate_010,certificate,synthetic,local_inpainting,1,"[259, 404, 508, 435]",7719,1.1608,data\synthetic\originals\doc_family_certificate_010_inst_00.png,data\train\images\syn_doc_family_certificate_010_inst_00_v4_local_inpainting.png,data\train\masks\syn_doc_family_certificate_010_inst_00_v4_local_inpainting.png,950,700,train,MIT
syn_doc_family_certificate_011_inst_00_authentic,doc_family_certificate_011_inst_00,doc_family_certificate_011,certificate,synthetic,none,0,"[0, 0, 0, 0]",0,0.0,data\synthetic\originals\doc_family_certificate_011_inst_00.png,data\val\images\syn_doc_family_certificate_011_inst_00_authentic.png,data\val\masks\syn_doc_family_certificate_011_inst_00_authentic.png,950,700,val,MIT
syn_doc_family_certificate_011_inst_00_v1_text_replacement,doc_family_certificate_011_inst_00,doc_family_certificate_011,certificate,synthetic,text_replacement,1,"[408, 251, 659, 279]",7028,1.0568,data\synthetic\originals\doc_family_certificate_011_inst_00.png,data\val\images\syn_doc_family_certificate_011_inst_00_v1_text_replacement.png,data\val\masks\syn_doc_family_certificate_011_inst_00_v1_text_replacement.png,950,700,val,MIT
syn_doc_family_certificate_011_inst_00_v2_number_amount_replacement,doc_family_certificate_011_inst_00,doc_family_certificate_011,certificate,synthetic,number_amount_replacement,1,"[437, 274, 617, 305]",5580,0.8391,data\synthetic\originals\doc_family_certificate_011_inst_00.png,data\val\images\syn_doc_family_certificate_011_inst_00_v2_number_amount_replacement.png,data\val\masks\syn_doc_family_certificate_011_inst_00_v2_number_amount_replacement.png,950,700,val,MIT
syn_doc_family_certificate_011_inst_00_v3_date_replacement,doc_family_certificate_011_inst_00,doc_family_certificate_011,certificate,synthetic,date_replacement,1,"[715, 150, 873, 177]",4266,0.6415,data\synthetic\originals\doc_family_certificate_011_inst_00.png,data\val\images\syn_doc_family_certificate_011_inst_00_v3_date_replacement.png,data\val\masks\syn_doc_family_certificate_011_inst_00_v3_date_replacement.png,950,700,val,MIT
syn_doc_family_certificate_011_inst_00_v4_copy_move_intra,doc_family_certificate_011_inst_00,doc_family_certificate_011,certificate,synthetic,copy_move_intra,1,"[41, 460, 185, 489]",4176,0.628,data\synthetic\originals\doc_family_certificate_011_inst_00.png,data\val\images\syn_doc_family_certificate_011_inst_00_v4_copy_move_intra.png,data\val\masks\syn_doc_family_certificate_011_inst_00_v4_copy_move_intra.png,950,700,val,MIT
syn_doc_family_certificate_012_inst_00_authentic,doc_family_certificate_012_inst_00,doc_family_certificate_012,certificate,synthetic,none,0,"[0, 0, 0, 0]",0,0.0,data\synthetic\originals\doc_family_certificate_012_inst_00.png,data\train\images\syn_doc_family_certificate_012_inst_00_authentic.png,data\train\masks\syn_doc_family_certificate_012_inst_00_authentic.png,950,700,train,MIT
syn_doc_family_certificate_012_inst_00_v1_copy_paste_inter,doc_family_certificate_012_inst_00,doc_family_certificate_012,certificate,synthetic,copy_paste_inter,1,"[666, 259, 846, 292]",5940,0.8932,data\synthetic\originals\doc_family_certificate_012_inst_00.png,data\train\images\syn_doc_family_certificate_012_inst_00_v1_copy_paste_inter.png,data\train\masks\syn_doc_family_certificate_012_inst_00_v1_copy_paste_inter.png,950,700,train,MIT
syn_doc_family_certificate_012_inst_00_v2_signature_manipulation,doc_family_certificate_012_inst_00,doc_family_certificate_012,certificate,synthetic,signature_manipulation,1,"[309, 478, 596, 548]",20090,3.0211,data\synthetic\originals\doc_family_certificate_012_inst_00.png,data\train\images\syn_doc_family_certificate_012_inst_00_v2_signature_manipulation.png,data\train\masks\syn_doc_family_certificate_012_inst_00_v2_signature_manipulation.png,950,700,train,MIT
syn_doc_family_certificate_012_inst_00_v3_photo_replacement,doc_family_certificate_012_inst_00,doc_family_certificate_012,certificate,synthetic,photo_replacement,1,"[258, 269, 492, 435]",38844,5.8412,data\synthetic\originals\doc_family_certificate_012_inst_00.png,data\train\images\syn_doc_family_certificate_012_inst_00_v3_photo_replacement.png,data\train\masks\syn_doc_family_certificate_012_inst_00_v3_photo_replacement.png,950,700,train,MIT
syn_doc_family_certificate_012_inst_00_v4_stamp_seal_manipulation,doc_family_certificate_012_inst_00,doc_family_certificate_012,certificate,synthetic,stamp_seal_manipulation,1,"[687, 444, 854, 611]",4131,0.6212,data\synthetic\originals\doc_family_certificate_012_inst_00.png,data\train\images\syn_doc_family_certificate_012_inst_00_v4_stamp_seal_manipulation.png,data\train\masks\syn_doc_family_certificate_012_inst_00_v4_stamp_seal_manipulation.png,950,700,train,MIT
syn_doc_family_certificate_013_inst_00_authentic,doc_family_certificate_013_inst_00,doc_family_certificate_013,certificate,synthetic,none,0,"[0, 0, 0, 0]",0,0.0,data\synthetic\originals\doc_family_certificate_013_inst_00.png,data\train\images\syn_doc_family_certificate_013_inst_00_authentic.png,data\train\masks\syn_doc_family_certificate_013_inst_00_authentic.png,950,700,train,MIT
syn_doc_family_certificate_013_inst_00_v1_region_removal,doc_family_certificate_013_inst_00,doc_family_certificate_013,certificate,synthetic,region_removal,1,"[43, 545, 255, 605]",12720,1.9128,data\synthetic\originals\doc_family_certificate_013_inst_00.png,data\train\images\syn_doc_family_certificate_013_inst_00_v1_region_removal.png,data\train\masks\syn_doc_family_certificate_013_inst_00_v1_region_removal.png,950,700,train,MIT
syn_doc_family_certificate_013_inst_00_v2_local_inpainting,doc_family_certificate_013_inst_00,doc_family_certificate_013,certificate,synthetic,local_inpainting,1,"[520, 205, 664, 227]",3168,0.4764,data\synthetic\originals\doc_family_certificate_013_inst_00.png,data\train\images\syn_doc_family_certificate_013_inst_00_v2_local_inpainting.png,data\train\masks\syn_doc_family_certificate_013_inst_00_v2_local_inpainting.png,950,700,train,MIT
syn_doc_family_certificate_013_inst_00_v3_text_replacement,doc_family_certificate_013_inst_00,doc_family_certificate_013,certificate,synthetic,text_replacement,1,"[454, 434, 751, 468]",10098,1.5185,data\synthetic\originals\doc_family_certificate_013_inst_00.png,data\train\images\syn_doc_family_certificate_013_inst_00_v3_text_replacement.png,data\train\masks\syn_doc_family_certificate_013_inst_00_v3_text_replacement.png,950,700,train,MIT
syn_doc_family_certificate_013_inst_00_v4_number_amount_replacement,doc_family_certificate_013_inst_00,doc_family_certificate_013,certificate,synthetic,number_amount_replacement,1,"[573, 487, 790, 511]",5208,0.7832,data\synthetic\originals\doc_family_certificate_013_inst_00.png,data\train\images\syn_doc_family_certificate_013_inst_00_v4_number_amount_replacement.png,data\train\masks\syn_doc_family_certificate_013_inst_00_v4_number_amount_replacement.png,950,700,train,MIT
syn_doc_family_certificate_014_inst_00_authentic,doc_family_certificate_014_inst_00,doc_family_certificate_014,certificate,synthetic,none,0,"[0, 0, 0, 0]",0,0.0,data\synthetic\originals\doc_family_certificate_014_inst_00.png,data\train\images\syn_doc_family_certificate_014_inst_00_authentic.png,data\train\masks\syn_doc_family_certificate_014_inst_00_authentic.png,950,700,train,MIT
syn_doc_family_certificate_014_inst_00_v1_date_replacement,doc_family_certificate_014_inst_00,doc_family_certificate_014,certificate,synthetic,date_replacement,1,"[625, 122, 882, 157]",8995,1.3526,data\synthetic\originals\doc_family_certificate_014_inst_00.png,data\train\images\syn_doc_family_certificate_014_inst_00_v1_date_replacement.png,data\train\masks\syn_doc_family_certificate_014_inst_00_v1_date_replacement.png,950,700,train,MIT
syn_doc_family_certificate_014_inst_00_v2_copy_move_intra,doc_family_certificate_014_inst_00,doc_family_certificate_014,certificate,synthetic,copy_move_intra,1,"[133, 258, 284, 301]",6493,0.9764,data\synthetic\originals\doc_family_certificate_014_inst_00.png,data\train\images\syn_doc_family_certificate_014_inst_00_v2_copy_move_intra.png,data\train\masks\syn_doc_family_certificate_014_inst_00_v2_copy_move_intra.png,950,700,train,MIT
syn_doc_family_certificate_014_inst_00_v3_copy_paste_inter,doc_family_certificate_014_inst_00,doc_family_certificate_014,certificate,synthetic,copy_paste_inter,1,"[239, 449, 465, 477]",6328,0.9516,data\synthetic\originals\doc_family_certificate_014_inst_00.png,data\train\images\syn_doc_family_certificate_014_inst_00_v3_copy_paste_inter.png,data\train\masks\syn_doc_family_certificate_014_inst_00_v3_copy_paste_inter.png,950,700,train,MIT
syn_doc_family_certificate_014_inst_00_v4_signature_manipulation,doc_family_certificate_014_inst_00,doc_family_certificate_014,certificate,synthetic,signature_manipulation,1,"[159, 505, 441, 543]",10716,1.6114,data\synthetic\originals\doc_family_certificate_014_inst_00.png,data\train\images\syn_doc_family_certificate_014_inst_00_v4_signature_manipulation.png,data\train\masks\syn_doc_family_certificate_014_inst_00_v4_signature_manipulation.png,950,700,train,MIT
syn_doc_family_certificate_015_inst_00_authentic,doc_family_certificate_015_inst_00,doc_family_certificate_015,certificate,synthetic,none,0,"[0, 0, 0, 0]",0,0.0,data\synthetic\originals\doc_family_certificate_015_inst_00.png,data\train\images\syn_doc_family_certificate_015_inst_00_authentic.png,data\train\masks\syn_doc_family_certificate_015_inst_00_authentic.png,950,700,train,MIT
syn_doc_family_certificate_015_inst_00_v1_photo_replacement,doc_family_certificate_015_inst_00,doc_family_certificate_015,certificate,synthetic,photo_replacement,1,"[159, 263, 384, 461]",44550,6.6992,data\synthetic\originals\doc_family_certificate_015_inst_00.png,data\train\images\syn_doc_family_certificate_015_inst_00_v1_photo_replacement.png,data\train\masks\syn_doc_family_certificate_015_inst_00_v1_photo_replacement.png,950,700,train,MIT
syn_doc_family_certificate_015_inst_00_v2_stamp_seal_manipulation,doc_family_certificate_015_inst_00,doc_family_certificate_015,certificate,synthetic,stamp_seal_manipulation,1,"[739, 351, 887, 499]",3412,0.5131,data\synthetic\originals\doc_family_certificate_015_inst_00.png,data\train\images\syn_doc_family_certificate_015_inst_00_v2_stamp_seal_manipulation.png,data\train\masks\syn_doc_family_certificate_015_inst_00_v2_stamp_seal_manipulation.png,950,700,train,MIT
syn_doc_family_certificate_015_inst_00_v3_region_removal,doc_family_certificate_015_inst_00,doc_family_certificate_015,certificate,synthetic,region_removal,1,"[552, 576, 806, 611]",8890,1.3368,data\synthetic\originals\doc_family_certificate_015_inst_00.png,data\train\images\syn_doc_family_certificate_015_inst_00_v3_region_removal.png,data\train\masks\syn_doc_family_certificate_015_inst_00_v3_region_removal.png,950,700,train,MIT
syn_doc_family_certificate_015_inst_00_v4_local_inpainting,doc_family_certificate_015_inst_00,doc_family_certificate_015,certificate,synthetic,local_inpainting,1,"[131, 174, 416, 216]",11970,1.8,data\synthetic\originals\doc_family_certificate_015_inst_00.png,data\train\images\syn_doc_family_certificate_015_inst_00_v4_local_inpainting.png,data\train\masks\syn_doc_family_certificate_015_inst_00_v4_local_inpainting.png,950,700,train,MIT
syn_doc_family_certificate_016_inst_00_authentic,doc_family_certificate_016_inst_00,doc_family_certificate_016,certificate,synthetic,none,0,"[0, 0, 0, 0]",0,0.0,data\synthetic\originals\doc_family_certificate_016_inst_00.png,data\test\images\syn_doc_family_certificate_016_inst_00_authentic.png,data\test\masks\syn_doc_family_certificate_016_inst_00_authentic.png,950,700,test,MIT
syn_doc_family_certificate_016_inst_00_v1_text_replacement,doc_family_certificate_016_inst_00,doc_family_certificate_016,certificate,synthetic,text_replacement,1,"[419, 204, 768, 246]",14658,2.2042,data\synthetic\originals\doc_family_certificate_016_inst_00.png,data\test\images\syn_doc_family_certificate_016_inst_00_v1_text_replacement.png,data\test\masks\syn_doc_family_certificate_016_inst_00_v1_text_replacement.png,950,700,test,MIT
syn_doc_family_certificate_016_inst_00_v2_number_amount_replacement,doc_family_certificate_016_inst_00,doc_family_certificate_016,certificate,synthetic,number_amount_replacement,1,"[566, 416, 702, 448]",4352,0.6544,data\synthetic\originals\doc_family_certificate_016_inst_00.png,data\test\images\syn_doc_family_certificate_016_inst_00_v2_number_amount_replacement.png,data\test\masks\syn_doc_family_certificate_016_inst_00_v2_number_amount_replacement.png,950,700,test,MIT
syn_doc_family_certificate_016_inst_00_v3_date_replacement,doc_family_certificate_016_inst_00,doc_family_certificate_016,certificate,synthetic,date_replacement,1,"[632, 254, 867, 281]",6345,0.9541,data\synthetic\originals\doc_family_certificate_016_inst_00.png,data\test\images\syn_doc_family_certificate_016_inst_00_v3_date_replacement.png,data\test\masks\syn_doc_family_certificate_016_inst_00_v3_date_replacement.png,950,700,test,MIT
syn_doc_family_certificate_016_inst_00_v4_copy_move_intra,doc_family_certificate_016_inst_00,doc_family_certificate_016,certificate,synthetic,copy_move_intra,1,"[555, 414, 767, 456]",8904,1.3389,data\synthetic\originals\doc_family_certificate_016_inst_00.png,data\test\images\syn_doc_family_certificate_016_inst_00_v4_copy_move_intra.png,data\test\masks\syn_doc_family_certificate_016_inst_00_v4_copy_move_intra.png,950,700,test,MIT
syn_doc_family_certificate_017_inst_00_authentic,doc_family_certificate_017_inst_00,doc_family_certificate_017,certificate,synthetic,none,0,"[0, 0, 0, 0]",0,0.0,data\synthetic\originals\doc_family_certificate_017_inst_00.png,data\train\images\syn_doc_family_certificate_017_inst_00_authentic.png,data\train\masks\syn_doc_family_certificate_017_inst_00_authentic.png,950,700,train,MIT
syn_doc_family_certificate_017_inst_00_v1_copy_paste_inter,doc_family_certificate_017_inst_00,doc_family_certificate_017,certificate,synthetic,copy_paste_inter,1,"[101, 493, 415, 535]",13188,1.9832,data\synthetic\originals\doc_family_certificate_017_inst_00.png,data\train\images\syn_doc_family_certificate_017_inst_00_v1_copy_paste_inter.png,data\train\masks\syn_doc_family_certificate_017_inst_00_v1_copy_paste_inter.png,950,700,train,MIT
syn_doc_family_certificate_017_inst_00_v2_signature_manipulation,doc_family_certificate_017_inst_00,doc_family_certificate_017,certificate,synthetic,signature_manipulation,1,"[225, 543, 541, 583]",12640,1.9008,data\synthetic\originals\doc_family_certificate_017_inst_00.png,data\train\images\syn_doc_family_certificate_017_inst_00_v2_signature_manipulation.png,data\train\masks\syn_doc_family_certificate_017_inst_00_v2_signature_manipulation.png,950,700,train,MIT
syn_doc_family_certificate_017_inst_00_v3_photo_replacement,doc_family_certificate_017_inst_00,doc_family_certificate_017,certificate,synthetic,photo_replacement,1,"[219, 165, 410, 361]",37436,5.6295,data\synthetic\originals\doc_family_certificate_017_inst_00.png,data\train\images\syn_doc_family_certificate_017_inst_00_v3_photo_replacement.png,data\train\masks\syn_doc_family_certificate_017_inst_00_v3_photo_replacement.png,950,700,train,MIT
syn_doc_family_certificate_017_inst_00_v4_stamp_seal_manipulation,doc_family_certificate_017_inst_00,doc_family_certificate_017,certificate,synthetic,stamp_seal_manipulation,1,"[742, 464, 867, 589]",2706,0.4069,data\synthetic\originals\doc_family_certificate_017_inst_00.png,data\train\images\syn_doc_family_certificate_017_inst_00_v4_stamp_seal_manipulation.png,data\train\masks\syn_doc_family_certificate_017_inst_00_v4_stamp_seal_manipulation.png,950,700,train,MIT
syn_doc_family_certificate_018_inst_00_authentic,doc_family_certificate_018_inst_00,doc_family_certificate_018,certificate,synthetic,none,0,"[0, 0, 0, 0]",0,0.0,data\synthetic\originals\doc_family_certificate_018_inst_00.png,data\train\images\syn_doc_family_certificate_018_inst_00_authentic.png,data\train\masks\syn_doc_family_certificate_018_inst_00_authentic.png,950,700,train,MIT
syn_doc_family_certificate_018_inst_00_v1_region_removal,doc_family_certificate_018_inst_00,doc_family_certificate_018,certificate,synthetic,region_removal,1,"[60, 455, 402, 497]",14364,2.16,data\synthetic\originals\doc_family_certificate_018_inst_00.png,data\train\images\syn_doc_family_certificate_018_inst_00_v1_region_removal.png,data\train\masks\syn_doc_family_certificate_018_inst_00_v1_region_removal.png,950,700,train,MIT
syn_doc_family_certificate_018_inst_00_v2_local_inpainting,doc_family_certificate_018_inst_00,doc_family_certificate_018,certificate,synthetic,local_inpainting,1,"[190, 169, 392, 207]",7676,1.1543,data\synthetic\originals\doc_family_certificate_018_inst_00.png,data\train\images\syn_doc_family_certificate_018_inst_00_v2_local_inpainting.png,data\train\masks\syn_doc_family_certificate_018_inst_00_v2_local_inpainting.png,950,700,train,MIT
syn_doc_family_certificate_018_inst_00_v3_text_replacement,doc_family_certificate_018_inst_00,doc_family_certificate_018,certificate,synthetic,text_replacement,1,"[85, 140, 349, 161]",5544,0.8337,data\synthetic\originals\doc_family_certificate_018_inst_00.png,data\train\images\syn_doc_family_certificate_018_inst_00_v3_text_replacement.png,data\train\masks\syn_doc_family_certificate_018_inst_00_v3_text_replacement.png,950,700,train,MIT
syn_doc_family_certificate_018_inst_00_v4_number_amount_replacement,doc_family_certificate_018_inst_00,doc_family_certificate_018,certificate,synthetic,number_amount_replacement,1,"[459, 407, 666, 443]",7452,1.1206,data\synthetic\originals\doc_family_certificate_018_inst_00.png,data\train\images\syn_doc_family_certificate_018_inst_00_v4_number_amount_replacement.png,data\train\masks\syn_doc_family_certificate_018_inst_00_v4_number_amount_replacement.png,950,700,train,MIT
syn_doc_family_certificate_019_inst_00_authentic,doc_family_certificate_019_inst_00,doc_family_certificate_019,certificate,synthetic,none,0,"[0, 0, 0, 0]",0,0.0,data\synthetic\originals\doc_family_certificate_019_inst_00.png,data\train\images\syn_doc_family_certificate_019_inst_00_authentic.png,data\train\masks\syn_doc_family_certificate_019_inst_00_authentic.png,950,700,train,MIT
syn_doc_family_certificate_019_inst_00_v1_date_replacement,doc_family_certificate_019_inst_00,doc_family_certificate_019,certificate,synthetic,date_replacement,1,"[646, 134, 844, 155]",4158,0.6253,data\synthetic\originals\doc_family_certificate_019_inst_00.png,data\train\images\syn_doc_family_certificate_019_inst_00_v1_date_replacement.png,data\train\masks\syn_doc_family_certificate_019_inst_00_v1_date_replacement.png,950,700,train,MIT
syn_doc_family_certificate_019_inst_00_v2_copy_move_intra,doc_family_certificate_019_inst_00,doc_family_certificate_019,certificate,synthetic,copy_move_intra,1,"[93, 394, 256, 451]",9291,1.3971,data\synthetic\originals\doc_family_certificate_019_inst_00.png,data\train\images\syn_doc_family_certificate_019_inst_00_v2_copy_move_intra.png,data\train\masks\syn_doc_family_certificate_019_inst_00_v2_copy_move_intra.png,950,700,train,MIT
syn_doc_family_certificate_019_inst_00_v3_copy_paste_inter,doc_family_certificate_019_inst_00,doc_family_certificate_019,certificate,synthetic,copy_paste_inter,1,"[274, 231, 542, 274]",11524,1.7329,data\synthetic\originals\doc_family_certificate_019_inst_00.png,data\train\images\syn_doc_family_certificate_019_inst_00_v3_copy_paste_inter.png,data\train\masks\syn_doc_family_certificate_019_inst_00_v3_copy_paste_inter.png,950,700,train,MIT
syn_doc_family_certificate_019_inst_00_v4_signature_manipulation,doc_family_certificate_019_inst_00,doc_family_certificate_019,certificate,synthetic,signature_manipulation,1,"[100, 462, 444, 515]",18232,2.7417,data\synthetic\originals\doc_family_certificate_019_inst_00.png,data\train\images\syn_doc_family_certificate_019_inst_00_v4_signature_manipulation.png,data\train\masks\syn_doc_family_certificate_019_inst_00_v4_signature_manipulation.png,950,700,train,MIT
syn_doc_family_certificate_020_inst_00_authentic,doc_family_certificate_020_inst_00,doc_family_certificate_020,certificate,synthetic,none,0,"[0, 0, 0, 0]",0,0.0,data\synthetic\originals\doc_family_certificate_020_inst_00.png,data\train\images\syn_doc_family_certificate_020_inst_00_authentic.png,data\train\masks\syn_doc_family_certificate_020_inst_00_authentic.png,950,700,train,MIT
syn_doc_family_certificate_020_inst_00_v1_photo_replacement,doc_family_certificate_020_inst_00,doc_family_certificate_020,certificate,synthetic,photo_replacement,1,"[199, 335, 421, 531]",43512,6.5432,data\synthetic\originals\doc_family_certificate_020_inst_00.png,data\train\images\syn_doc_family_certificate_020_inst_00_v1_photo_replacement.png,data\train\masks\syn_doc_family_certificate_020_inst_00_v1_photo_replacement.png,950,700,train,MIT
syn_doc_family_certificate_020_inst_00_v2_stamp_seal_manipulation,doc_family_certificate_020_inst_00,doc_family_certificate_020,certificate,synthetic,stamp_seal_manipulation,1,"[739, 434, 859, 554]",2620,0.394,data\synthetic\originals\doc_family_certificate_020_inst_00.png,data\train\images\syn_doc_family_certificate_020_inst_00_v2_stamp_seal_manipulation.png,data\train\masks\syn_doc_family_certificate_020_inst_00_v2_stamp_seal_manipulation.png,950,700,train,MIT
syn_doc_family_certificate_020_inst_00_v3_region_removal,doc_family_certificate_020_inst_00,doc_family_certificate_020,certificate,synthetic,region_removal,1,"[668, 358, 903, 418]",14100,2.1203,data\synthetic\originals\doc_family_certificate_020_inst_00.png,data\train\images\syn_doc_family_certificate_020_inst_00_v3_region_removal.png,data\train\masks\syn_doc_family_certificate_020_inst_00_v3_region_removal.png,950,700,train,MIT
syn_doc_family_certificate_020_inst_00_v4_local_inpainting,doc_family_certificate_020_inst_00,doc_family_certificate_020,certificate,synthetic,local_inpainting,1,"[505, 466, 731, 507]",9266,1.3934,data\synthetic\originals\doc_family_certificate_020_inst_00.png,data\train\images\syn_doc_family_certificate_020_inst_00_v4_local_inpainting.png,data\train\masks\syn_doc_family_certificate_020_inst_00_v4_local_inpainting.png,950,700,train,MIT
syn_doc_family_certificate_021_inst_00_authentic,doc_family_certificate_021_inst_00,doc_family_certificate_021,certificate,synthetic,none,0,"[0, 0, 0, 0]",0,0.0,data\synthetic\originals\doc_family_certificate_021_inst_00.png,data\train\images\syn_doc_family_certificate_021_inst_00_authentic.png,data\train\masks\syn_doc_family_certificate_021_inst_00_authentic.png,950,700,train,MIT
syn_doc_family_certificate_021_inst_00_v1_text_replacement,doc_family_certificate_021_inst_00,doc_family_certificate_021,certificate,synthetic,text_replacement,1,"[63, 298, 332, 328]",8070,1.2135,data\synthetic\originals\doc_family_certificate_021_inst_00.png,data\train\images\syn_doc_family_certificate_021_inst_00_v1_text_replacement.png,data\train\masks\syn_doc_family_certificate_021_inst_00_v1_text_replacement.png,950,700,train,MIT
syn_doc_family_certificate_021_inst_00_v2_number_amount_replacement,doc_family_certificate_021_inst_00,doc_family_certificate_021,certificate,synthetic,number_amount_replacement,1,"[554, 250, 757, 284]",6902,1.0379,data\synthetic\originals\doc_family_certificate_021_inst_00.png,data\train\images\syn_doc_family_certificate_021_inst_00_v2_number_amount_replacement.png,data\train\masks\syn_doc_family_certificate_021_inst_00_v2_number_amount_replacement.png,950,700,train,MIT
syn_doc_family_certificate_021_inst_00_v3_date_replacement,doc_family_certificate_021_inst_00,doc_family_certificate_021,certificate,synthetic,date_replacement,1,"[657, 258, 909, 292]",8568,1.2884,data\synthetic\originals\doc_family_certificate_021_inst_00.png,data\train\images\syn_doc_family_certificate_021_inst_00_v3_date_replacement.png,data\train\masks\syn_doc_family_certificate_021_inst_00_v3_date_replacement.png,950,700,train,MIT
syn_doc_family_certificate_021_inst_00_v4_copy_move_intra,doc_family_certificate_021_inst_00,doc_family_certificate_021,certificate,synthetic,copy_move_intra,1,"[425, 315, 644, 372]",12483,1.8771,data\synthetic\originals\doc_family_certificate_021_inst_00.png,data\train\images\syn_doc_family_certificate_021_inst_00_v4_copy_move_intra.png,data\train\masks\syn_doc_family_certificate_021_inst_00_v4_copy_move_intra.png,950,700,train,MIT
syn_doc_family_certificate_022_inst_00_authentic,doc_family_certificate_022_inst_00,doc_family_certificate_022,certificate,synthetic,none,0,"[0, 0, 0, 0]",0,0.0,data\synthetic\originals\doc_family_certificate_022_inst_00.png,data\train\images\syn_doc_family_certificate_022_inst_00_authentic.png,data\train\masks\syn_doc_family_certificate_022_inst_00_authentic.png,950,700,train,MIT
syn_doc_family_certificate_022_inst_00_v1_copy_paste_inter,doc_family_certificate_022_inst_00,doc_family_certificate_022,certificate,synthetic,copy_paste_inter,1,"[435, 203, 654, 237]",7446,1.1197,data\synthetic\originals\doc_family_certificate_022_inst_00.png,data\train\images\syn_doc_family_certificate_022_inst_00_v1_copy_paste_inter.png,data\train\masks\syn_doc_family_certificate_022_inst_00_v1_copy_paste_inter.png,950,700,train,MIT
syn_doc_family_certificate_022_inst_00_v2_signature_manipulation,doc_family_certificate_022_inst_00,doc_family_certificate_022,certificate,synthetic,signature_manipulation,1,"[198, 555, 431, 621]",15378,2.3125,data\synthetic\originals\doc_family_certificate_022_inst_00.png,data\train\images\syn_doc_family_certificate_022_inst_00_v2_signature_manipulation.png,data\train\masks\syn_doc_family_certificate_022_inst_00_v2_signature_manipulation.png,950,700,train,MIT
syn_doc_family_certificate_022_inst_00_v3_photo_replacement,doc_family_certificate_022_inst_00,doc_family_certificate_022,certificate,synthetic,photo_replacement,1,"[105, 370, 281, 599]",40304,6.0608,data\synthetic\originals\doc_family_certificate_022_inst_00.png,data\train\images\syn_doc_family_certificate_022_inst_00_v3_photo_replacement.png,data\train\masks\syn_doc_family_certificate_022_inst_00_v3_photo_replacement.png,950,700,train,MIT
syn_doc_family_certificate_022_inst_00_v4_stamp_seal_manipulation,doc_family_certificate_022_inst_00,doc_family_certificate_022,certificate,synthetic,stamp_seal_manipulation,1,"[668, 451, 816, 599]",3412,0.5131,data\synthetic\originals\doc_family_certificate_022_inst_00.png,data\train\images\syn_doc_family_certificate_022_inst_00_v4_stamp_seal_manipulation.png,data\train\masks\syn_doc_family_certificate_022_inst_00_v4_stamp_seal_manipulation.png,950,700,train,MIT
syn_doc_family_certificate_023_inst_00_authentic,doc_family_certificate_023_inst_00,doc_family_certificate_023,certificate,synthetic,none,0,"[0, 0, 0, 0]",0,0.0,data\synthetic\originals\doc_family_certificate_023_inst_00.png,data\train\images\syn_doc_family_certificate_023_inst_00_authentic.png,data\train\masks\syn_doc_family_certificate_023_inst_00_authentic.png,950,700,train,MIT
syn_doc_family_certificate_023_inst_00_v1_region_removal,doc_family_certificate_023_inst_00,doc_family_certificate_023,certificate,synthetic,region_removal,1,"[590, 613, 857, 685]",19224,2.8908,data\synthetic\originals\doc_family_certificate_023_inst_00.png,data\train\images\syn_doc_family_certificate_023_inst_00_v1_region_removal.png,data\train\masks\syn_doc_family_certificate_023_inst_00_v1_region_removal.png,950,700,train,MIT
syn_doc_family_certificate_023_inst_00_v2_local_inpainting,doc_family_certificate_023_inst_00,doc_family_certificate_023,certificate,synthetic,local_inpainting,1,"[627, 476, 766, 505]",4031,0.6062,data\synthetic\originals\doc_family_certificate_023_inst_00.png,data\train\images\syn_doc_family_certificate_023_inst_00_v2_local_inpainting.png,data\train\masks\syn_doc_family_certificate_023_inst_00_v2_local_inpainting.png,950,700,train,MIT
syn_doc_family_certificate_023_inst_00_v3_text_replacement,doc_family_certificate_023_inst_00,doc_family_certificate_023,certificate,synthetic,text_replacement,1,"[495, 339, 800, 374]",10675,1.6053,data\synthetic\originals\doc_family_certificate_023_inst_00.png,data\train\images\syn_doc_family_certificate_023_inst_00_v3_text_replacement.png,data\train\masks\syn_doc_family_certificate_023_inst_00_v3_text_replacement.png,950,700,train,MIT
syn_doc_family_certificate_023_inst_00_v4_number_amount_replacement,doc_family_certificate_023_inst_00,doc_family_certificate_023,certificate,synthetic,number_amount_replacement,1,"[514, 492, 743, 518]",5954,0.8953,data\synthetic\originals\doc_family_certificate_023_inst_00.png,data\train\images\syn_doc_family_certificate_023_inst_00_v4_number_amount_replacement.png,data\train\masks\syn_doc_family_certificate_023_inst_00_v4_number_amount_replacement.png,950,700,train,MIT
syn_doc_family_certificate_024_inst_00_authentic,doc_family_certificate_024_inst_00,doc_family_certificate_024,certificate,synthetic,none,0,"[0, 0, 0, 0]",0,0.0,data\synthetic\originals\doc_family_certificate_024_inst_00.png,data\train\images\syn_doc_family_certificate_024_inst_00_authentic.png,data\train\masks\syn_doc_family_certificate_024_inst_00_authentic.png,950,700,train,MIT
syn_doc_family_certificate_024_inst_00_v1_date_replacement,doc_family_certificate_024_inst_00,doc_family_certificate_024,certificate,synthetic,date_replacement,1,"[584, 274, 819, 297]",5405,0.8128,data\synthetic\originals\doc_family_certificate_024_inst_00.png,data\train\images\syn_doc_family_certificate_024_inst_00_v1_date_replacement.png,data\train\masks\syn_doc_family_certificate_024_inst_00_v1_date_replacement.png,950,700,train,MIT
syn_doc_family_certificate_024_inst_00_v2_copy_move_intra,doc_family_certificate_024_inst_00,doc_family_certificate_024,certificate,synthetic,copy_move_intra,1,"[676, 489, 866, 543]",10260,1.5429,data\synthetic\originals\doc_family_certificate_024_inst_00.png,data\train\images\syn_doc_family_certificate_024_inst_00_v2_copy_move_intra.png,data\train\masks\syn_doc_family_certificate_024_inst_00_v2_copy_move_intra.png,950,700,train,MIT
syn_doc_family_certificate_024_inst_00_v3_copy_paste_inter,doc_family_certificate_024_inst_00,doc_family_certificate_024,certificate,synthetic,copy_paste_inter,1,"[616, 451, 867, 503]",13052,1.9627,data\synthetic\originals\doc_family_certificate_024_inst_00.png,data\train\images\syn_doc_family_certificate_024_inst_00_v3_copy_paste_inter.png,data\train\masks\syn_doc_family_certificate_024_inst_00_v3_copy_paste_inter.png,950,700,train,MIT
syn_doc_family_certificate_024_inst_00_v4_signature_manipulation,doc_family_certificate_024_inst_00,doc_family_certificate_024,certificate,synthetic,signature_manipulation,1,"[466, 553, 826, 592]",14040,2.1113,data\synthetic\originals\doc_family_certificate_024_inst_00.png,data\train\images\syn_doc_family_certificate_024_inst_00_v4_signature_manipulation.png,data\train\masks\syn_doc_family_certificate_024_inst_00_v4_signature_manipulation.png,950,700,train,MIT
syn_doc_family_certificate_025_inst_00_authentic,doc_family_certificate_025_inst_00,doc_family_certificate_025,certificate,synthetic,none,0,"[0, 0, 0, 0]",0,0.0,data\synthetic\originals\doc_family_certificate_025_inst_00.png,data\test\images\syn_doc_family_certificate_025_inst_00_authentic.png,data\test\masks\syn_doc_family_certificate_025_inst_00_authentic.png,950,700,test,MIT
syn_doc_family_certificate_025_inst_00_v1_photo_replacement,doc_family_certificate_025_inst_00,doc_family_certificate_025,certificate,synthetic,photo_replacement,1,"[320, 248, 525, 423]",35875,5.3947,data\synthetic\originals\doc_family_certificate_025_inst_00.png,data\test\images\syn_doc_family_certificate_025_inst_00_v1_photo_replacement.png,data\test\masks\syn_doc_family_certificate_025_inst_00_v1_photo_replacement.png,950,700,test,MIT
syn_doc_family_certificate_025_inst_00_v2_stamp_seal_manipulation,doc_family_certificate_025_inst_00,doc_family_certificate_025,certificate,synthetic,stamp_seal_manipulation,1,"[363, 493, 492, 622]",2839,0.4269,data\synthetic\originals\doc_family_certificate_025_inst_00.png,data\test\images\syn_doc_family_certificate_025_inst_00_v2_stamp_seal_manipulation.png,data\test\masks\syn_doc_family_certificate_025_inst_00_v2_stamp_seal_manipulation.png,950,700,test,MIT
syn_doc_family_certificate_025_inst_00_v3_region_removal,doc_family_certificate_025_inst_00,doc_family_certificate_025,certificate,synthetic,region_removal,1,"[102, 429, 522, 467]",15960,2.4,data\synthetic\originals\doc_family_certificate_025_inst_00.png,data\test\images\syn_doc_family_certificate_025_inst_00_v3_region_removal.png,data\test\masks\syn_doc_family_certificate_025_inst_00_v3_region_removal.png,950,700,test,MIT
syn_doc_family_certificate_025_inst_00_v4_local_inpainting,doc_family_certificate_025_inst_00,doc_family_certificate_025,certificate,synthetic,local_inpainting,1,"[462, 190, 659, 222]",6304,0.948,data\synthetic\originals\doc_family_certificate_025_inst_00.png,data\test\images\syn_doc_family_certificate_025_inst_00_v4_local_inpainting.png,data\test\masks\syn_doc_family_certificate_025_inst_00_v4_local_inpainting.png,950,700,test,MIT
syn_doc_family_certificate_026_inst_00_authentic,doc_family_certificate_026_inst_00,doc_family_certificate_026,certificate,synthetic,none,0,"[0, 0, 0, 0]",0,0.0,data\synthetic\originals\doc_family_certificate_026_inst_00.png,data\train\images\syn_doc_family_certificate_026_inst_00_authentic.png,data\train\masks\syn_doc_family_certificate_026_inst_00_authentic.png,950,700,train,MIT
syn_doc_family_certificate_026_inst_00_v1_text_replacement,doc_family_certificate_026_inst_00,doc_family_certificate_026,certificate,synthetic,text_replacement,1,"[310, 353, 567, 383]",7710,1.1594,data\synthetic\originals\doc_family_certificate_026_inst_00.png,data\train\images\syn_doc_family_certificate_026_inst_00_v1_text_replacement.png,data\train\masks\syn_doc_family_certificate_026_inst_00_v1_text_replacement.png,950,700,train,MIT
syn_doc_family_certificate_026_inst_00_v2_number_amount_replacement,doc_family_certificate_026_inst_00,doc_family_certificate_026,certificate,synthetic,number_amount_replacement,1,"[520, 277, 658, 309]",4416,0.6641,data\synthetic\originals\doc_family_certificate_026_inst_00.png,data\train\images\syn_doc_family_certificate_026_inst_00_v2_number_amount_replacement.png,data\train\masks\syn_doc_family_certificate_026_inst_00_v2_number_amount_replacement.png,950,700,train,MIT
syn_doc_family_certificate_026_inst_00_v3_date_replacement,doc_family_certificate_026_inst_00,doc_family_certificate_026,certificate,synthetic,date_replacement,1,"[532, 268, 770, 289]",4998,0.7516,data\synthetic\originals\doc_family_certificate_026_inst_00.png,data\train\images\syn_doc_family_certificate_026_inst_00_v3_date_replacement.png,data\train\masks\syn_doc_family_certificate_026_inst_00_v3_date_replacement.png,950,700,train,MIT
syn_doc_family_certificate_026_inst_00_v4_copy_move_intra,doc_family_certificate_026_inst_00,doc_family_certificate_026,certificate,synthetic,copy_move_intra,1,"[99, 448, 252, 484]",5508,0.8283,data\synthetic\originals\doc_family_certificate_026_inst_00.png,data\train\images\syn_doc_family_certificate_026_inst_00_v4_copy_move_intra.png,data\train\masks\syn_doc_family_certificate_026_inst_00_v4_copy_move_intra.png,950,700,train,MIT
syn_doc_family_certificate_027_inst_00_authentic,doc_family_certificate_027_inst_00,doc_family_certificate_027,certificate,synthetic,none,0,"[0, 0, 0, 0]",0,0.0,data\synthetic\originals\doc_family_certificate_027_inst_00.png,data\train\images\syn_doc_family_certificate_027_inst_00_authentic.png,data\train\masks\syn_doc_family_certificate_027_inst_00_authentic.png,950,700,train,MIT
syn_doc_family_certificate_027_inst_00_v1_copy_paste_inter,doc_family_certificate_027_inst_00,doc_family_certificate_027,certificate,synthetic,copy_paste_inter,1,"[183, 292, 371, 321]",5452,0.8198,data\synthetic\originals\doc_family_certificate_027_inst_00.png,data\train\images\syn_doc_family_certificate_027_inst_00_v1_copy_paste_inter.png,data\train\masks\syn_doc_family_certificate_027_inst_00_v1_copy_paste_inter.png,950,700,train,MIT
syn_doc_family_certificate_027_inst_00_v2_signature_manipulation,doc_family_certificate_027_inst_00,doc_family_certificate_027,certificate,synthetic,signature_manipulation,1,"[625, 568, 850, 603]",7875,1.1842,data\synthetic\originals\doc_family_certificate_027_inst_00.png,data\train\images\syn_doc_family_certificate_027_inst_00_v2_signature_manipulation.png,data\train\masks\syn_doc_family_certificate_027_inst_00_v2_signature_manipulation.png,950,700,train,MIT
syn_doc_family_certificate_027_inst_00_v3_photo_replacement,doc_family_certificate_027_inst_00,doc_family_certificate_027,certificate,synthetic,photo_replacement,1,"[181, 309, 415, 550]",56394,8.4803,data\synthetic\originals\doc_family_certificate_027_inst_00.png,data\train\images\syn_doc_family_certificate_027_inst_00_v3_photo_replacement.png,data\train\masks\syn_doc_family_certificate_027_inst_00_v3_photo_replacement.png,950,700,train,MIT
syn_doc_family_certificate_027_inst_00_v4_stamp_seal_manipulation,doc_family_certificate_027_inst_00,doc_family_certificate_027,certificate,synthetic,stamp_seal_manipulation,1,"[487, 460, 645, 618]",3751,0.5641,data\synthetic\originals\doc_family_certificate_027_inst_00.png,data\train\images\syn_doc_family_certificate_027_inst_00_v4_stamp_seal_manipulation.png,data\train\masks\syn_doc_family_certificate_027_inst_00_v4_stamp_seal_manipulation.png,950,700,train,MIT
syn_doc_family_certificate_028_inst_00_authentic,doc_family_certificate_028_inst_00,doc_family_certificate_028,certificate,synthetic,none,0,"[0, 0, 0, 0]",0,0.0,data\synthetic\originals\doc_family_certificate_028_inst_00.png,data\test\images\syn_doc_family_certificate_028_inst_00_authentic.png,data\test\masks\syn_doc_family_certificate_028_inst_00_authentic.png,950,700,test,MIT
syn_doc_family_certificate_028_inst_00_v1_region_removal,doc_family_certificate_028_inst_00,doc_family_certificate_028,certificate,synthetic,region_removal,1,"[318, 550, 742, 611]",25864,3.8893,data\synthetic\originals\doc_family_certificate_028_inst_00.png,data\test\images\syn_doc_family_certificate_028_inst_00_v1_region_removal.png,data\test\masks\syn_doc_family_certificate_028_inst_00_v1_region_removal.png,950,700,test,MIT
syn_doc_family_certificate_028_inst_00_v2_local_inpainting,doc_family_certificate_028_inst_00,doc_family_certificate_028,certificate,synthetic,local_inpainting,1,"[347, 421, 580, 456]",8155,1.2263,data\synthetic\originals\doc_family_certificate_028_inst_00.png,data\test\images\syn_doc_family_certificate_028_inst_00_v2_local_inpainting.png,data\test\masks\syn_doc_family_certificate_028_inst_00_v2_local_inpainting.png,950,700,test,MIT
syn_doc_family_certificate_028_inst_00_v3_text_replacement,doc_family_certificate_028_inst_00,doc_family_certificate_028,certificate,synthetic,text_replacement,1,"[507, 357, 870, 393]",13068,1.9651,data\synthetic\originals\doc_family_certificate_028_inst_00.png,data\test\images\syn_doc_family_certificate_028_inst_00_v3_text_replacement.png,data\test\masks\syn_doc_family_certificate_028_inst_00_v3_text_replacement.png,950,700,test,MIT
syn_doc_family_certificate_028_inst_00_v4_number_amount_replacement,doc_family_certificate_028_inst_00,doc_family_certificate_028,certificate,synthetic,number_amount_replacement,1,"[640, 539, 839, 569]",5970,0.8977,data\synthetic\originals\doc_family_certificate_028_inst_00.png,data\test\images\syn_doc_family_certificate_028_inst_00_v4_number_amount_replacement.png,data\test\masks\syn_doc_family_certificate_028_inst_00_v4_number_amount_replacement.png,950,700,test,MIT
syn_doc_family_certificate_029_inst_00_authentic,doc_family_certificate_029_inst_00,doc_family_certificate_029,certificate,synthetic,none,0,"[0, 0, 0, 0]",0,0.0,data\synthetic\originals\doc_family_certificate_029_inst_00.png,data\val\images\syn_doc_family_certificate_029_inst_00_authentic.png,data\val\masks\syn_doc_family_certificate_029_inst_00_authentic.png,950,700,val,MIT
syn_doc_family_certificate_029_inst_00_v1_date_replacement,doc_family_certificate_029_inst_00,doc_family_certificate_029,certificate,synthetic,date_replacement,1,"[606, 167, 831, 191]",5400,0.812,data\synthetic\originals\doc_family_certificate_029_inst_00.png,data\val\images\syn_doc_family_certificate_029_inst_00_v1_date_replacement.png,data\val\masks\syn_doc_family_certificate_029_inst_00_v1_date_replacement.png,950,700,val,MIT
syn_doc_family_certificate_029_inst_00_v2_copy_move_intra,doc_family_certificate_029_inst_00,doc_family_certificate_029,certificate,synthetic,copy_move_intra,1,"[389, 286, 538, 319]",4917,0.7394,data\synthetic\originals\doc_family_certificate_029_inst_00.png,data\val\images\syn_doc_family_certificate_029_inst_00_v2_copy_move_intra.png,data\val\masks\syn_doc_family_certificate_029_inst_00_v2_copy_move_intra.png,950,700,val,MIT
syn_doc_family_certificate_029_inst_00_v3_copy_paste_inter,doc_family_certificate_029_inst_00,doc_family_certificate_029,certificate,synthetic,copy_paste_inter,1,"[297, 231, 512, 264]",7095,1.0669,data\synthetic\originals\doc_family_certificate_029_inst_00.png,data\val\images\syn_doc_family_certificate_029_inst_00_v3_copy_paste_inter.png,data\val\masks\syn_doc_family_certificate_029_inst_00_v3_copy_paste_inter.png,950,700,val,MIT
syn_doc_family_certificate_029_inst_00_v4_signature_manipulation,doc_family_certificate_029_inst_00,doc_family_certificate_029,certificate,synthetic,signature_manipulation,1,"[91, 502, 395, 557]",16720,2.5143,data\synthetic\originals\doc_family_certificate_029_inst_00.png,data\val\images\syn_doc_family_certificate_029_inst_00_v4_signature_manipulation.png,data\val\masks\syn_doc_family_certificate_029_inst_00_v4_signature_manipulation.png,950,700,val,MIT
syn_doc_family_certificate_030_inst_00_authentic,doc_family_certificate_030_inst_00,doc_family_certificate_030,certificate,synthetic,none,0,"[0, 0, 0, 0]",0,0.0,data\synthetic\originals\doc_family_certificate_030_inst_00.png,data\train\images\syn_doc_family_certificate_030_inst_00_authentic.png,data\train\masks\syn_doc_family_certificate_030_inst_00_authentic.png,950,700,train,MIT
syn_doc_family_certificate_030_inst_00_v1_photo_replacement,doc_family_certificate_030_inst_00,doc_family_certificate_030,certificate,synthetic,photo_replacement,1,"[261, 385, 454, 617]",44776,6.7332,data\synthetic\originals\doc_family_certificate_030_inst_00.png,data\train\images\syn_doc_family_certificate_030_inst_00_v1_photo_replacement.png,data\train\masks\syn_doc_family_certificate_030_inst_00_v1_photo_replacement.png,950,700,train,MIT
syn_doc_family_certificate_030_inst_00_v2_stamp_seal_manipulation,doc_family_certificate_030_inst_00,doc_family_certificate_030,certificate,synthetic,stamp_seal_manipulation,1,"[617, 456, 782, 621]",4079,0.6134,data\synthetic\originals\doc_family_certificate_030_inst_00.png,data\train\images\syn_doc_family_certificate_030_inst_00_v2_stamp_seal_manipulation.png,data\train\masks\syn_doc_family_certificate_030_inst_00_v2_stamp_seal_manipulation.png,950,700,train,MIT
syn_doc_family_certificate_030_inst_00_v3_region_removal,doc_family_certificate_030_inst_00,doc_family_certificate_030,certificate,synthetic,region_removal,1,"[522, 595, 838, 655]",18960,2.8511,data\synthetic\originals\doc_family_certificate_030_inst_00.png,data\train\images\syn_doc_family_certificate_030_inst_00_v3_region_removal.png,data\train\masks\syn_doc_family_certificate_030_inst_00_v3_region_removal.png,950,700,train,MIT
syn_doc_family_certificate_030_inst_00_v4_local_inpainting,doc_family_certificate_030_inst_00,doc_family_certificate_030,certificate,synthetic,local_inpainting,1,"[343, 169, 502, 197]",4452,0.6695,data\synthetic\originals\doc_family_certificate_030_inst_00.png,data\train\images\syn_doc_family_certificate_030_inst_00_v4_local_inpainting.png,data\train\masks\syn_doc_family_certificate_030_inst_00_v4_local_inpainting.png,950,700,train,MIT
syn_doc_family_contract_001_inst_00_authentic,doc_family_contract_001_inst_00,doc_family_contract_001,contract,synthetic,none,0,"[0, 0, 0, 0]",0,0.0,data\synthetic\originals\doc_family_contract_001_inst_00.png,data\train\images\syn_doc_family_contract_001_inst_00_authentic.png,data\train\masks\syn_doc_family_contract_001_inst_00_authentic.png,800,1050,train,MIT
syn_doc_family_contract_001_inst_00_v1_text_replacement,doc_family_contract_001_inst_00,doc_family_contract_001,contract,synthetic,text_replacement,1,"[59, 237, 379, 277]",12800,1.5238,data\synthetic\originals\doc_family_contract_001_inst_00.png,data\train\images\syn_doc_family_contract_001_inst_00_v1_text_replacement.png,data\train\masks\syn_doc_family_contract_001_inst_00_v1_text_replacement.png,800,1050,train,MIT
syn_doc_family_contract_001_inst_00_v2_number_amount_replacement,doc_family_contract_001_inst_00,doc_family_contract_001,contract,synthetic,number_amount_replacement,1,"[408, 778, 607, 814]",7164,0.8529,data\synthetic\originals\doc_family_contract_001_inst_00.png,data\train\images\syn_doc_family_contract_001_inst_00_v2_number_amount_replacement.png,data\train\masks\syn_doc_family_contract_001_inst_00_v2_number_amount_replacement.png,800,1050,train,MIT
syn_doc_family_contract_001_inst_00_v3_date_replacement,doc_family_contract_001_inst_00,doc_family_contract_001,contract,synthetic,date_replacement,1,"[416, 188, 637, 231]",9503,1.1313,data\synthetic\originals\doc_family_contract_001_inst_00.png,data\train\images\syn_doc_family_contract_001_inst_00_v3_date_replacement.png,data\train\masks\syn_doc_family_contract_001_inst_00_v3_date_replacement.png,800,1050,train,MIT
syn_doc_family_contract_001_inst_00_v4_copy_move_intra,doc_family_contract_001_inst_00,doc_family_contract_001,contract,synthetic,copy_move_intra,1,"[242, 447, 405, 521]",12062,1.436,data\synthetic\originals\doc_family_contract_001_inst_00.png,data\train\images\syn_doc_family_contract_001_inst_00_v4_copy_move_intra.png,data\train\masks\syn_doc_family_contract_001_inst_00_v4_copy_move_intra.png,800,1050,train,MIT
syn_doc_family_contract_002_inst_00_authentic,doc_family_contract_002_inst_00,doc_family_contract_002,contract,synthetic,none,0,"[0, 0, 0, 0]",0,0.0,data\synthetic\originals\doc_family_contract_002_inst_00.png,data\val\images\syn_doc_family_contract_002_inst_00_authentic.png,data\val\masks\syn_doc_family_contract_002_inst_00_authentic.png,800,1050,val,MIT
syn_doc_family_contract_002_inst_00_v1_copy_paste_inter,doc_family_contract_002_inst_00,doc_family_contract_002,contract,synthetic,copy_paste_inter,1,"[348, 810, 521, 863]",9169,1.0915,data\synthetic\originals\doc_family_contract_002_inst_00.png,data\val\images\syn_doc_family_contract_002_inst_00_v1_copy_paste_inter.png,data\val\masks\syn_doc_family_contract_002_inst_00_v1_copy_paste_inter.png,800,1050,val,MIT
syn_doc_family_contract_002_inst_00_v2_signature_manipulation,doc_family_contract_002_inst_00,doc_family_contract_002,contract,synthetic,signature_manipulation,1,"[346, 801, 640, 886]",24990,2.975,data\synthetic\originals\doc_family_contract_002_inst_00.png,data\val\images\syn_doc_family_contract_002_inst_00_v2_signature_manipulation.png,data\val\masks\syn_doc_family_contract_002_inst_00_v2_signature_manipulation.png,800,1050,val,MIT
syn_doc_family_contract_002_inst_00_v3_photo_replacement,doc_family_contract_002_inst_00,doc_family_contract_002,contract,synthetic,photo_replacement,1,"[101, 516, 281, 837]",57780,6.8786,data\synthetic\originals\doc_family_contract_002_inst_00.png,data\val\images\syn_doc_family_contract_002_inst_00_v3_photo_replacement.png,data\val\masks\syn_doc_family_contract_002_inst_00_v3_photo_replacement.png,800,1050,val,MIT
syn_doc_family_contract_002_inst_00_v4_stamp_seal_manipulation,doc_family_contract_002_inst_00,doc_family_contract_002,contract,synthetic,stamp_seal_manipulation,1,"[366, 742, 550, 926]",4623,0.5504,data\synthetic\originals\doc_family_contract_002_inst_00.png,data\val\images\syn_doc_family_contract_002_inst_00_v4_stamp_seal_manipulation.png,data\val\masks\syn_doc_family_contract_002_inst_00_v4_stamp_seal_manipulation.png,800,1050,val,MIT
syn_doc_family_contract_003_inst_00_authentic,doc_family_contract_003_inst_00,doc_family_contract_003,contract,synthetic,none,0,"[0, 0, 0, 0]",0,0.0,data\synthetic\originals\doc_family_contract_003_inst_00.png,data\val\images\syn_doc_family_contract_003_inst_00_authentic.png,data\val\masks\syn_doc_family_contract_003_inst_00_authentic.png,800,1050,val,MIT
syn_doc_family_contract_003_inst_00_v1_region_removal,doc_family_contract_003_inst_00,doc_family_contract_003,contract,synthetic,region_removal,1,"[227, 832, 505, 957]",34750,4.1369,data\synthetic\originals\doc_family_contract_003_inst_00.png,data\val\images\syn_doc_family_contract_003_inst_00_v1_region_removal.png,data\val\masks\syn_doc_family_contract_003_inst_00_v1_region_removal.png,800,1050,val,MIT
syn_doc_family_contract_003_inst_00_v2_local_inpainting,doc_family_contract_003_inst_00,doc_family_contract_003,contract,synthetic,local_inpainting,1,"[356, 518, 506, 560]",6300,0.75,data\synthetic\originals\doc_family_contract_003_inst_00.png,data\val\images\syn_doc_family_contract_003_inst_00_v2_local_inpainting.png,data\val\masks\syn_doc_family_contract_003_inst_00_v2_local_inpainting.png,800,1050,val,MIT
syn_doc_family_contract_003_inst_00_v3_text_replacement,doc_family_contract_003_inst_00,doc_family_contract_003,contract,synthetic,text_replacement,1,"[246, 634, 531, 682]",13680,1.6286,data\synthetic\originals\doc_family_contract_003_inst_00.png,data\val\images\syn_doc_family_contract_003_inst_00_v3_text_replacement.png,data\val\masks\syn_doc_family_contract_003_inst_00_v3_text_replacement.png,800,1050,val,MIT
syn_doc_family_contract_003_inst_00_v4_number_amount_replacement,doc_family_contract_003_inst_00,doc_family_contract_003,contract,synthetic,number_amount_replacement,1,"[507, 799, 680, 849]",8650,1.0298,data\synthetic\originals\doc_family_contract_003_inst_00.png,data\val\images\syn_doc_family_contract_003_inst_00_v4_number_amount_replacement.png,data\val\masks\syn_doc_family_contract_003_inst_00_v4_number_amount_replacement.png,800,1050,val,MIT
syn_doc_family_contract_004_inst_00_authentic,doc_family_contract_004_inst_00,doc_family_contract_004,contract,synthetic,none,0,"[0, 0, 0, 0]",0,0.0,data\synthetic\originals\doc_family_contract_004_inst_00.png,data\train\images\syn_doc_family_contract_004_inst_00_authentic.png,data\train\masks\syn_doc_family_contract_004_inst_00_authentic.png,800,1050,train,MIT
syn_doc_family_contract_004_inst_00_v1_date_replacement,doc_family_contract_004_inst_00,doc_family_contract_004,contract,synthetic,date_replacement,1,"[373, 210, 591, 252]",9156,1.09,data\synthetic\originals\doc_family_contract_004_inst_00.png,data\train\images\syn_doc_family_contract_004_inst_00_v1_date_replacement.png,data\train\masks\syn_doc_family_contract_004_inst_00_v1_date_replacement.png,800,1050,train,MIT
syn_doc_family_contract_004_inst_00_v2_copy_move_intra,doc_family_contract_004_inst_00,doc_family_contract_004,contract,synthetic,copy_move_intra,1,"[248, 266, 485, 320]",12798,1.5236,data\synthetic\originals\doc_family_contract_004_inst_00.png,data\train\images\syn_doc_family_contract_004_inst_00_v2_copy_move_intra.png,data\train\masks\syn_doc_family_contract_004_inst_00_v2_copy_move_intra.png,800,1050,train,MIT
syn_doc_family_contract_004_inst_00_v3_copy_paste_inter,doc_family_contract_004_inst_00,doc_family_contract_004,contract,synthetic,copy_paste_inter,1,"[187, 459, 358, 530]",12141,1.4454,data\synthetic\originals\doc_family_contract_004_inst_00.png,data\train\images\syn_doc_family_contract_004_inst_00_v3_copy_paste_inter.png,data\train\masks\syn_doc_family_contract_004_inst_00_v3_copy_paste_inter.png,800,1050,train,MIT
syn_doc_family_contract_004_inst_00_v4_signature_manipulation,doc_family_contract_004_inst_00,doc_family_contract_004,contract,synthetic,signature_manipulation,1,"[499, 718, 679, 822]",18720,2.2286,data\synthetic\originals\doc_family_contract_004_inst_00.png,data\train\images\syn_doc_family_contract_004_inst_00_v4_signature_manipulation.png,data\train\masks\syn_doc_family_contract_004_inst_00_v4_signature_manipulation.png,800,1050,train,MIT
syn_doc_family_contract_005_inst_00_authentic,doc_family_contract_005_inst_00,doc_family_contract_005,contract,synthetic,none,0,"[0, 0, 0, 0]",0,0.0,data\synthetic\originals\doc_family_contract_005_inst_00.png,data\val\images\syn_doc_family_contract_005_inst_00_authentic.png,data\val\masks\syn_doc_family_contract_005_inst_00_authentic.png,800,1050,val,MIT
syn_doc_family_contract_005_inst_00_v1_photo_replacement,doc_family_contract_005_inst_00,doc_family_contract_005,contract,synthetic,photo_replacement,1,"[201, 523, 390, 782]",48951,5.8275,data\synthetic\originals\doc_family_contract_005_inst_00.png,data\val\images\syn_doc_family_contract_005_inst_00_v1_photo_replacement.png,data\val\masks\syn_doc_family_contract_005_inst_00_v1_photo_replacement.png,800,1050,val,MIT
syn_doc_family_contract_005_inst_00_v2_stamp_seal_manipulation,doc_family_contract_005_inst_00,doc_family_contract_005,contract,synthetic,stamp_seal_manipulation,1,"[424, 488, 565, 629]",3091,0.368,data\synthetic\originals\doc_family_contract_005_inst_00.png,data\val\images\syn_doc_family_contract_005_inst_00_v2_stamp_seal_manipulation.png,data\val\masks\syn_doc_family_contract_005_inst_00_v2_stamp_seal_manipulation.png,800,1050,val,MIT
syn_doc_family_contract_005_inst_00_v3_region_removal,doc_family_contract_005_inst_00,doc_family_contract_005,contract,synthetic,region_removal,1,"[316, 826, 663, 908]",28454,3.3874,data\synthetic\originals\doc_family_contract_005_inst_00.png,data\val\images\syn_doc_family_contract_005_inst_00_v3_region_removal.png,data\val\masks\syn_doc_family_contract_005_inst_00_v3_region_removal.png,800,1050,val,MIT
syn_doc_family_contract_005_inst_00_v4_local_inpainting,doc_family_contract_005_inst_00,doc_family_contract_005,contract,synthetic,local_inpainting,1,"[492, 434, 714, 485]",11322,1.3479,data\synthetic\originals\doc_family_contract_005_inst_00.png,data\val\images\syn_doc_family_contract_005_inst_00_v4_local_inpainting.png,data\val\masks\syn_doc_family_contract_005_inst_00_v4_local_inpainting.png,800,1050,val,MIT
syn_doc_family_contract_006_inst_00_authentic,doc_family_contract_006_inst_00,doc_family_contract_006,contract,synthetic,none,0,"[0, 0, 0, 0]",0,0.0,data\synthetic\originals\doc_family_contract_006_inst_00.png,data\train\images\syn_doc_family_contract_006_inst_00_authentic.png,data\train\masks\syn_doc_family_contract_006_inst_00_authentic.png,800,1050,train,MIT
syn_doc_family_contract_006_inst_00_v1_text_replacement,doc_family_contract_006_inst_00,doc_family_contract_006,contract,synthetic,text_replacement,1,"[64, 548, 378, 607]",18526,2.2055,data\synthetic\originals\doc_family_contract_006_inst_00.png,data\train\images\syn_doc_family_contract_006_inst_00_v1_text_replacement.png,data\train\masks\syn_doc_family_contract_006_inst_00_v1_text_replacement.png,800,1050,train,MIT
syn_doc_family_contract_006_inst_00_v2_number_amount_replacement,doc_family_contract_006_inst_00,doc_family_contract_006,contract,synthetic,number_amount_replacement,1,"[562, 521, 675, 553]",3616,0.4305,data\synthetic\originals\doc_family_contract_006_inst_00.png,data\train\images\syn_doc_family_contract_006_inst_00_v2_number_amount_replacement.png,data\train\masks\syn_doc_family_contract_006_inst_00_v2_number_amount_replacement.png,800,1050,train,MIT
syn_doc_family_contract_006_inst_00_v3_date_replacement,doc_family_contract_006_inst_00,doc_family_contract_006,contract,synthetic,date_replacement,1,"[478, 254, 618, 283]",4060,0.4833,data\synthetic\originals\doc_family_contract_006_inst_00.png,data\train\images\syn_doc_family_contract_006_inst_00_v3_date_replacement.png,data\train\masks\syn_doc_family_contract_006_inst_00_v3_date_replacement.png,800,1050,train,MIT
syn_doc_family_contract_006_inst_00_v4_copy_move_intra,doc_family_contract_006_inst_00,doc_family_contract_006,contract,synthetic,copy_move_intra,1,"[176, 249, 291, 299]",5750,0.6845,data\synthetic\originals\doc_family_contract_006_inst_00.png,data\train\images\syn_doc_family_contract_006_inst_00_v4_copy_move_intra.png,data\train\masks\syn_doc_family_contract_006_inst_00_v4_copy_move_intra.png,800,1050,train,MIT
syn_doc_family_contract_007_inst_00_authentic,doc_family_contract_007_inst_00,doc_family_contract_007,contract,synthetic,none,0,"[0, 0, 0, 0]",0,0.0,data\synthetic\originals\doc_family_contract_007_inst_00.png,data\train\images\syn_doc_family_contract_007_inst_00_authentic.png,data\train\masks\syn_doc_family_contract_007_inst_00_authentic.png,800,1050,train,MIT
syn_doc_family_contract_007_inst_00_v1_copy_paste_inter,doc_family_contract_007_inst_00,doc_family_contract_007,contract,synthetic,copy_paste_inter,1,"[543, 554, 744, 596]",8442,1.005,data\synthetic\originals\doc_family_contract_007_inst_00.png,data\train\images\syn_doc_family_contract_007_inst_00_v1_copy_paste_inter.png,data\train\masks\syn_doc_family_contract_007_inst_00_v1_copy_paste_inter.png,800,1050,train,MIT
syn_doc_family_contract_007_inst_00_v2_signature_manipulation,doc_family_contract_007_inst_00,doc_family_contract_007,contract,synthetic,signature_manipulation,1,"[537, 888, 742, 970]",16810,2.0012,data\synthetic\originals\doc_family_contract_007_inst_00.png,data\train\images\syn_doc_family_contract_007_inst_00_v2_signature_manipulation.png,data\train\masks\syn_doc_family_contract_007_inst_00_v2_signature_manipulation.png,800,1050,train,MIT
syn_doc_family_contract_007_inst_00_v3_photo_replacement,doc_family_contract_007_inst_00,doc_family_contract_007,contract,synthetic,photo_replacement,1,"[87, 217, 250, 502]",46455,5.5304,data\synthetic\originals\doc_family_contract_007_inst_00.png,data\train\images\syn_doc_family_contract_007_inst_00_v3_photo_replacement.png,data\train\masks\syn_doc_family_contract_007_inst_00_v3_photo_replacement.png,800,1050,train,MIT
syn_doc_family_contract_007_inst_00_v4_stamp_seal_manipulation,doc_family_contract_007_inst_00,doc_family_contract_007,contract,synthetic,stamp_seal_manipulation,1,"[362, 581, 537, 756]",4271,0.5085,data\synthetic\originals\doc_family_contract_007_inst_00.png,data\train\images\syn_doc_family_contract_007_inst_00_v4_stamp_seal_manipulation.png,data\train\masks\syn_doc_family_contract_007_inst_00_v4_stamp_seal_manipulation.png,800,1050,train,MIT
syn_doc_family_contract_008_inst_00_authentic,doc_family_contract_008_inst_00,doc_family_contract_008,contract,synthetic,none,0,"[0, 0, 0, 0]",0,0.0,data\synthetic\originals\doc_family_contract_008_inst_00.png,data\train\images\syn_doc_family_contract_008_inst_00_authentic.png,data\train\masks\syn_doc_family_contract_008_inst_00_authentic.png,800,1050,train,MIT
syn_doc_family_contract_008_inst_00_v1_region_removal,doc_family_contract_008_inst_00,doc_family_contract_008,contract,synthetic,region_removal,1,"[421, 816, 747, 887]",23146,2.7555,data\synthetic\originals\doc_family_contract_008_inst_00.png,data\train\images\syn_doc_family_contract_008_inst_00_v1_region_removal.png,data\train\masks\syn_doc_family_contract_008_inst_00_v1_region_removal.png,800,1050,train,MIT
syn_doc_family_contract_008_inst_00_v2_local_inpainting,doc_family_contract_008_inst_00,doc_family_contract_008,contract,synthetic,local_inpainting,1,"[432, 801, 628, 833]",6272,0.7467,data\synthetic\originals\doc_family_contract_008_inst_00.png,data\train\images\syn_doc_family_contract_008_inst_00_v2_local_inpainting.png,data\train\masks\syn_doc_family_contract_008_inst_00_v2_local_inpainting.png,800,1050,train,MIT
syn_doc_family_contract_008_inst_00_v3_text_replacement,doc_family_contract_008_inst_00,doc_family_contract_008,contract,synthetic,text_replacement,1,"[349, 569, 541, 628]",11328,1.3486,data\synthetic\originals\doc_family_contract_008_inst_00.png,data\train\images\syn_doc_family_contract_008_inst_00_v3_text_replacement.png,data\train\masks\syn_doc_family_contract_008_inst_00_v3_text_replacement.png,800,1050,train,MIT
syn_doc_family_contract_008_inst_00_v4_number_amount_replacement,doc_family_contract_008_inst_00,doc_family_contract_008,contract,synthetic,number_amount_replacement,1,"[435, 362, 573, 413]",7038,0.8379,data\synthetic\originals\doc_family_contract_008_inst_00.png,data\train\images\syn_doc_family_contract_008_inst_00_v4_number_amount_replacement.png,data\train\masks\syn_doc_family_contract_008_inst_00_v4_number_amount_replacement.png,800,1050,train,MIT
syn_doc_family_contract_009_inst_00_authentic,doc_family_contract_009_inst_00,doc_family_contract_009,contract,synthetic,none,0,"[0, 0, 0, 0]",0,0.0,data\synthetic\originals\doc_family_contract_009_inst_00.png,data\test\images\syn_doc_family_contract_009_inst_00_authentic.png,data\test\masks\syn_doc_family_contract_009_inst_00_authentic.png,800,1050,test,MIT
syn_doc_family_contract_009_inst_00_v1_date_replacement,doc_family_contract_009_inst_00,doc_family_contract_009,contract,synthetic,date_replacement,1,"[421, 360, 603, 406]",8372,0.9967,data\synthetic\originals\doc_family_contract_009_inst_00.png,data\test\images\syn_doc_family_contract_009_inst_00_v1_date_replacement.png,data\test\masks\syn_doc_family_contract_009_inst_00_v1_date_replacement.png,800,1050,test,MIT
syn_doc_family_contract_009_inst_00_v2_copy_move_intra,doc_family_contract_009_inst_00,doc_family_contract_009,contract,synthetic,copy_move_intra,1,"[454, 303, 586, 394]",12012,1.43,data\synthetic\originals\doc_family_contract_009_inst_00.png,data\test\images\syn_doc_family_contract_009_inst_00_v2_copy_move_intra.png,data\test\masks\syn_doc_family_contract_009_inst_00_v2_copy_move_intra.png,800,1050,test,MIT
syn_doc_family_contract_009_inst_00_v3_copy_paste_inter,doc_family_contract_009_inst_00,doc_family_contract_009,contract,synthetic,copy_paste_inter,1,"[41, 777, 233, 859]",15744,1.8743,data\synthetic\originals\doc_family_contract_009_inst_00.png,data\test\images\syn_doc_family_contract_009_inst_00_v3_copy_paste_inter.png,data\test\masks\syn_doc_family_contract_009_inst_00_v3_copy_paste_inter.png,800,1050,test,MIT
syn_doc_family_contract_009_inst_00_v4_signature_manipulation,doc_family_contract_009_inst_00,doc_family_contract_009,contract,synthetic,signature_manipulation,1,"[164, 703, 453, 770]",19363,2.3051,data\synthetic\originals\doc_family_contract_009_inst_00.png,data\test\images\syn_doc_family_contract_009_inst_00_v4_signature_manipulation.png,data\test\masks\syn_doc_family_contract_009_inst_00_v4_signature_manipulation.png,800,1050,test,MIT
syn_doc_family_contract_010_inst_00_authentic,doc_family_contract_010_inst_00,doc_family_contract_010,contract,synthetic,none,0,"[0, 0, 0, 0]",0,0.0,data\synthetic\originals\doc_family_contract_010_inst_00.png,data\train\images\syn_doc_family_contract_010_inst_00_authentic.png,data\train\masks\syn_doc_family_contract_010_inst_00_authentic.png,800,1050,train,MIT
syn_doc_family_contract_010_inst_00_v1_photo_replacement,doc_family_contract_010_inst_00,doc_family_contract_010,contract,synthetic,photo_replacement,1,"[232, 473, 413, 753]",50680,6.0333,data\synthetic\originals\doc_family_contract_010_inst_00.png,data\train\images\syn_doc_family_contract_010_inst_00_v1_photo_replacement.png,data\train\masks\syn_doc_family_contract_010_inst_00_v1_photo_replacement.png,800,1050,train,MIT
syn_doc_family_contract_010_inst_00_v2_stamp_seal_manipulation,doc_family_contract_010_inst_00,doc_family_contract_010,contract,synthetic,stamp_seal_manipulation,1,"[294, 659, 492, 857]",5058,0.6021,data\synthetic\originals\doc_family_contract_010_inst_00.png,data\train\images\syn_doc_family_contract_010_inst_00_v2_stamp_seal_manipulation.png,data\train\masks\syn_doc_family_contract_010_inst_00_v2_stamp_seal_manipulation.png,800,1050,train,MIT
syn_doc_family_contract_010_inst_00_v3_region_removal,doc_family_contract_010_inst_00,doc_family_contract_010,contract,synthetic,region_removal,1,"[279, 612, 530, 664]",13052,1.5538,data\synthetic\originals\doc_family_contract_010_inst_00.png,data\train\images\syn_doc_family_contract_010_inst_00_v3_region_removal.png,data\train\masks\syn_doc_family_contract_010_inst_00_v3_region_removal.png,800,1050,train,MIT
syn_doc_family_contract_010_inst_00_v4_local_inpainting,doc_family_contract_010_inst_00,doc_family_contract_010,contract,synthetic,local_inpainting,1,"[133, 662, 368, 695]",7755,0.9232,data\synthetic\originals\doc_family_contract_010_inst_00.png,data\train\images\syn_doc_family_contract_010_inst_00_v4_local_inpainting.png,data\train\masks\syn_doc_family_contract_010_inst_00_v4_local_inpainting.png,800,1050,train,MIT
syn_doc_family_contract_011_inst_00_authentic,doc_family_contract_011_inst_00,doc_family_contract_011,contract,synthetic,none,0,"[0, 0, 0, 0]",0,0.0,data\synthetic\originals\doc_family_contract_011_inst_00.png,data\train\images\syn_doc_family_contract_011_inst_00_authentic.png,data\train\masks\syn_doc_family_contract_011_inst_00_authentic.png,800,1050,train,MIT
syn_doc_family_contract_011_inst_00_v1_text_replacement,doc_family_contract_011_inst_00,doc_family_contract_011,contract,synthetic,text_replacement,1,"[208, 495, 439, 532]",8547,1.0175,data\synthetic\originals\doc_family_contract_011_inst_00.png,data\train\images\syn_doc_family_contract_011_inst_00_v1_text_replacement.png,data\train\masks\syn_doc_family_contract_011_inst_00_v1_text_replacement.png,800,1050,train,MIT
syn_doc_family_contract_011_inst_00_v2_number_amount_replacement,doc_family_contract_011_inst_00,doc_family_contract_011,contract,synthetic,number_amount_replacement,1,"[388, 433, 527, 484]",7089,0.8439,data\synthetic\originals\doc_family_contract_011_inst_00.png,data\train\images\syn_doc_family_contract_011_inst_00_v2_number_amount_replacement.png,data\train\masks\syn_doc_family_contract_011_inst_00_v2_number_amount_replacement.png,800,1050,train,MIT
syn_doc_family_contract_011_inst_00_v3_date_replacement,doc_family_contract_011_inst_00,doc_family_contract_011,contract,synthetic,date_replacement,1,"[523, 328, 652, 365]",4773,0.5682,data\synthetic\originals\doc_family_contract_011_inst_00.png,data\train\images\syn_doc_family_contract_011_inst_00_v3_date_replacement.png,data\train\masks\syn_doc_family_contract_011_inst_00_v3_date_replacement.png,800,1050,train,MIT
syn_doc_family_contract_011_inst_00_v4_copy_move_intra,doc_family_contract_011_inst_00,doc_family_contract_011,contract,synthetic,copy_move_intra,1,"[539, 365, 646, 405]",4280,0.5095,data\synthetic\originals\doc_family_contract_011_inst_00.png,data\train\images\syn_doc_family_contract_011_inst_00_v4_copy_move_intra.png,data\train\masks\syn_doc_family_contract_011_inst_00_v4_copy_move_intra.png,800,1050,train,MIT
syn_doc_family_contract_012_inst_00_authentic,doc_family_contract_012_inst_00,doc_family_contract_012,contract,synthetic,none,0,"[0, 0, 0, 0]",0,0.0,data\synthetic\originals\doc_family_contract_012_inst_00.png,data\train\images\syn_doc_family_contract_012_inst_00_authentic.png,data\train\masks\syn_doc_family_contract_012_inst_00_authentic.png,800,1050,train,MIT
syn_doc_family_contract_012_inst_00_v1_copy_paste_inter,doc_family_contract_012_inst_00,doc_family_contract_012,contract,synthetic,copy_paste_inter,1,"[538, 397, 733, 469]",14040,1.6714,data\synthetic\originals\doc_family_contract_012_inst_00.png,data\train\images\syn_doc_family_contract_012_inst_00_v1_copy_paste_inter.png,data\train\masks\syn_doc_family_contract_012_inst_00_v1_copy_paste_inter.png,800,1050,train,MIT
syn_doc_family_contract_012_inst_00_v2_signature_manipulation,doc_family_contract_012_inst_00,doc_family_contract_012,contract,synthetic,signature_manipulation,1,"[155, 862, 451, 944]",24272,2.8895,data\synthetic\originals\doc_family_contract_012_inst_00.png,data\train\images\syn_doc_family_contract_012_inst_00_v2_signature_manipulation.png,data\train\masks\syn_doc_family_contract_012_inst_00_v2_signature_manipulation.png,800,1050,train,MIT
syn_doc_family_contract_012_inst_00_v3_photo_replacement,doc_family_contract_012_inst_00,doc_family_contract_012,contract,synthetic,photo_replacement,1,"[43, 295, 252, 586]",60819,7.2404,data\synthetic\originals\doc_family_contract_012_inst_00.png,data\train\images\syn_doc_family_contract_012_inst_00_v3_photo_replacement.png,data\train\masks\syn_doc_family_contract_012_inst_00_v3_photo_replacement.png,800,1050,train,MIT
syn_doc_family_contract_012_inst_00_v4_stamp_seal_manipulation,doc_family_contract_012_inst_00,doc_family_contract_012,contract,synthetic,stamp_seal_manipulation,1,"[619, 676, 741, 798]",2662,0.3169,data\synthetic\originals\doc_family_contract_012_inst_00.png,data\train\images\syn_doc_family_contract_012_inst_00_v4_stamp_seal_manipulation.png,data\train\masks\syn_doc_family_contract_012_inst_00_v4_stamp_seal_manipulation.png,800,1050,train,MIT
syn_doc_family_contract_013_inst_00_authentic,doc_family_contract_013_inst_00,doc_family_contract_013,contract,synthetic,none,0,"[0, 0, 0, 0]",0,0.0,data\synthetic\originals\doc_family_contract_013_inst_00.png,data\train\images\syn_doc_family_contract_013_inst_00_authentic.png,data\train\masks\syn_doc_family_contract_013_inst_00_authentic.png,800,1050,train,MIT
syn_doc_family_contract_013_inst_00_v1_region_removal,doc_family_contract_013_inst_00,doc_family_contract_013,contract,synthetic,region_removal,1,"[128, 862, 419, 957]",27645,3.2911,data\synthetic\originals\doc_family_contract_013_inst_00.png,data\train\images\syn_doc_family_contract_013_inst_00_v1_region_removal.png,data\train\masks\syn_doc_family_contract_013_inst_00_v1_region_removal.png,800,1050,train,MIT
syn_doc_family_contract_013_inst_00_v2_local_inpainting,doc_family_contract_013_inst_00,doc_family_contract_013,contract,synthetic,local_inpainting,1,"[214, 362, 375, 405]",6923,0.8242,data\synthetic\originals\doc_family_contract_013_inst_00.png,data\train\images\syn_doc_family_contract_013_inst_00_v2_local_inpainting.png,data\train\masks\syn_doc_family_contract_013_inst_00_v2_local_inpainting.png,800,1050,train,MIT
syn_doc_family_contract_013_inst_00_v3_text_replacement,doc_family_contract_013_inst_00,doc_family_contract_013,contract,synthetic,text_replacement,1,"[370, 684, 651, 727]",12083,1.4385,data\synthetic\originals\doc_family_contract_013_inst_00.png,data\train\images\syn_doc_family_contract_013_inst_00_v3_text_replacement.png,data\train\masks\syn_doc_family_contract_013_inst_00_v3_text_replacement.png,800,1050,train,MIT
syn_doc_family_contract_013_inst_00_v4_number_amount_replacement,doc_family_contract_013_inst_00,doc_family_contract_013,contract,synthetic,number_amount_replacement,1,"[412, 662, 527, 709]",5405,0.6435,data\synthetic\originals\doc_family_contract_013_inst_00.png,data\train\images\syn_doc_family_contract_013_inst_00_v4_number_amount_replacement.png,data\train\masks\syn_doc_family_contract_013_inst_00_v4_number_amount_replacement.png,800,1050,train,MIT
syn_doc_family_contract_014_inst_00_authentic,doc_family_contract_014_inst_00,doc_family_contract_014,contract,synthetic,none,0,"[0, 0, 0, 0]",0,0.0,data\synthetic\originals\doc_family_contract_014_inst_00.png,data\train\images\syn_doc_family_contract_014_inst_00_authentic.png,data\train\masks\syn_doc_family_contract_014_inst_00_authentic.png,800,1050,train,MIT
syn_doc_family_contract_014_inst_00_v1_date_replacement,doc_family_contract_014_inst_00,doc_family_contract_014,contract,synthetic,date_replacement,1,"[542, 300, 671, 348]",6192,0.7371,data\synthetic\originals\doc_family_contract_014_inst_00.png,data\train\images\syn_doc_family_contract_014_inst_00_v1_date_replacement.png,data\train\masks\syn_doc_family_contract_014_inst_00_v1_date_replacement.png,800,1050,train,MIT
syn_doc_family_contract_014_inst_00_v2_copy_move_intra,doc_family_contract_014_inst_00,doc_family_contract_014,contract,synthetic,copy_move_intra,1,"[633, 549, 740, 615]",7062,0.8407,data\synthetic\originals\doc_family_contract_014_inst_00.png,data\train\images\syn_doc_family_contract_014_inst_00_v2_copy_move_intra.png,data\train\masks\syn_doc_family_contract_014_inst_00_v2_copy_move_intra.png,800,1050,train,MIT
syn_doc_family_contract_014_inst_00_v3_copy_paste_inter,doc_family_contract_014_inst_00,doc_family_contract_014,contract,synthetic,copy_paste_inter,1,"[326, 504, 605, 558]",15066,1.7936,data\synthetic\originals\doc_family_contract_014_inst_00.png,data\train\images\syn_doc_family_contract_014_inst_00_v3_copy_paste_inter.png,data\train\masks\syn_doc_family_contract_014_inst_00_v3_copy_paste_inter.png,800,1050,train,MIT
syn_doc_family_contract_014_inst_00_v4_signature_manipulation,doc_family_contract_014_inst_00,doc_family_contract_014,contract,synthetic,signature_manipulation,1,"[448, 907, 718, 1004]",26190,3.1179,data\synthetic\originals\doc_family_contract_014_inst_00.png,data\train\images\syn_doc_family_contract_014_inst_00_v4_signature_manipulation.png,data\train\masks\syn_doc_family_contract_014_inst_00_v4_signature_manipulation.png,800,1050,train,MIT
syn_doc_family_contract_015_inst_00_authentic,doc_family_contract_015_inst_00,doc_family_contract_015,contract,synthetic,none,0,"[0, 0, 0, 0]",0,0.0,data\synthetic\originals\doc_family_contract_015_inst_00.png,data\train\images\syn_doc_family_contract_015_inst_00_authentic.png,data\train\masks\syn_doc_family_contract_015_inst_00_authentic.png,800,1050,train,MIT
syn_doc_family_contract_015_inst_00_v1_photo_replacement,doc_family_contract_015_inst_00,doc_family_contract_015,contract,synthetic,photo_replacement,1,"[219, 359, 400, 640]",50861,6.0549,data\synthetic\originals\doc_family_contract_015_inst_00.png,data\train\images\syn_doc_family_contract_015_inst_00_v1_photo_replacement.png,data\train\masks\syn_doc_family_contract_015_inst_00_v1_photo_replacement.png,800,1050,train,MIT
syn_doc_family_contract_015_inst_00_v2_stamp_seal_manipulation,doc_family_contract_015_inst_00,doc_family_contract_015,contract,synthetic,stamp_seal_manipulation,1,"[473, 808, 653, 988]",4507,0.5365,data\synthetic\originals\doc_family_contract_015_inst_00.png,data\train\images\syn_doc_family_contract_015_inst_00_v2_stamp_seal_manipulation.png,data\train\masks\syn_doc_family_contract_015_inst_00_v2_stamp_seal_manipulation.png,800,1050,train,MIT
syn_doc_family_contract_015_inst_00_v3_region_removal,doc_family_contract_015_inst_00,doc_family_contract_015,contract,synthetic,region_removal,1,"[446, 578, 730, 701]",34932,4.1586,data\synthetic\originals\doc_family_contract_015_inst_00.png,data\train\images\syn_doc_family_contract_015_inst_00_v3_region_removal.png,data\train\masks\syn_doc_family_contract_015_inst_00_v3_region_removal.png,800,1050,train,MIT
syn_doc_family_contract_015_inst_00_v4_local_inpainting,doc_family_contract_015_inst_00,doc_family_contract_015,contract,synthetic,local_inpainting,1,"[536, 316, 684, 362]",6808,0.8105,data\synthetic\originals\doc_family_contract_015_inst_00.png,data\train\images\syn_doc_family_contract_015_inst_00_v4_local_inpainting.png,data\train\masks\syn_doc_family_contract_015_inst_00_v4_local_inpainting.png,800,1050,train,MIT
syn_doc_family_contract_016_inst_00_authentic,doc_family_contract_016_inst_00,doc_family_contract_016,contract,synthetic,none,0,"[0, 0, 0, 0]",0,0.0,data\synthetic\originals\doc_family_contract_016_inst_00.png,data\test\images\syn_doc_family_contract_016_inst_00_authentic.png,data\test\masks\syn_doc_family_contract_016_inst_00_authentic.png,800,1050,test,MIT
syn_doc_family_contract_016_inst_00_v1_text_replacement,doc_family_contract_016_inst_00,doc_family_contract_016,contract,synthetic,text_replacement,1,"[221, 271, 539, 305]",10812,1.2871,data\synthetic\originals\doc_family_contract_016_inst_00.png,data\test\images\syn_doc_family_contract_016_inst_00_v1_text_replacement.png,data\test\masks\syn_doc_family_contract_016_inst_00_v1_text_replacement.png,800,1050,test,MIT
syn_doc_family_contract_016_inst_00_v2_number_amount_replacement,doc_family_contract_016_inst_00,doc_family_contract_016,contract,synthetic,number_amount_replacement,1,"[367, 484, 488, 521]",4477,0.533,data\synthetic\originals\doc_family_contract_016_inst_00.png,data\test\images\syn_doc_family_contract_016_inst_00_v2_number_amount_replacement.png,data\test\masks\syn_doc_family_contract_016_inst_00_v2_number_amount_replacement.png,800,1050,test,MIT
syn_doc_family_contract_016_inst_00_v3_date_replacement,doc_family_contract_016_inst_00,doc_family_contract_016,contract,synthetic,date_replacement,1,"[378, 341, 525, 378]",5439,0.6475,data\synthetic\originals\doc_family_contract_016_inst_00.png,data\test\images\syn_doc_family_contract_016_inst_00_v3_date_replacement.png,data\test\masks\syn_doc_family_contract_016_inst_00_v3_date_replacement.png,800,1050,test,MIT
syn_doc_family_contract_016_inst_00_v4_copy_move_intra,doc_family_contract_016_inst_00,doc_family_contract_016,contract,synthetic,copy_move_intra,1,"[305, 743, 455, 804]",9150,1.0893,data\synthetic\originals\doc_family_contract_016_inst_00.png,data\test\images\syn_doc_family_contract_016_inst_00_v4_copy_move_intra.png,data\test\masks\syn_doc_family_contract_016_inst_00_v4_copy_move_intra.png,800,1050,test,MIT
syn_doc_family_contract_017_inst_00_authentic,doc_family_contract_017_inst_00,doc_family_contract_017,contract,synthetic,none,0,"[0, 0, 0, 0]",0,0.0,data\synthetic\originals\doc_family_contract_017_inst_00.png,data\train\images\syn_doc_family_contract_017_inst_00_authentic.png,data\train\masks\syn_doc_family_contract_017_inst_00_authentic.png,800,1050,train,MIT
syn_doc_family_contract_017_inst_00_v1_copy_paste_inter,doc_family_contract_017_inst_00,doc_family_contract_017,contract,synthetic,copy_paste_inter,1,"[91, 526, 314, 604]",17394,2.0707,data\synthetic\originals\doc_family_contract_017_inst_00.png,data\train\images\syn_doc_family_contract_017_inst_00_v1_copy_paste_inter.png,data\train\masks\syn_doc_family_contract_017_inst_00_v1_copy_paste_inter.png,800,1050,train,MIT
syn_doc_family_contract_017_inst_00_v2_signature_manipulation,doc_family_contract_017_inst_00,doc_family_contract_017,contract,synthetic,signature_manipulation,1,"[393, 888, 647, 987]",25146,2.9936,data\synthetic\originals\doc_family_contract_017_inst_00.png,data\train\images\syn_doc_family_contract_017_inst_00_v2_signature_manipulation.png,data\train\masks\syn_doc_family_contract_017_inst_00_v2_signature_manipulation.png,800,1050,train,MIT
syn_doc_family_contract_017_inst_00_v3_photo_replacement,doc_family_contract_017_inst_00,doc_family_contract_017,contract,synthetic,photo_replacement,1,"[90, 190, 309, 546]",77964,9.2814,data\synthetic\originals\doc_family_contract_017_inst_00.png,data\train\images\syn_doc_family_contract_017_inst_00_v3_photo_replacement.png,data\train\masks\syn_doc_family_contract_017_inst_00_v3_photo_replacement.png,800,1050,train,MIT
syn_doc_family_contract_017_inst_00_v4_stamp_seal_manipulation,doc_family_contract_017_inst_00,doc_family_contract_017,contract,synthetic,stamp_seal_manipulation,1,"[320, 595, 490, 765]",4189,0.4987,data\synthetic\originals\doc_family_contract_017_inst_00.png,data\train\images\syn_doc_family_contract_017_inst_00_v4_stamp_seal_manipulation.png,data\train\masks\syn_doc_family_contract_017_inst_00_v4_stamp_seal_manipulation.png,800,1050,train,MIT
syn_doc_family_contract_018_inst_00_authentic,doc_family_contract_018_inst_00,doc_family_contract_018,contract,synthetic,none,0,"[0, 0, 0, 0]",0,0.0,data\synthetic\originals\doc_family_contract_018_inst_00.png,data\val\images\syn_doc_family_contract_018_inst_00_authentic.png,data\val\masks\syn_doc_family_contract_018_inst_00_authentic.png,800,1050,val,MIT
syn_doc_family_contract_018_inst_00_v1_region_removal,doc_family_contract_018_inst_00,doc_family_contract_018,contract,synthetic,region_removal,1,"[461, 669, 701, 772]",24720,2.9429,data\synthetic\originals\doc_family_contract_018_inst_00.png,data\val\images\syn_doc_family_contract_018_inst_00_v1_region_removal.png,data\val\masks\syn_doc_family_contract_018_inst_00_v1_region_removal.png,800,1050,val,MIT
syn_doc_family_contract_018_inst_00_v2_local_inpainting,doc_family_contract_018_inst_00,doc_family_contract_018,contract,synthetic,local_inpainting,1,"[351, 379, 538, 410]",5797,0.6901,data\synthetic\originals\doc_family_contract_018_inst_00.png,data\val\images\syn_doc_family_contract_018_inst_00_v2_local_inpainting.png,data\val\masks\syn_doc_family_contract_018_inst_00_v2_local_inpainting.png,800,1050,val,MIT
syn_doc_family_contract_018_inst_00_v3_text_replacement,doc_family_contract_018_inst_00,doc_family_contract_018,contract,synthetic,text_replacement,1,"[344, 519, 505, 561]",6762,0.805,data\synthetic\originals\doc_family_contract_018_inst_00.png,data\val\images\syn_doc_family_contract_018_inst_00_v3_text_replacement.png,data\val\masks\syn_doc_family_contract_018_inst_00_v3_text_replacement.png,800,1050,val,MIT
syn_doc_family_contract_018_inst_00_v4_number_amount_replacement,doc_family_contract_018_inst_00,doc_family_contract_018,contract,synthetic,number_amount_replacement,1,"[419, 745, 557, 798]",7314,0.8707,data\synthetic\originals\doc_family_contract_018_inst_00.png,data\val\images\syn_doc_family_contract_018_inst_00_v4_number_amount_replacement.png,data\val\masks\syn_doc_family_contract_018_inst_00_v4_number_amount_replacement.png,800,1050,val,MIT
syn_doc_family_contract_019_inst_00_authentic,doc_family_contract_019_inst_00,doc_family_contract_019,contract,synthetic,none,0,"[0, 0, 0, 0]",0,0.0,data\synthetic\originals\doc_family_contract_019_inst_00.png,data\train\images\syn_doc_family_contract_019_inst_00_authentic.png,data\train\masks\syn_doc_family_contract_019_inst_00_authentic.png,800,1050,train,MIT
syn_doc_family_contract_019_inst_00_v1_date_replacement,doc_family_contract_019_inst_00,doc_family_contract_019,contract,synthetic,date_replacement,1,"[384, 199, 588, 250]",10404,1.2386,data\synthetic\originals\doc_family_contract_019_inst_00.png,data\train\images\syn_doc_family_contract_019_inst_00_v1_date_replacement.png,data\train\masks\syn_doc_family_contract_019_inst_00_v1_date_replacement.png,800,1050,train,MIT
syn_doc_family_contract_019_inst_00_v2_copy_move_intra,doc_family_contract_019_inst_00,doc_family_contract_019,contract,synthetic,copy_move_intra,1,"[404, 536, 515, 577]",4551,0.5418,data\synthetic\originals\doc_family_contract_019_inst_00.png,data\train\images\syn_doc_family_contract_019_inst_00_v2_copy_move_intra.png,data\train\masks\syn_doc_family_contract_019_inst_00_v2_copy_move_intra.png,800,1050,train,MIT
syn_doc_family_contract_019_inst_00_v3_copy_paste_inter,doc_family_contract_019_inst_00,doc_family_contract_019,contract,synthetic,copy_paste_inter,1,"[76, 701, 290, 750]",10486,1.2483,data\synthetic\originals\doc_family_contract_019_inst_00.png,data\train\images\syn_doc_family_contract_019_inst_00_v3_copy_paste_inter.png,data\train\masks\syn_doc_family_contract_019_inst_00_v3_copy_paste_inter.png,800,1050,train,MIT
syn_doc_family_contract_019_inst_00_v4_signature_manipulation,doc_family_contract_019_inst_00,doc_family_contract_019,contract,synthetic,signature_manipulation,1,"[383, 940, 642, 994]",13986,1.665,data\synthetic\originals\doc_family_contract_019_inst_00.png,data\train\images\syn_doc_family_contract_019_inst_00_v4_signature_manipulation.png,data\train\masks\syn_doc_family_contract_019_inst_00_v4_signature_manipulation.png,800,1050,train,MIT
syn_doc_family_contract_020_inst_00_authentic,doc_family_contract_020_inst_00,doc_family_contract_020,contract,synthetic,none,0,"[0, 0, 0, 0]",0,0.0,data\synthetic\originals\doc_family_contract_020_inst_00.png,data\train\images\syn_doc_family_contract_020_inst_00_authentic.png,data\train\masks\syn_doc_family_contract_020_inst_00_authentic.png,800,1050,train,MIT
syn_doc_family_contract_020_inst_00_v1_photo_replacement,doc_family_contract_020_inst_00,doc_family_contract_020,contract,synthetic,photo_replacement,1,"[204, 304, 363, 621]",50403,6.0004,data\synthetic\originals\doc_family_contract_020_inst_00.png,data\train\images\syn_doc_family_contract_020_inst_00_v1_photo_replacement.png,data\train\masks\syn_doc_family_contract_020_inst_00_v1_photo_replacement.png,800,1050,train,MIT
syn_doc_family_contract_020_inst_00_v2_stamp_seal_manipulation,doc_family_contract_020_inst_00,doc_family_contract_020,contract,synthetic,stamp_seal_manipulation,1,"[555, 669, 678, 792]",2698,0.3212,data\synthetic\originals\doc_family_contract_020_inst_00.png,data\train\images\syn_doc_family_contract_020_inst_00_v2_stamp_seal_manipulation.png,data\train\masks\syn_doc_family_contract_020_inst_00_v2_stamp_seal_manipulation.png,800,1050,train,MIT
syn_doc_family_contract_020_inst_00_v3_region_removal,doc_family_contract_020_inst_00,doc_family_contract_020,contract,synthetic,region_removal,1,"[299, 477, 599, 577]",30000,3.5714,data\synthetic\originals\doc_family_contract_020_inst_00.png,data\train\images\syn_doc_family_contract_020_inst_00_v3_region_removal.png,data\train\masks\syn_doc_family_contract_020_inst_00_v3_region_removal.png,800,1050,train,MIT
syn_doc_family_contract_020_inst_00_v4_local_inpainting,doc_family_contract_020_inst_00,doc_family_contract_020,contract,synthetic,local_inpainting,1,"[572, 396, 702, 451]",7150,0.8512,data\synthetic\originals\doc_family_contract_020_inst_00.png,data\train\images\syn_doc_family_contract_020_inst_00_v4_local_inpainting.png,data\train\masks\syn_doc_family_contract_020_inst_00_v4_local_inpainting.png,800,1050,train,MIT
syn_doc_family_contract_021_inst_00_authentic,doc_family_contract_021_inst_00,doc_family_contract_021,contract,synthetic,none,0,"[0, 0, 0, 0]",0,0.0,data\synthetic\originals\doc_family_contract_021_inst_00.png,data\val\images\syn_doc_family_contract_021_inst_00_authentic.png,data\val\masks\syn_doc_family_contract_021_inst_00_authentic.png,800,1050,val,MIT
syn_doc_family_contract_021_inst_00_v1_text_replacement,doc_family_contract_021_inst_00,doc_family_contract_021,contract,synthetic,text_replacement,1,"[399, 407, 591, 468]",11712,1.3943,data\synthetic\originals\doc_family_contract_021_inst_00.png,data\val\images\syn_doc_family_contract_021_inst_00_v1_text_replacement.png,data\val\masks\syn_doc_family_contract_021_inst_00_v1_text_replacement.png,800,1050,val,MIT
syn_doc_family_contract_021_inst_00_v2_number_amount_replacement,doc_family_contract_021_inst_00,doc_family_contract_021,contract,synthetic,number_amount_replacement,1,"[524, 576, 681, 618]",6594,0.785,data\synthetic\originals\doc_family_contract_021_inst_00.png,data\val\images\syn_doc_family_contract_021_inst_00_v2_number_amount_replacement.png,data\val\masks\syn_doc_family_contract_021_inst_00_v2_number_amount_replacement.png,800,1050,val,MIT
syn_doc_family_contract_021_inst_00_v3_date_replacement,doc_family_contract_021_inst_00,doc_family_contract_021,contract,synthetic,date_replacement,1,"[409, 199, 588, 232]",5907,0.7032,data\synthetic\originals\doc_family_contract_021_inst_00.png,data\val\images\syn_doc_family_contract_021_inst_00_v3_date_replacement.png,data\val\masks\syn_doc_family_contract_021_inst_00_v3_date_replacement.png,800,1050,val,MIT
syn_doc_family_contract_021_inst_00_v4_copy_move_intra,doc_family_contract_021_inst_00,doc_family_contract_021,contract,synthetic,copy_move_intra,1,"[142, 706, 263, 751]",5445,0.6482,data\synthetic\originals\doc_family_contract_021_inst_00.png,data\val\images\syn_doc_family_contract_021_inst_00_v4_copy_move_intra.png,data\val\masks\syn_doc_family_contract_021_inst_00_v4_copy_move_intra.png,800,1050,val,MIT
syn_doc_family_contract_022_inst_00_authentic,doc_family_contract_022_inst_00,doc_family_contract_022,contract,synthetic,none,0,"[0, 0, 0, 0]",0,0.0,data\synthetic\originals\doc_family_contract_022_inst_00.png,data\val\images\syn_doc_family_contract_022_inst_00_authentic.png,data\val\masks\syn_doc_family_contract_022_inst_00_authentic.png,800,1050,val,MIT
syn_doc_family_contract_022_inst_00_v1_copy_paste_inter,doc_family_contract_022_inst_00,doc_family_contract_022,contract,synthetic,copy_paste_inter,1,"[483, 270, 635, 333]",9576,1.14,data\synthetic\originals\doc_family_contract_022_inst_00.png,data\val\images\syn_doc_family_contract_022_inst_00_v1_copy_paste_inter.png,data\val\masks\syn_doc_family_contract_022_inst_00_v1_copy_paste_inter.png,800,1050,val,MIT
syn_doc_family_contract_022_inst_00_v2_signature_manipulation,doc_family_contract_022_inst_00,doc_family_contract_022,contract,synthetic,signature_manipulation,1,"[373, 794, 616, 868]",17982,2.1407,data\synthetic\originals\doc_family_contract_022_inst_00.png,data\val\images\syn_doc_family_contract_022_inst_00_v2_signature_manipulation.png,data\val\masks\syn_doc_family_contract_022_inst_00_v2_signature_manipulation.png,800,1050,val,MIT
syn_doc_family_contract_022_inst_00_v3_photo_replacement,doc_family_contract_022_inst_00,doc_family_contract_022,contract,synthetic,photo_replacement,1,"[67, 427, 235, 667]",40320,4.8,data\synthetic\originals\doc_family_contract_022_inst_00.png,data\val\images\syn_doc_family_contract_022_inst_00_v3_photo_replacement.png,data\val\masks\syn_doc_family_contract_022_inst_00_v3_photo_replacement.png,800,1050,val,MIT
syn_doc_family_contract_022_inst_00_v4_stamp_seal_manipulation,doc_family_contract_022_inst_00,doc_family_contract_022,contract,synthetic,stamp_seal_manipulation,1,"[451, 691, 622, 862]",4228,0.5033,data\synthetic\originals\doc_family_contract_022_inst_00.png,data\val\images\syn_doc_family_contract_022_inst_00_v4_stamp_seal_manipulation.png,data\val\masks\syn_doc_family_contract_022_inst_00_v4_stamp_seal_manipulation.png,800,1050,val,MIT
syn_doc_family_contract_023_inst_00_authentic,doc_family_contract_023_inst_00,doc_family_contract_023,contract,synthetic,none,0,"[0, 0, 0, 0]",0,0.0,data\synthetic\originals\doc_family_contract_023_inst_00.png,data\train\images\syn_doc_family_contract_023_inst_00_authentic.png,data\train\masks\syn_doc_family_contract_023_inst_00_authentic.png,800,1050,train,MIT
syn_doc_family_contract_023_inst_00_v1_region_removal,doc_family_contract_023_inst_00,doc_family_contract_023,contract,synthetic,region_removal,1,"[434, 814, 610, 891]",13552,1.6133,data\synthetic\originals\doc_family_contract_023_inst_00.png,data\train\images\syn_doc_family_contract_023_inst_00_v1_region_removal.png,data\train\masks\syn_doc_family_contract_023_inst_00_v1_region_removal.png,800,1050,train,MIT
syn_doc_family_contract_023_inst_00_v2_local_inpainting,doc_family_contract_023_inst_00,doc_family_contract_023,contract,synthetic,local_inpainting,1,"[495, 790, 651, 852]",9672,1.1514,data\synthetic\originals\doc_family_contract_023_inst_00.png,data\train\images\syn_doc_family_contract_023_inst_00_v2_local_inpainting.png,data\train\masks\syn_doc_family_contract_023_inst_00_v2_local_inpainting.png,800,1050,train,MIT
syn_doc_family_contract_023_inst_00_v3_text_replacement,doc_family_contract_023_inst_00,doc_family_contract_023,contract,synthetic,text_replacement,1,"[494, 568, 668, 622]",9396,1.1186,data\synthetic\originals\doc_family_contract_023_inst_00.png,data\train\images\syn_doc_family_contract_023_inst_00_v3_text_replacement.png,data\train\masks\syn_doc_family_contract_023_inst_00_v3_text_replacement.png,800,1050,train,MIT
syn_doc_family_contract_023_inst_00_v4_number_amount_replacement,doc_family_contract_023_inst_00,doc_family_contract_023,contract,synthetic,number_amount_replacement,1,"[553, 371, 754, 404]",6633,0.7896,data\synthetic\originals\doc_family_contract_023_inst_00.png,data\train\images\syn_doc_family_contract_023_inst_00_v4_number_amount_replacement.png,data\train\masks\syn_doc_family_contract_023_inst_00_v4_number_amount_replacement.png,800,1050,train,MIT
syn_doc_family_contract_024_inst_00_authentic,doc_family_contract_024_inst_00,doc_family_contract_024,contract,synthetic,none,0,"[0, 0, 0, 0]",0,0.0,data\synthetic\originals\doc_family_contract_024_inst_00.png,data\train\images\syn_doc_family_contract_024_inst_00_authentic.png,data\train\masks\syn_doc_family_contract_024_inst_00_authentic.png,800,1050,train,MIT
syn_doc_family_contract_024_inst_00_v1_date_replacement,doc_family_contract_024_inst_00,doc_family_contract_024,contract,synthetic,date_replacement,1,"[399, 147, 607, 194]",9776,1.1638,data\synthetic\originals\doc_family_contract_024_inst_00.png,data\train\images\syn_doc_family_contract_024_inst_00_v1_date_replacement.png,data\train\masks\syn_doc_family_contract_024_inst_00_v1_date_replacement.png,800,1050,train,MIT
syn_doc_family_contract_024_inst_00_v2_copy_move_intra,doc_family_contract_024_inst_00,doc_family_contract_024,contract,synthetic,copy_move_intra,1,"[408, 479, 617, 541]",12958,1.5426,data\synthetic\originals\doc_family_contract_024_inst_00.png,data\train\images\syn_doc_family_contract_024_inst_00_v2_copy_move_intra.png,data\train\masks\syn_doc_family_contract_024_inst_00_v2_copy_move_intra.png,800,1050,train,MIT
syn_doc_family_contract_024_inst_00_v3_copy_paste_inter,doc_family_contract_024_inst_00,doc_family_contract_024,contract,synthetic,copy_paste_inter,1,"[360, 557, 593, 639]",19106,2.2745,data\synthetic\originals\doc_family_contract_024_inst_00.png,data\train\images\syn_doc_family_contract_024_inst_00_v3_copy_paste_inter.png,data\train\masks\syn_doc_family_contract_024_inst_00_v3_copy_paste_inter.png,800,1050,train,MIT
syn_doc_family_contract_024_inst_00_v4_signature_manipulation,doc_family_contract_024_inst_00,doc_family_contract_024,contract,synthetic,signature_manipulation,1,"[446, 794, 679, 859]",15145,1.803,data\synthetic\originals\doc_family_contract_024_inst_00.png,data\train\images\syn_doc_family_contract_024_inst_00_v4_signature_manipulation.png,data\train\masks\syn_doc_family_contract_024_inst_00_v4_signature_manipulation.png,800,1050,train,MIT
syn_doc_family_contract_025_inst_00_authentic,doc_family_contract_025_inst_00,doc_family_contract_025,contract,synthetic,none,0,"[0, 0, 0, 0]",0,0.0,data\synthetic\originals\doc_family_contract_025_inst_00.png,data\train\images\syn_doc_family_contract_025_inst_00_authentic.png,data\train\masks\syn_doc_family_contract_025_inst_00_authentic.png,800,1050,train,MIT
syn_doc_family_contract_025_inst_00_v1_photo_replacement,doc_family_contract_025_inst_00,doc_family_contract_025,contract,synthetic,photo_replacement,1,"[194, 539, 370, 829]",51040,6.0762,data\synthetic\originals\doc_family_contract_025_inst_00.png,data\train\images\syn_doc_family_contract_025_inst_00_v1_photo_replacement.png,data\train\masks\syn_doc_family_contract_025_inst_00_v1_photo_replacement.png,800,1050,train,MIT
syn_doc_family_contract_025_inst_00_v2_stamp_seal_manipulation,doc_family_contract_025_inst_00,doc_family_contract_025,contract,synthetic,stamp_seal_manipulation,1,"[319, 757, 468, 906]",3460,0.4119,data\synthetic\originals\doc_family_contract_025_inst_00.png,data\train\images\syn_doc_family_contract_025_inst_00_v2_stamp_seal_manipulation.png,data\train\masks\syn_doc_family_contract_025_inst_00_v2_stamp_seal_manipulation.png,800,1050,train,MIT
syn_doc_family_contract_025_inst_00_v3_region_removal,doc_family_contract_025_inst_00,doc_family_contract_025,contract,synthetic,region_removal,1,"[574, 838, 740, 947]",18094,2.154,data\synthetic\originals\doc_family_contract_025_inst_00.png,data\train\images\syn_doc_family_contract_025_inst_00_v3_region_removal.png,data\train\masks\syn_doc_family_contract_025_inst_00_v3_region_removal.png,800,1050,train,MIT
syn_doc_family_contract_025_inst_00_v4_local_inpainting,doc_family_contract_025_inst_00,doc_family_contract_025,contract,synthetic,local_inpainting,1,"[496, 504, 729, 559]",12815,1.5256,data\synthetic\originals\doc_family_contract_025_inst_00.png,data\train\images\syn_doc_family_contract_025_inst_00_v4_local_inpainting.png,data\train\masks\syn_doc_family_contract_025_inst_00_v4_local_inpainting.png,800,1050,train,MIT
syn_doc_family_contract_026_inst_00_authentic,doc_family_contract_026_inst_00,doc_family_contract_026,contract,synthetic,none,0,"[0, 0, 0, 0]",0,0.0,data\synthetic\originals\doc_family_contract_026_inst_00.png,data\train\images\syn_doc_family_contract_026_inst_00_authentic.png,data\train\masks\syn_doc_family_contract_026_inst_00_authentic.png,800,1050,train,MIT
syn_doc_family_contract_026_inst_00_v1_text_replacement,doc_family_contract_026_inst_00,doc_family_contract_026,contract,synthetic,text_replacement,1,"[428, 362, 718, 393]",8990,1.0702,data\synthetic\originals\doc_family_contract_026_inst_00.png,data\train\images\syn_doc_family_contract_026_inst_00_v1_text_replacement.png,data\train\masks\syn_doc_family_contract_026_inst_00_v1_text_replacement.png,800,1050,train,MIT
syn_doc_family_contract_026_inst_00_v2_number_amount_replacement,doc_family_contract_026_inst_00,doc_family_contract_026,contract,synthetic,number_amount_replacement,1,"[619, 555, 759, 599]",6160,0.7333,data\synthetic\originals\doc_family_contract_026_inst_00.png,data\train\images\syn_doc_family_contract_026_inst_00_v2_number_amount_replacement.png,data\train\masks\syn_doc_family_contract_026_inst_00_v2_number_amount_replacement.png,800,1050,train,MIT
syn_doc_family_contract_026_inst_00_v3_date_replacement,doc_family_contract_026_inst_00,doc_family_contract_026,contract,synthetic,date_replacement,1,"[585, 309, 753, 357]",8064,0.96,data\synthetic\originals\doc_family_contract_026_inst_00.png,data\train\images\syn_doc_family_contract_026_inst_00_v3_date_replacement.png,data\train\masks\syn_doc_family_contract_026_inst_00_v3_date_replacement.png,800,1050,train,MIT
syn_doc_family_contract_026_inst_00_v4_copy_move_intra,doc_family_contract_026_inst_00,doc_family_contract_026,contract,synthetic,copy_move_intra,1,"[55, 777, 226, 816]",6669,0.7939,data\synthetic\originals\doc_family_contract_026_inst_00.png,data\train\images\syn_doc_family_contract_026_inst_00_v4_copy_move_intra.png,data\train\masks\syn_doc_family_contract_026_inst_00_v4_copy_move_intra.png,800,1050,train,MIT
syn_doc_family_contract_027_inst_00_authentic,doc_family_contract_027_inst_00,doc_family_contract_027,contract,synthetic,none,0,"[0, 0, 0, 0]",0,0.0,data\synthetic\originals\doc_family_contract_027_inst_00.png,data\train\images\syn_doc_family_contract_027_inst_00_authentic.png,data\train\masks\syn_doc_family_contract_027_inst_00_authentic.png,800,1050,train,MIT
syn_doc_family_contract_027_inst_00_v1_copy_paste_inter,doc_family_contract_027_inst_00,doc_family_contract_027,contract,synthetic,copy_paste_inter,1,"[258, 510, 450, 554]",8448,1.0057,data\synthetic\originals\doc_family_contract_027_inst_00.png,data\train\images\syn_doc_family_contract_027_inst_00_v1_copy_paste_inter.png,data\train\masks\syn_doc_family_contract_027_inst_00_v1_copy_paste_inter.png,800,1050,train,MIT
syn_doc_family_contract_027_inst_00_v2_signature_manipulation,doc_family_contract_027_inst_00,doc_family_contract_027,contract,synthetic,signature_manipulation,1,"[356, 728, 636, 796]",19040,2.2667,data\synthetic\originals\doc_family_contract_027_inst_00.png,data\train\images\syn_doc_family_contract_027_inst_00_v2_signature_manipulation.png,data\train\masks\syn_doc_family_contract_027_inst_00_v2_signature_manipulation.png,800,1050,train,MIT
syn_doc_family_contract_027_inst_00_v3_photo_replacement,doc_family_contract_027_inst_00,doc_family_contract_027,contract,synthetic,photo_replacement,1,"[97, 199, 287, 461]",49780,5.9262,data\synthetic\originals\doc_family_contract_027_inst_00.png,data\train\images\syn_doc_family_contract_027_inst_00_v3_photo_replacement.png,data\train\masks\syn_doc_family_contract_027_inst_00_v3_photo_replacement.png,800,1050,train,MIT
syn_doc_family_contract_027_inst_00_v4_stamp_seal_manipulation,doc_family_contract_027_inst_00,doc_family_contract_027,contract,synthetic,stamp_seal_manipulation,1,"[344, 535, 496, 687]",3667,0.4365,data\synthetic\originals\doc_family_contract_027_inst_00.png,data\train\images\syn_doc_family_contract_027_inst_00_v4_stamp_seal_manipulation.png,data\train\masks\syn_doc_family_contract_027_inst_00_v4_stamp_seal_manipulation.png,800,1050,train,MIT
syn_doc_family_contract_028_inst_00_authentic,doc_family_contract_028_inst_00,doc_family_contract_028,contract,synthetic,none,0,"[0, 0, 0, 0]",0,0.0,data\synthetic\originals\doc_family_contract_028_inst_00.png,data\train\images\syn_doc_family_contract_028_inst_00_authentic.png,data\train\masks\syn_doc_family_contract_028_inst_00_authentic.png,800,1050,train,MIT
syn_doc_family_contract_028_inst_00_v1_region_removal,doc_family_contract_028_inst_00,doc_family_contract_028,contract,synthetic,region_removal,1,"[541, 854, 714, 946]",15916,1.8948,data\synthetic\originals\doc_family_contract_028_inst_00.png,data\train\images\syn_doc_family_contract_028_inst_00_v1_region_removal.png,data\train\masks\syn_doc_family_contract_028_inst_00_v1_region_removal.png,800,1050,train,MIT
syn_doc_family_contract_028_inst_00_v2_local_inpainting,doc_family_contract_028_inst_00,doc_family_contract_028,contract,synthetic,local_inpainting,1,"[309, 312, 537, 347]",7980,0.95,data\synthetic\originals\doc_family_contract_028_inst_00.png,data\train\images\syn_doc_family_contract_028_inst_00_v2_local_inpainting.png,data\train\masks\syn_doc_family_contract_028_inst_00_v2_local_inpainting.png,800,1050,train,MIT
syn_doc_family_contract_028_inst_00_v3_text_replacement,doc_family_contract_028_inst_00,doc_family_contract_028,contract,synthetic,text_replacement,1,"[483, 425, 715, 477]",12064,1.4362,data\synthetic\originals\doc_family_contract_028_inst_00.png,data\train\images\syn_doc_family_contract_028_inst_00_v3_text_replacement.png,data\train\masks\syn_doc_family_contract_028_inst_00_v3_text_replacement.png,800,1050,train,MIT
syn_doc_family_contract_028_inst_00_v4_number_amount_replacement,doc_family_contract_028_inst_00,doc_family_contract_028,contract,synthetic,number_amount_replacement,1,"[602, 587, 760, 625]",6004,0.7148,data\synthetic\originals\doc_family_contract_028_inst_00.png,data\train\images\syn_doc_family_contract_028_inst_00_v4_number_amount_replacement.png,data\train\masks\syn_doc_family_contract_028_inst_00_v4_number_amount_replacement.png,800,1050,train,MIT
syn_doc_family_contract_029_inst_00_authentic,doc_family_contract_029_inst_00,doc_family_contract_029,contract,synthetic,none,0,"[0, 0, 0, 0]",0,0.0,data\synthetic\originals\doc_family_contract_029_inst_00.png,data\val\images\syn_doc_family_contract_029_inst_00_authentic.png,data\val\masks\syn_doc_family_contract_029_inst_00_authentic.png,800,1050,val,MIT
syn_doc_family_contract_029_inst_00_v1_date_replacement,doc_family_contract_029_inst_00,doc_family_contract_029,contract,synthetic,date_replacement,1,"[327, 351, 471, 387]",5184,0.6171,data\synthetic\originals\doc_family_contract_029_inst_00.png,data\val\images\syn_doc_family_contract_029_inst_00_v1_date_replacement.png,data\val\masks\syn_doc_family_contract_029_inst_00_v1_date_replacement.png,800,1050,val,MIT
syn_doc_family_contract_029_inst_00_v2_copy_move_intra,doc_family_contract_029_inst_00,doc_family_contract_029,contract,synthetic,copy_move_intra,1,"[491, 871, 675, 929]",10672,1.2705,data\synthetic\originals\doc_family_contract_029_inst_00.png,data\val\images\syn_doc_family_contract_029_inst_00_v2_copy_move_intra.png,data\val\masks\syn_doc_family_contract_029_inst_00_v2_copy_move_intra.png,800,1050,val,MIT
syn_doc_family_contract_029_inst_00_v3_copy_paste_inter,doc_family_contract_029_inst_00,doc_family_contract_029,contract,synthetic,copy_paste_inter,1,"[430, 654, 625, 696]",8190,0.975,data\synthetic\originals\doc_family_contract_029_inst_00.png,data\val\images\syn_doc_family_contract_029_inst_00_v3_copy_paste_inter.png,data\val\masks\syn_doc_family_contract_029_inst_00_v3_copy_paste_inter.png,800,1050,val,MIT
syn_doc_family_contract_029_inst_00_v4_signature_manipulation,doc_family_contract_029_inst_00,doc_family_contract_029,contract,synthetic,signature_manipulation,1,"[186, 757, 487, 821]",19264,2.2933,data\synthetic\originals\doc_family_contract_029_inst_00.png,data\val\images\syn_doc_family_contract_029_inst_00_v4_signature_manipulation.png,data\val\masks\syn_doc_family_contract_029_inst_00_v4_signature_manipulation.png,800,1050,val,MIT
syn_doc_family_contract_030_inst_00_authentic,doc_family_contract_030_inst_00,doc_family_contract_030,contract,synthetic,none,0,"[0, 0, 0, 0]",0,0.0,data\synthetic\originals\doc_family_contract_030_inst_00.png,data\train\images\syn_doc_family_contract_030_inst_00_authentic.png,data\train\masks\syn_doc_family_contract_030_inst_00_authentic.png,800,1050,train,MIT
syn_doc_family_contract_030_inst_00_v1_photo_replacement,doc_family_contract_030_inst_00,doc_family_contract_030,contract,synthetic,photo_replacement,1,"[215, 522, 437, 853]",73482,8.7479,data\synthetic\originals\doc_family_contract_030_inst_00.png,data\train\images\syn_doc_family_contract_030_inst_00_v1_photo_replacement.png,data\train\masks\syn_doc_family_contract_030_inst_00_v1_photo_replacement.png,800,1050,train,MIT
syn_doc_family_contract_030_inst_00_v2_stamp_seal_manipulation,doc_family_contract_030_inst_00,doc_family_contract_030,contract,synthetic,stamp_seal_manipulation,1,"[371, 449, 493, 571]",2662,0.3169,data\synthetic\originals\doc_family_contract_030_inst_00.png,data\train\images\syn_doc_family_contract_030_inst_00_v2_stamp_seal_manipulation.png,data\train\masks\syn_doc_family_contract_030_inst_00_v2_stamp_seal_manipulation.png,800,1050,train,MIT
syn_doc_family_contract_030_inst_00_v3_region_removal,doc_family_contract_030_inst_00,doc_family_contract_030,contract,synthetic,region_removal,1,"[338, 456, 595, 509]",13621,1.6215,data\synthetic\originals\doc_family_contract_030_inst_00.png,data\train\images\syn_doc_family_contract_030_inst_00_v3_region_removal.png,data\train\masks\syn_doc_family_contract_030_inst_00_v3_region_removal.png,800,1050,train,MIT
syn_doc_family_contract_030_inst_00_v4_local_inpainting,doc_family_contract_030_inst_00,doc_family_contract_030,contract,synthetic,local_inpainting,1,"[567, 714, 743, 766]",9152,1.0895,data\synthetic\originals\doc_family_contract_030_inst_00.png,data\train\images\syn_doc_family_contract_030_inst_00_v4_local_inpainting.png,data\train\masks\syn_doc_family_contract_030_inst_00_v4_local_inpainting.png,800,1050,train,MIT
syn_doc_family_receipt_001_inst_00_authentic,doc_family_receipt_001_inst_00,doc_family_receipt_001,receipt,synthetic,none,0,"[0, 0, 0, 0]",0,0.0,data\synthetic\originals\doc_family_receipt_001_inst_00.png,data\train\images\syn_doc_family_receipt_001_inst_00_authentic.png,data\train\masks\syn_doc_family_receipt_001_inst_00_authentic.png,600,900,train,MIT
syn_doc_family_receipt_001_inst_00_v1_text_replacement,doc_family_receipt_001_inst_00,doc_family_receipt_001,receipt,synthetic,text_replacement,1,"[270, 234, 452, 271]",6734,1.247,data\synthetic\originals\doc_family_receipt_001_inst_00.png,data\train\images\syn_doc_family_receipt_001_inst_00_v1_text_replacement.png,data\train\masks\syn_doc_family_receipt_001_inst_00_v1_text_replacement.png,600,900,train,MIT
syn_doc_family_receipt_001_inst_00_v2_number_amount_replacement,doc_family_receipt_001_inst_00,doc_family_receipt_001,receipt,synthetic,number_amount_replacement,1,"[309, 483, 418, 529]",5014,0.9285,data\synthetic\originals\doc_family_receipt_001_inst_00.png,data\train\images\syn_doc_family_receipt_001_inst_00_v2_number_amount_replacement.png,data\train\masks\syn_doc_family_receipt_001_inst_00_v2_number_amount_replacement.png,600,900,train,MIT
syn_doc_family_receipt_001_inst_00_v3_date_replacement,doc_family_receipt_001_inst_00,doc_family_receipt_001,receipt,synthetic,date_replacement,1,"[397, 159, 534, 200]",5617,1.0402,data\synthetic\originals\doc_family_receipt_001_inst_00.png,data\train\images\syn_doc_family_receipt_001_inst_00_v3_date_replacement.png,data\train\masks\syn_doc_family_receipt_001_inst_00_v3_date_replacement.png,600,900,train,MIT
syn_doc_family_receipt_001_inst_00_v4_copy_move_intra,doc_family_receipt_001_inst_00,doc_family_receipt_001,receipt,synthetic,copy_move_intra,1,"[372, 206, 559, 279]",13651,2.528,data\synthetic\originals\doc_family_receipt_001_inst_00.png,data\train\images\syn_doc_family_receipt_001_inst_00_v4_copy_move_intra.png,data\train\masks\syn_doc_family_receipt_001_inst_00_v4_copy_move_intra.png,600,900,train,MIT
syn_doc_family_receipt_002_inst_00_authentic,doc_family_receipt_002_inst_00,doc_family_receipt_002,receipt,synthetic,none,0,"[0, 0, 0, 0]",0,0.0,data\synthetic\originals\doc_family_receipt_002_inst_00.png,data\train\images\syn_doc_family_receipt_002_inst_00_authentic.png,data\train\masks\syn_doc_family_receipt_002_inst_00_authentic.png,600,900,train,MIT
syn_doc_family_receipt_002_inst_00_v1_copy_paste_inter,doc_family_receipt_002_inst_00,doc_family_receipt_002,receipt,synthetic,copy_paste_inter,1,"[271, 270, 424, 320]",7650,1.4167,data\synthetic\originals\doc_family_receipt_002_inst_00.png,data\train\images\syn_doc_family_receipt_002_inst_00_v1_copy_paste_inter.png,data\train\masks\syn_doc_family_receipt_002_inst_00_v1_copy_paste_inter.png,600,900,train,MIT
syn_doc_family_receipt_002_inst_00_v2_signature_manipulation,doc_family_receipt_002_inst_00,doc_family_receipt_002,receipt,synthetic,signature_manipulation,1,"[136, 688, 308, 775]",14964,2.7711,data\synthetic\originals\doc_family_receipt_002_inst_00.png,data\train\images\syn_doc_family_receipt_002_inst_00_v2_signature_manipulation.png,data\train\masks\syn_doc_family_receipt_002_inst_00_v2_signature_manipulation.png,600,900,train,MIT
syn_doc_family_receipt_002_inst_00_v3_photo_replacement,doc_family_receipt_002_inst_00,doc_family_receipt_002,receipt,synthetic,photo_replacement,1,"[184, 228, 294, 532]",33440,6.1926,data\synthetic\originals\doc_family_receipt_002_inst_00.png,data\train\images\syn_doc_family_receipt_002_inst_00_v3_photo_replacement.png,data\train\masks\syn_doc_family_receipt_002_inst_00_v3_photo_replacement.png,600,900,train,MIT
syn_doc_family_receipt_002_inst_00_v4_stamp_seal_manipulation,doc_family_receipt_002_inst_00,doc_family_receipt_002,receipt,synthetic,stamp_seal_manipulation,1,"[427, 733, 526, 832]",1952,0.3615,data\synthetic\originals\doc_family_receipt_002_inst_00.png,data\train\images\syn_doc_family_receipt_002_inst_00_v4_stamp_seal_manipulation.png,data\train\masks\syn_doc_family_receipt_002_inst_00_v4_stamp_seal_manipulation.png,600,900,train,MIT
syn_doc_family_receipt_003_inst_00_authentic,doc_family_receipt_003_inst_00,doc_family_receipt_003,receipt,synthetic,none,0,"[0, 0, 0, 0]",0,0.0,data\synthetic\originals\doc_family_receipt_003_inst_00.png,data\train\images\syn_doc_family_receipt_003_inst_00_authentic.png,data\train\masks\syn_doc_family_receipt_003_inst_00_authentic.png,600,900,train,MIT
syn_doc_family_receipt_003_inst_00_v1_region_removal,doc_family_receipt_003_inst_00,doc_family_receipt_003,receipt,synthetic,region_removal,1,"[201, 733, 465, 827]",24816,4.5956,data\synthetic\originals\doc_family_receipt_003_inst_00.png,data\train\images\syn_doc_family_receipt_003_inst_00_v1_region_removal.png,data\train\masks\syn_doc_family_receipt_003_inst_00_v1_region_removal.png,600,900,train,MIT
syn_doc_family_receipt_003_inst_00_v2_local_inpainting,doc_family_receipt_003_inst_00,doc_family_receipt_003,receipt,synthetic,local_inpainting,1,"[196, 198, 284, 232]",2992,0.5541,data\synthetic\originals\doc_family_receipt_003_inst_00.png,data\train\images\syn_doc_family_receipt_003_inst_00_v2_local_inpainting.png,data\train\masks\syn_doc_family_receipt_003_inst_00_v2_local_inpainting.png,600,900,train,MIT
syn_doc_family_receipt_003_inst_00_v3_text_replacement,doc_family_receipt_003_inst_00,doc_family_receipt_003,receipt,synthetic,text_replacement,1,"[279, 472, 484, 521]",10045,1.8602,data\synthetic\originals\doc_family_receipt_003_inst_00.png,data\train\images\syn_doc_family_receipt_003_inst_00_v3_text_replacement.png,data\train\masks\syn_doc_family_receipt_003_inst_00_v3_text_replacement.png,600,900,train,MIT
syn_doc_family_receipt_003_inst_00_v4_number_amount_replacement,doc_family_receipt_003_inst_00,doc_family_receipt_003,receipt,synthetic,number_amount_replacement,1,"[350, 399, 474, 434]",4340,0.8037,data\synthetic\originals\doc_family_receipt_003_inst_00.png,data\train\images\syn_doc_family_receipt_003_inst_00_v4_number_amount_replacement.png,data\train\masks\syn_doc_family_receipt_003_inst_00_v4_number_amount_replacement.png,600,900,train,MIT
syn_doc_family_receipt_004_inst_00_authentic,doc_family_receipt_004_inst_00,doc_family_receipt_004,receipt,synthetic,none,0,"[0, 0, 0, 0]",0,0.0,data\synthetic\originals\doc_family_receipt_004_inst_00.png,data\test\images\syn_doc_family_receipt_004_inst_00_authentic.png,data\test\masks\syn_doc_family_receipt_004_inst_00_authentic.png,600,900,test,MIT
syn_doc_family_receipt_004_inst_00_v1_date_replacement,doc_family_receipt_004_inst_00,doc_family_receipt_004,receipt,synthetic,date_replacement,1,"[289, 111, 422, 151]",5320,0.9852,data\synthetic\originals\doc_family_receipt_004_inst_00.png,data\test\images\syn_doc_family_receipt_004_inst_00_v1_date_replacement.png,data\test\masks\syn_doc_family_receipt_004_inst_00_v1_date_replacement.png,600,900,test,MIT
syn_doc_family_receipt_004_inst_00_v2_copy_move_intra,doc_family_receipt_004_inst_00,doc_family_receipt_004,receipt,synthetic,copy_move_intra,1,"[234, 393, 308, 467]",5476,1.0141,data\synthetic\originals\doc_family_receipt_004_inst_00.png,data\test\images\syn_doc_family_receipt_004_inst_00_v2_copy_move_intra.png,data\test\masks\syn_doc_family_receipt_004_inst_00_v2_copy_move_intra.png,600,900,test,MIT
syn_doc_family_receipt_004_inst_00_v3_copy_paste_inter,doc_family_receipt_004_inst_00,doc_family_receipt_004,receipt,synthetic,copy_paste_inter,1,"[83, 365, 213, 427]",8060,1.4926,data\synthetic\originals\doc_family_receipt_004_inst_00.png,data\test\images\syn_doc_family_receipt_004_inst_00_v3_copy_paste_inter.png,data\test\masks\syn_doc_family_receipt_004_inst_00_v3_copy_paste_inter.png,600,900,test,MIT
syn_doc_family_receipt_004_inst_00_v4_signature_manipulation,doc_family_receipt_004_inst_00,doc_family_receipt_004,receipt,synthetic,signature_manipulation,1,"[63, 646, 276, 698]",11076,2.0511,data\synthetic\originals\doc_family_receipt_004_inst_00.png,data\test\images\syn_doc_family_receipt_004_inst_00_v4_signature_manipulation.png,data\test\masks\syn_doc_family_receipt_004_inst_00_v4_signature_manipulation.png,600,900,test,MIT
syn_doc_family_receipt_005_inst_00_authentic,doc_family_receipt_005_inst_00,doc_family_receipt_005,receipt,synthetic,none,0,"[0, 0, 0, 0]",0,0.0,data\synthetic\originals\doc_family_receipt_005_inst_00.png,data\test\images\syn_doc_family_receipt_005_inst_00_authentic.png,data\test\masks\syn_doc_family_receipt_005_inst_00_authentic.png,600,900,test,MIT
syn_doc_family_receipt_005_inst_00_v1_photo_replacement,doc_family_receipt_005_inst_00,doc_family_receipt_005,receipt,synthetic,photo_replacement,1,"[171, 402, 329, 691]",45662,8.4559,data\synthetic\originals\doc_family_receipt_005_inst_00.png,data\test\images\syn_doc_family_receipt_005_inst_00_v1_photo_replacement.png,data\test\masks\syn_doc_family_receipt_005_inst_00_v1_photo_replacement.png,600,900,test,MIT
syn_doc_family_receipt_005_inst_00_v2_stamp_seal_manipulation,doc_family_receipt_005_inst_00,doc_family_receipt_005,receipt,synthetic,stamp_seal_manipulation,1,"[339, 587, 462, 710]",2698,0.4996,data\synthetic\originals\doc_family_receipt_005_inst_00.png,data\test\images\syn_doc_family_receipt_005_inst_00_v2_stamp_seal_manipulation.png,data\test\masks\syn_doc_family_receipt_005_inst_00_v2_stamp_seal_manipulation.png,600,900,test,MIT
syn_doc_family_receipt_005_inst_00_v3_region_removal,doc_family_receipt_005_inst_00,doc_family_receipt_005,receipt,synthetic,region_removal,1,"[262, 505, 498, 598]",21948,4.0644,data\synthetic\originals\doc_family_receipt_005_inst_00.png,data\test\images\syn_doc_family_receipt_005_inst_00_v3_region_removal.png,data\test\masks\syn_doc_family_receipt_005_inst_00_v3_region_removal.png,600,900,test,MIT
syn_doc_family_receipt_005_inst_00_v4_local_inpainting,doc_family_receipt_005_inst_00,doc_family_receipt_005,receipt,synthetic,local_inpainting,1,"[388, 411, 485, 460]",4753,0.8802,data\synthetic\originals\doc_family_receipt_005_inst_00.png,data\test\images\syn_doc_family_receipt_005_inst_00_v4_local_inpainting.png,data\test\masks\syn_doc_family_receipt_005_inst_00_v4_local_inpainting.png,600,900,test,MIT
syn_doc_family_receipt_006_inst_00_authentic,doc_family_receipt_006_inst_00,doc_family_receipt_006,receipt,synthetic,none,0,"[0, 0, 0, 0]",0,0.0,data\synthetic\originals\doc_family_receipt_006_inst_00.png,data\train\images\syn_doc_family_receipt_006_inst_00_authentic.png,data\train\masks\syn_doc_family_receipt_006_inst_00_authentic.png,600,900,train,MIT
syn_doc_family_receipt_006_inst_00_v1_text_replacement,doc_family_receipt_006_inst_00,doc_family_receipt_006,receipt,synthetic,text_replacement,1,"[316, 433, 474, 479]",7268,1.3459,data\synthetic\originals\doc_family_receipt_006_inst_00.png,data\train\images\syn_doc_family_receipt_006_inst_00_v1_text_replacement.png,data\train\masks\syn_doc_family_receipt_006_inst_00_v1_text_replacement.png,600,900,train,MIT
syn_doc_family_receipt_006_inst_00_v2_number_amount_replacement,doc_family_receipt_006_inst_00,doc_family_receipt_006,receipt,synthetic,number_amount_replacement,1,"[319, 481, 475, 519]",5928,1.0978,data\synthetic\originals\doc_family_receipt_006_inst_00.png,data\train\images\syn_doc_family_receipt_006_inst_00_v2_number_amount_replacement.png,data\train\masks\syn_doc_family_receipt_006_inst_00_v2_number_amount_replacement.png,600,900,train,MIT
syn_doc_family_receipt_006_inst_00_v3_date_replacement,doc_family_receipt_006_inst_00,doc_family_receipt_006,receipt,synthetic,date_replacement,1,"[416, 224, 529, 261]",4181,0.7743,data\synthetic\originals\doc_family_receipt_006_inst_00.png,data\train\images\syn_doc_family_receipt_006_inst_00_v3_date_replacement.png,data\train\masks\syn_doc_family_receipt_006_inst_00_v3_date_replacement.png,600,900,train,MIT
syn_doc_family_receipt_006_inst_00_v4_copy_move_intra,doc_family_receipt_006_inst_00,doc_family_receipt_006,receipt,synthetic,copy_move_intra,1,"[129, 699, 203, 736]",2738,0.507,data\synthetic\originals\doc_family_receipt_006_inst_00.png,data\train\images\syn_doc_family_receipt_006_inst_00_v4_copy_move_intra.png,data\train\masks\syn_doc_family_receipt_006_inst_00_v4_copy_move_intra.png,600,900,train,MIT
syn_doc_family_receipt_007_inst_00_authentic,doc_family_receipt_007_inst_00,doc_family_receipt_007,receipt,synthetic,none,0,"[0, 0, 0, 0]",0,0.0,data\synthetic\originals\doc_family_receipt_007_inst_00.png,data\train\images\syn_doc_family_receipt_007_inst_00_authentic.png,data\train\masks\syn_doc_family_receipt_007_inst_00_authentic.png,600,900,train,MIT
syn_doc_family_receipt_007_inst_00_v1_copy_paste_inter,doc_family_receipt_007_inst_00,doc_family_receipt_007,receipt,synthetic,copy_paste_inter,1,"[112, 363, 271, 404]",6519,1.2072,data\synthetic\originals\doc_family_receipt_007_inst_00.png,data\train\images\syn_doc_family_receipt_007_inst_00_v1_copy_paste_inter.png,data\train\masks\syn_doc_family_receipt_007_inst_00_v1_copy_paste_inter.png,600,900,train,MIT
syn_doc_family_receipt_007_inst_00_v2_signature_manipulation,doc_family_receipt_007_inst_00,doc_family_receipt_007,receipt,synthetic,signature_manipulation,1,"[257, 778, 415, 845]",10586,1.9604,data\synthetic\originals\doc_family_receipt_007_inst_00.png,data\train\images\syn_doc_family_receipt_007_inst_00_v2_signature_manipulation.png,data\train\masks\syn_doc_family_receipt_007_inst_00_v2_signature_manipulation.png,600,900,train,MIT
syn_doc_family_receipt_007_inst_00_v3_photo_replacement,doc_family_receipt_007_inst_00,doc_family_receipt_007,receipt,synthetic,photo_replacement,1,"[210, 480, 319, 783]",33027,6.1161,data\synthetic\originals\doc_family_receipt_007_inst_00.png,data\train\images\syn_doc_family_receipt_007_inst_00_v3_photo_replacement.png,data\train\masks\syn_doc_family_receipt_007_inst_00_v3_photo_replacement.png,600,900,train,MIT
syn_doc_family_receipt_007_inst_00_v4_stamp_seal_manipulation,doc_family_receipt_007_inst_00,doc_family_receipt_007,receipt,synthetic,stamp_seal_manipulation,1,"[374, 393, 504, 523]",2891,0.5354,data\synthetic\originals\doc_family_receipt_007_inst_00.png,data\train\images\syn_doc_family_receipt_007_inst_00_v4_stamp_seal_manipulation.png,data\train\masks\syn_doc_family_receipt_007_inst_00_v4_stamp_seal_manipulation.png,600,900,train,MIT
syn_doc_family_receipt_008_inst_00_authentic,doc_family_receipt_008_inst_00,doc_family_receipt_008,receipt,synthetic,none,0,"[0, 0, 0, 0]",0,0.0,data\synthetic\originals\doc_family_receipt_008_inst_00.png,data\train\images\syn_doc_family_receipt_008_inst_00_authentic.png,data\train\masks\syn_doc_family_receipt_008_inst_00_authentic.png,600,900,train,MIT
syn_doc_family_receipt_008_inst_00_v1_region_removal,doc_family_receipt_008_inst_00,doc_family_receipt_008,receipt,synthetic,region_removal,1,"[221, 406, 477, 500]",24064,4.4563,data\synthetic\originals\doc_family_receipt_008_inst_00.png,data\train\images\syn_doc_family_receipt_008_inst_00_v1_region_removal.png,data\train\masks\syn_doc_family_receipt_008_inst_00_v1_region_removal.png,600,900,train,MIT
syn_doc_family_receipt_008_inst_00_v2_local_inpainting,doc_family_receipt_008_inst_00,doc_family_receipt_008,receipt,synthetic,local_inpainting,1,"[351, 266, 513, 319]",8586,1.59,data\synthetic\originals\doc_family_receipt_008_inst_00.png,data\train\images\syn_doc_family_receipt_008_inst_00_v2_local_inpainting.png,data\train\masks\syn_doc_family_receipt_008_inst_00_v2_local_inpainting.png,600,900,train,MIT
syn_doc_family_receipt_008_inst_00_v3_text_replacement,doc_family_receipt_008_inst_00,doc_family_receipt_008,receipt,synthetic,text_replacement,1,"[211, 237, 383, 286]",8428,1.5607,data\synthetic\originals\doc_family_receipt_008_inst_00.png,data\train\images\syn_doc_family_receipt_008_inst_00_v3_text_replacement.png,data\train\masks\syn_doc_family_receipt_008_inst_00_v3_text_replacement.png,600,900,train,MIT
syn_doc_family_receipt_008_inst_00_v4_number_amount_replacement,doc_family_receipt_008_inst_00,doc_family_receipt_008,receipt,synthetic,number_amount_replacement,1,"[321, 567, 472, 601]",5134,0.9507,data\synthetic\originals\doc_family_receipt_008_inst_00.png,data\train\images\syn_doc_family_receipt_008_inst_00_v4_number_amount_replacement.png,data\train\masks\syn_doc_family_receipt_008_inst_00_v4_number_amount_replacement.png,600,900,train,MIT
syn_doc_family_receipt_009_inst_00_authentic,doc_family_receipt_009_inst_00,doc_family_receipt_009,receipt,synthetic,none,0,"[0, 0, 0, 0]",0,0.0,data\synthetic\originals\doc_family_receipt_009_inst_00.png,data\test\images\syn_doc_family_receipt_009_inst_00_authentic.png,data\test\masks\syn_doc_family_receipt_009_inst_00_authentic.png,600,900,test,MIT
syn_doc_family_receipt_009_inst_00_v1_date_replacement,doc_family_receipt_009_inst_00,doc_family_receipt_009,receipt,synthetic,date_replacement,1,"[351, 346, 496, 390]",6380,1.1815,data\synthetic\originals\doc_family_receipt_009_inst_00.png,data\test\images\syn_doc_family_receipt_009_inst_00_v1_date_replacement.png,data\test\masks\syn_doc_family_receipt_009_inst_00_v1_date_replacement.png,600,900,test,MIT
syn_doc_family_receipt_009_inst_00_v2_copy_move_intra,doc_family_receipt_009_inst_00,doc_family_receipt_009,receipt,synthetic,copy_move_intra,1,"[194, 752, 304, 788]",3960,0.7333,data\synthetic\originals\doc_family_receipt_009_inst_00.png,data\test\images\syn_doc_family_receipt_009_inst_00_v2_copy_move_intra.png,data\test\masks\syn_doc_family_receipt_009_inst_00_v2_copy_move_intra.png,600,900,test,MIT
syn_doc_family_receipt_009_inst_00_v3_copy_paste_inter,doc_family_receipt_009_inst_00,doc_family_receipt_009,receipt,synthetic,copy_paste_inter,1,"[190, 246, 365, 316]",12250,2.2685,data\synthetic\originals\doc_family_receipt_009_inst_00.png,data\test\images\syn_doc_family_receipt_009_inst_00_v3_copy_paste_inter.png,data\test\masks\syn_doc_family_receipt_009_inst_00_v3_copy_paste_inter.png,600,900,test,MIT
syn_doc_family_receipt_009_inst_00_v4_signature_manipulation,doc_family_receipt_009_inst_00,doc_family_receipt_009,receipt,synthetic,signature_manipulation,1,"[362, 782, 545, 835]",9699,1.7961,data\synthetic\originals\doc_family_receipt_009_inst_00.png,data\test\images\syn_doc_family_receipt_009_inst_00_v4_signature_manipulation.png,data\test\masks\syn_doc_family_receipt_009_inst_00_v4_signature_manipulation.png,600,900,test,MIT
syn_doc_family_receipt_010_inst_00_authentic,doc_family_receipt_010_inst_00,doc_family_receipt_010,receipt,synthetic,none,0,"[0, 0, 0, 0]",0,0.0,data\synthetic\originals\doc_family_receipt_010_inst_00.png,data\test\images\syn_doc_family_receipt_010_inst_00_authentic.png,data\test\masks\syn_doc_family_receipt_010_inst_00_authentic.png,600,900,test,MIT
syn_doc_family_receipt_010_inst_00_v1_photo_replacement,doc_family_receipt_010_inst_00,doc_family_receipt_010,receipt,synthetic,photo_replacement,1,"[125, 162, 271, 380]",31828,5.8941,data\synthetic\originals\doc_family_receipt_010_inst_00.png,data\test\images\syn_doc_family_receipt_010_inst_00_v1_photo_replacement.png,data\test\masks\syn_doc_family_receipt_010_inst_00_v1_photo_replacement.png,600,900,test,MIT
syn_doc_family_receipt_010_inst_00_v2_stamp_seal_manipulation,doc_family_receipt_010_inst_00,doc_family_receipt_010,receipt,synthetic,stamp_seal_manipulation,1,"[255, 601, 365, 711]",2157,0.3994,data\synthetic\originals\doc_family_receipt_010_inst_00.png,data\test\images\syn_doc_family_receipt_010_inst_00_v2_stamp_seal_manipulation.png,data\test\masks\syn_doc_family_receipt_010_inst_00_v2_stamp_seal_manipulation.png,600,900,test,MIT
syn_doc_family_receipt_010_inst_00_v3_region_removal,doc_family_receipt_010_inst_00,doc_family_receipt_010,receipt,synthetic,region_removal,1,"[93, 586, 251, 647]",9638,1.7848,data\synthetic\originals\doc_family_receipt_010_inst_00.png,data\test\images\syn_doc_family_receipt_010_inst_00_v3_region_removal.png,data\test\masks\syn_doc_family_receipt_010_inst_00_v3_region_removal.png,600,900,test,MIT
syn_doc_family_receipt_010_inst_00_v4_local_inpainting,doc_family_receipt_010_inst_00,doc_family_receipt_010,receipt,synthetic,local_inpainting,1,"[333, 431, 420, 461]",2610,0.4833,data\synthetic\originals\doc_family_receipt_010_inst_00.png,data\test\images\syn_doc_family_receipt_010_inst_00_v4_local_inpainting.png,data\test\masks\syn_doc_family_receipt_010_inst_00_v4_local_inpainting.png,600,900,test,MIT
syn_doc_family_receipt_011_inst_00_authentic,doc_family_receipt_011_inst_00,doc_family_receipt_011,receipt,synthetic,none,0,"[0, 0, 0, 0]",0,0.0,data\synthetic\originals\doc_family_receipt_011_inst_00.png,data\train\images\syn_doc_family_receipt_011_inst_00_authentic.png,data\train\masks\syn_doc_family_receipt_011_inst_00_authentic.png,600,900,train,MIT
syn_doc_family_receipt_011_inst_00_v1_text_replacement,doc_family_receipt_011_inst_00,doc_family_receipt_011,receipt,synthetic,text_replacement,1,"[192, 574, 401, 616]",8778,1.6256,data\synthetic\originals\doc_family_receipt_011_inst_00.png,data\train\images\syn_doc_family_receipt_011_inst_00_v1_text_replacement.png,data\train\masks\syn_doc_family_receipt_011_inst_00_v1_text_replacement.png,600,900,train,MIT
syn_doc_family_receipt_011_inst_00_v2_number_amount_replacement,doc_family_receipt_011_inst_00,doc_family_receipt_011,receipt,synthetic,number_amount_replacement,1,"[407, 458, 533, 492]",4284,0.7933,data\synthetic\originals\doc_family_receipt_011_inst_00.png,data\train\images\syn_doc_family_receipt_011_inst_00_v2_number_amount_replacement.png,data\train\masks\syn_doc_family_receipt_011_inst_00_v2_number_amount_replacement.png,600,900,train,MIT
syn_doc_family_receipt_011_inst_00_v3_date_replacement,doc_family_receipt_011_inst_00,doc_family_receipt_011,receipt,synthetic,date_replacement,1,"[443, 223, 560, 255]",3744,0.6933,data\synthetic\originals\doc_family_receipt_011_inst_00.png,data\train\images\syn_doc_family_receipt_011_inst_00_v3_date_replacement.png,data\train\masks\syn_doc_family_receipt_011_inst_00_v3_date_replacement.png,600,900,train,MIT
syn_doc_family_receipt_011_inst_00_v4_copy_move_intra,doc_family_receipt_011_inst_00,doc_family_receipt_011,receipt,synthetic,copy_move_intra,1,"[435, 221, 524, 287]",5874,1.0878,data\synthetic\originals\doc_family_receipt_011_inst_00.png,data\train\images\syn_doc_family_receipt_011_inst_00_v4_copy_move_intra.png,data\train\masks\syn_doc_family_receipt_011_inst_00_v4_copy_move_intra.png,600,900,train,MIT
syn_doc_family_receipt_012_inst_00_authentic,doc_family_receipt_012_inst_00,doc_family_receipt_012,receipt,synthetic,none,0,"[0, 0, 0, 0]",0,0.0,data\synthetic\originals\doc_family_receipt_012_inst_00.png,data\val\images\syn_doc_family_receipt_012_inst_00_authentic.png,data\val\masks\syn_doc_family_receipt_012_inst_00_authentic.png,600,900,val,MIT
syn_doc_family_receipt_012_inst_00_v1_copy_paste_inter,doc_family_receipt_012_inst_00,doc_family_receipt_012,receipt,synthetic,copy_paste_inter,1,"[317, 258, 471, 309]",7854,1.4544,data\synthetic\originals\doc_family_receipt_012_inst_00.png,data\val\images\syn_doc_family_receipt_012_inst_00_v1_copy_paste_inter.png,data\val\masks\syn_doc_family_receipt_012_inst_00_v1_copy_paste_inter.png,600,900,val,MIT
syn_doc_family_receipt_012_inst_00_v2_signature_manipulation,doc_family_receipt_012_inst_00,doc_family_receipt_012,receipt,synthetic,signature_manipulation,1,"[279, 764, 432, 821]",8721,1.615,data\synthetic\originals\doc_family_receipt_012_inst_00.png,data\val\images\syn_doc_family_receipt_012_inst_00_v2_signature_manipulation.png,data\val\masks\syn_doc_family_receipt_012_inst_00_v2_signature_manipulation.png,600,900,val,MIT
syn_doc_family_receipt_012_inst_00_v3_photo_replacement,doc_family_receipt_012_inst_00,doc_family_receipt_012,receipt,synthetic,photo_replacement,1,"[167, 214, 322, 447]",36115,6.688,data\synthetic\originals\doc_family_receipt_012_inst_00.png,data\val\images\syn_doc_family_receipt_012_inst_00_v3_photo_replacement.png,data\val\masks\syn_doc_family_receipt_012_inst_00_v3_photo_replacement.png,600,900,val,MIT
syn_doc_family_receipt_012_inst_00_v4_stamp_seal_manipulation,doc_family_receipt_012_inst_00,doc_family_receipt_012,receipt,synthetic,stamp_seal_manipulation,1,"[244, 375, 382, 513]",3056,0.5659,data\synthetic\originals\doc_family_receipt_012_inst_00.png,data\val\images\syn_doc_family_receipt_012_inst_00_v4_stamp_seal_manipulation.png,data\val\masks\syn_doc_family_receipt_012_inst_00_v4_stamp_seal_manipulation.png,600,900,val,MIT
syn_doc_family_receipt_013_inst_00_authentic,doc_family_receipt_013_inst_00,doc_family_receipt_013,receipt,synthetic,none,0,"[0, 0, 0, 0]",0,0.0,data\synthetic\originals\doc_family_receipt_013_inst_00.png,data\train\images\syn_doc_family_receipt_013_inst_00_authentic.png,data\train\masks\syn_doc_family_receipt_013_inst_00_authentic.png,600,900,train,MIT
syn_doc_family_receipt_013_inst_00_v1_region_removal,doc_family_receipt_013_inst_00,doc_family_receipt_013,receipt,synthetic,region_removal,1,"[236, 575, 451, 659]",18060,3.3444,data\synthetic\originals\doc_family_receipt_013_inst_00.png,data\train\images\syn_doc_family_receipt_013_inst_00_v1_region_removal.png,data\train\masks\syn_doc_family_receipt_013_inst_00_v1_region_removal.png,600,900,train,MIT
syn_doc_family_receipt_013_inst_00_v2_local_inpainting,doc_family_receipt_013_inst_00,doc_family_receipt_013,receipt,synthetic,local_inpainting,1,"[201, 355, 318, 377]",2574,0.4767,data\synthetic\originals\doc_family_receipt_013_inst_00.png,data\train\images\syn_doc_family_receipt_013_inst_00_v2_local_inpainting.png,data\train\masks\syn_doc_family_receipt_013_inst_00_v2_local_inpainting.png,600,900,train,MIT
syn_doc_family_receipt_013_inst_00_v3_text_replacement,doc_family_receipt_013_inst_00,doc_family_receipt_013,receipt,synthetic,text_replacement,1,"[307, 471, 506, 506]",6965,1.2898,data\synthetic\originals\doc_family_receipt_013_inst_00.png,data\train\images\syn_doc_family_receipt_013_inst_00_v3_text_replacement.png,data\train\masks\syn_doc_family_receipt_013_inst_00_v3_text_replacement.png,600,900,train,MIT
syn_doc_family_receipt_013_inst_00_v4_number_amount_replacement,doc_family_receipt_013_inst_00,doc_family_receipt_013,receipt,synthetic,number_amount_replacement,1,"[431, 441, 517, 487]",3956,0.7326,data\synthetic\originals\doc_family_receipt_013_inst_00.png,data\train\images\syn_doc_family_receipt_013_inst_00_v4_number_amount_replacement.png,data\train\masks\syn_doc_family_receipt_013_inst_00_v4_number_amount_replacement.png,600,900,train,MIT
syn_doc_family_receipt_014_inst_00_authentic,doc_family_receipt_014_inst_00,doc_family_receipt_014,receipt,synthetic,none,0,"[0, 0, 0, 0]",0,0.0,data\synthetic\originals\doc_family_receipt_014_inst_00.png,data\val\images\syn_doc_family_receipt_014_inst_00_authentic.png,data\val\masks\syn_doc_family_receipt_014_inst_00_authentic.png,600,900,val,MIT
syn_doc_family_receipt_014_inst_00_v1_date_replacement,doc_family_receipt_014_inst_00,doc_family_receipt_014,receipt,synthetic,date_replacement,1,"[253, 171, 417, 204]",5412,1.0022,data\synthetic\originals\doc_family_receipt_014_inst_00.png,data\val\images\syn_doc_family_receipt_014_inst_00_v1_date_replacement.png,data\val\masks\syn_doc_family_receipt_014_inst_00_v1_date_replacement.png,600,900,val,MIT
syn_doc_family_receipt_014_inst_00_v2_copy_move_intra,doc_family_receipt_014_inst_00,doc_family_receipt_014,receipt,synthetic,copy_move_intra,1,"[393, 356, 513, 430]",8880,1.6444,data\synthetic\originals\doc_family_receipt_014_inst_00.png,data\val\images\syn_doc_family_receipt_014_inst_00_v2_copy_move_intra.png,data\val\masks\syn_doc_family_receipt_014_inst_00_v2_copy_move_intra.png,600,900,val,MIT
syn_doc_family_receipt_014_inst_00_v3_copy_paste_inter,doc_family_receipt_014_inst_00,doc_family_receipt_014,receipt,synthetic,copy_paste_inter,1,"[257, 540, 443, 607]",12462,2.3078,data\synthetic\originals\doc_family_receipt_014_inst_00.png,data\val\images\syn_doc_family_receipt_014_inst_00_v3_copy_paste_inter.png,data\val\masks\syn_doc_family_receipt_014_inst_00_v3_copy_paste_inter.png,600,900,val,MIT
syn_doc_family_receipt_014_inst_00_v4_signature_manipulation,doc_family_receipt_014_inst_00,doc_family_receipt_014,receipt,synthetic,signature_manipulation,1,"[305, 710, 474, 794]",14196,2.6289,data\synthetic\originals\doc_family_receipt_014_inst_00.png,data\val\images\syn_doc_family_receipt_014_inst_00_v4_signature_manipulation.png,data\val\masks\syn_doc_family_receipt_014_inst_00_v4_signature_manipulation.png,600,900,val,MIT
syn_doc_family_receipt_015_inst_00_authentic,doc_family_receipt_015_inst_00,doc_family_receipt_015,receipt,synthetic,none,0,"[0, 0, 0, 0]",0,0.0,data\synthetic\originals\doc_family_receipt_015_inst_00.png,data\train\images\syn_doc_family_receipt_015_inst_00_authentic.png,data\train\masks\syn_doc_family_receipt_015_inst_00_authentic.png,600,900,train,MIT
syn_doc_family_receipt_015_inst_00_v1_photo_replacement,doc_family_receipt_015_inst_00,doc_family_receipt_015,receipt,synthetic,photo_replacement,1,"[57, 326, 214, 538]",33284,6.1637,data\synthetic\originals\doc_family_receipt_015_inst_00.png,data\train\images\syn_doc_family_receipt_015_inst_00_v1_photo_replacement.png,data\train\masks\syn_doc_family_receipt_015_inst_00_v1_photo_replacement.png,600,900,train,MIT
syn_doc_family_receipt_015_inst_00_v2_stamp_seal_manipulation,doc_family_receipt_015_inst_00,doc_family_receipt_015,receipt,synthetic,stamp_seal_manipulation,1,"[248, 480, 370, 602]",2662,0.493,data\synthetic\originals\doc_family_receipt_015_inst_00.png,data\train\images\syn_doc_family_receipt_015_inst_00_v2_stamp_seal_manipulation.png,data\train\masks\syn_doc_family_receipt_015_inst_00_v2_stamp_seal_manipulation.png,600,900,train,MIT
syn_doc_family_receipt_015_inst_00_v3_region_removal,doc_family_receipt_015_inst_00,doc_family_receipt_015,receipt,synthetic,region_removal,1,"[167, 429, 328, 533]",16744,3.1007,data\synthetic\originals\doc_family_receipt_015_inst_00.png,data\train\images\syn_doc_family_receipt_015_inst_00_v3_region_removal.png,data\train\masks\syn_doc_family_receipt_015_inst_00_v3_region_removal.png,600,900,train,MIT
syn_doc_family_receipt_015_inst_00_v4_local_inpainting,doc_family_receipt_015_inst_00,doc_family_receipt_015,receipt,synthetic,local_inpainting,1,"[354, 314, 468, 345]",3534,0.6544,data\synthetic\originals\doc_family_receipt_015_inst_00.png,data\train\images\syn_doc_family_receipt_015_inst_00_v4_local_inpainting.png,data\train\masks\syn_doc_family_receipt_015_inst_00_v4_local_inpainting.png,600,900,train,MIT
syn_doc_family_receipt_016_inst_00_authentic,doc_family_receipt_016_inst_00,doc_family_receipt_016,receipt,synthetic,none,0,"[0, 0, 0, 0]",0,0.0,data\synthetic\originals\doc_family_receipt_016_inst_00.png,data\test\images\syn_doc_family_receipt_016_inst_00_authentic.png,data\test\masks\syn_doc_family_receipt_016_inst_00_authentic.png,600,900,test,MIT
syn_doc_family_receipt_016_inst_00_v1_text_replacement,doc_family_receipt_016_inst_00,doc_family_receipt_016,receipt,synthetic,text_replacement,1,"[107, 527, 262, 576]",7595,1.4065,data\synthetic\originals\doc_family_receipt_016_inst_00.png,data\test\images\syn_doc_family_receipt_016_inst_00_v1_text_replacement.png,data\test\masks\syn_doc_family_receipt_016_inst_00_v1_text_replacement.png,600,900,test,MIT
syn_doc_family_receipt_016_inst_00_v2_number_amount_replacement,doc_family_receipt_016_inst_00,doc_family_receipt_016,receipt,synthetic,number_amount_replacement,1,"[319, 663, 422, 690]",2781,0.515,data\synthetic\originals\doc_family_receipt_016_inst_00.png,data\test\images\syn_doc_family_receipt_016_inst_00_v2_number_amount_replacement.png,data\test\masks\syn_doc_family_receipt_016_inst_00_v2_number_amount_replacement.png,600,900,test,MIT
syn_doc_family_receipt_016_inst_00_v3_date_replacement,doc_family_receipt_016_inst_00,doc_family_receipt_016,receipt,synthetic,date_replacement,1,"[287, 302, 402, 340]",4370,0.8093,data\synthetic\originals\doc_family_receipt_016_inst_00.png,data\test\images\syn_doc_family_receipt_016_inst_00_v3_date_replacement.png,data\test\masks\syn_doc_family_receipt_016_inst_00_v3_date_replacement.png,600,900,test,MIT
syn_doc_family_receipt_016_inst_00_v4_copy_move_intra,doc_family_receipt_016_inst_00,doc_family_receipt_016,receipt,synthetic,copy_move_intra,1,"[195, 680, 345, 755]",11250,2.0833,data\synthetic\originals\doc_family_receipt_016_inst_00.png,data\test\images\syn_doc_family_receipt_016_inst_00_v4_copy_move_intra.png,data\test\masks\syn_doc_family_receipt_016_inst_00_v4_copy_move_intra.png,600,900,test,MIT
syn_doc_family_receipt_017_inst_00_authentic,doc_family_receipt_017_inst_00,doc_family_receipt_017,receipt,synthetic,none,0,"[0, 0, 0, 0]",0,0.0,data\synthetic\originals\doc_family_receipt_017_inst_00.png,data\test\images\syn_doc_family_receipt_017_inst_00_authentic.png,data\test\masks\syn_doc_family_receipt_017_inst_00_authentic.png,600,900,test,MIT
syn_doc_family_receipt_017_inst_00_v1_copy_paste_inter,doc_family_receipt_017_inst_00,doc_family_receipt_017,receipt,synthetic,copy_paste_inter,1,"[97, 469, 298, 523]",10854,2.01,data\synthetic\originals\doc_family_receipt_017_inst_00.png,data\test\images\syn_doc_family_receipt_017_inst_00_v1_copy_paste_inter.png,data\test\masks\syn_doc_family_receipt_017_inst_00_v1_copy_paste_inter.png,600,900,test,MIT
syn_doc_family_receipt_017_inst_00_v2_signature_manipulation,doc_family_receipt_017_inst_00,doc_family_receipt_017,receipt,synthetic,signature_manipulation,1,"[75, 585, 217, 661]",10792,1.9985,data\synthetic\originals\doc_family_receipt_017_inst_00.png,data\test\images\syn_doc_family_receipt_017_inst_00_v2_signature_manipulation.png,data\test\masks\syn_doc_family_receipt_017_inst_00_v2_signature_manipulation.png,600,900,test,MIT
syn_doc_family_receipt_017_inst_00_v3_photo_replacement,doc_family_receipt_017_inst_00,doc_family_receipt_017,receipt,synthetic,photo_replacement,1,"[131, 371, 255, 665]",36456,6.7511,data\synthetic\originals\doc_family_receipt_017_inst_00.png,data\test\images\syn_doc_family_receipt_017_inst_00_v3_photo_replacement.png,data\test\masks\syn_doc_family_receipt_017_inst_00_v3_photo_replacement.png,600,900,test,MIT
syn_doc_family_receipt_017_inst_00_v4_stamp_seal_manipulation,doc_family_receipt_017_inst_00,doc_family_receipt_017,receipt,synthetic,stamp_seal_manipulation,1,"[342, 389, 488, 535]",3377,0.6254,data\synthetic\originals\doc_family_receipt_017_inst_00.png,data\test\images\syn_doc_family_receipt_017_inst_00_v4_stamp_seal_manipulation.png,data\test\masks\syn_doc_family_receipt_017_inst_00_v4_stamp_seal_manipulation.png,600,900,test,MIT
syn_doc_family_receipt_018_inst_00_authentic,doc_family_receipt_018_inst_00,doc_family_receipt_018,receipt,synthetic,none,0,"[0, 0, 0, 0]",0,0.0,data\synthetic\originals\doc_family_receipt_018_inst_00.png,data\train\images\syn_doc_family_receipt_018_inst_00_authentic.png,data\train\masks\syn_doc_family_receipt_018_inst_00_authentic.png,600,900,train,MIT
syn_doc_family_receipt_018_inst_00_v1_region_removal,doc_family_receipt_018_inst_00,doc_family_receipt_018,receipt,synthetic,region_removal,1,"[335, 707, 538, 789]",16646,3.0826,data\synthetic\originals\doc_family_receipt_018_inst_00.png,data\train\images\syn_doc_family_receipt_018_inst_00_v1_region_removal.png,data\train\masks\syn_doc_family_receipt_018_inst_00_v1_region_removal.png,600,900,train,MIT
syn_doc_family_receipt_018_inst_00_v2_local_inpainting,doc_family_receipt_018_inst_00,doc_family_receipt_018,receipt,synthetic,local_inpainting,1,"[366, 345, 488, 374]",3538,0.6552,data\synthetic\originals\doc_family_receipt_018_inst_00.png,data\train\images\syn_doc_family_receipt_018_inst_00_v2_local_inpainting.png,data\train\masks\syn_doc_family_receipt_018_inst_00_v2_local_inpainting.png,600,900,train,MIT
syn_doc_family_receipt_018_inst_00_v3_text_replacement,doc_family_receipt_018_inst_00,doc_family_receipt_018,receipt,synthetic,text_replacement,1,"[324, 596, 536, 625]",6148,1.1385,data\synthetic\originals\doc_family_receipt_018_inst_00.png,data\train\images\syn_doc_family_receipt_018_inst_00_v3_text_replacement.png,data\train\masks\syn_doc_family_receipt_018_inst_00_v3_text_replacement.png,600,900,train,MIT
syn_doc_family_receipt_018_inst_00_v4_number_amount_replacement,doc_family_receipt_018_inst_00,doc_family_receipt_018,receipt,synthetic,number_amount_replacement,1,"[436, 597, 535, 636]",3861,0.715,data\synthetic\originals\doc_family_receipt_018_inst_00.png,data\train\images\syn_doc_family_receipt_018_inst_00_v4_number_amount_replacement.png,data\train\masks\syn_doc_family_receipt_018_inst_00_v4_number_amount_replacement.png,600,900,train,MIT
syn_doc_family_receipt_019_inst_00_authentic,doc_family_receipt_019_inst_00,doc_family_receipt_019,receipt,synthetic,none,0,"[0, 0, 0, 0]",0,0.0,data\synthetic\originals\doc_family_receipt_019_inst_00.png,data\test\images\syn_doc_family_receipt_019_inst_00_authentic.png,data\test\masks\syn_doc_family_receipt_019_inst_00_authentic.png,600,900,test,MIT
syn_doc_family_receipt_019_inst_00_v1_date_replacement,doc_family_receipt_019_inst_00,doc_family_receipt_019,receipt,synthetic,date_replacement,1,"[412, 306, 551, 339]",4587,0.8494,data\synthetic\originals\doc_family_receipt_019_inst_00.png,data\test\images\syn_doc_family_receipt_019_inst_00_v1_date_replacement.png,data\test\masks\syn_doc_family_receipt_019_inst_00_v1_date_replacement.png,600,900,test,MIT
syn_doc_family_receipt_019_inst_00_v2_copy_move_intra,doc_family_receipt_019_inst_00,doc_family_receipt_019,receipt,synthetic,copy_move_intra,1,"[289, 199, 415, 238]",4914,0.91,data\synthetic\originals\doc_family_receipt_019_inst_00.png,data\test\images\syn_doc_family_receipt_019_inst_00_v2_copy_move_intra.png,data\test\masks\syn_doc_family_receipt_019_inst_00_v2_copy_move_intra.png,600,900,test,MIT
syn_doc_family_receipt_019_inst_00_v3_copy_paste_inter,doc_family_receipt_019_inst_00,doc_family_receipt_019,receipt,synthetic,copy_paste_inter,1,"[59, 688, 199, 728]",5600,1.037,data\synthetic\originals\doc_family_receipt_019_inst_00.png,data\test\images\syn_doc_family_receipt_019_inst_00_v3_copy_paste_inter.png,data\test\masks\syn_doc_family_receipt_019_inst_00_v3_copy_paste_inter.png,600,900,test,MIT
syn_doc_family_receipt_019_inst_00_v4_signature_manipulation,doc_family_receipt_019_inst_00,doc_family_receipt_019,receipt,synthetic,signature_manipulation,1,"[146, 586, 278, 667]",10692,1.98,data\synthetic\originals\doc_family_receipt_019_inst_00.png,data\test\images\syn_doc_family_receipt_019_inst_00_v4_signature_manipulation.png,data\test\masks\syn_doc_family_receipt_019_inst_00_v4_signature_manipulation.png,600,900,test,MIT
syn_doc_family_receipt_020_inst_00_authentic,doc_family_receipt_020_inst_00,doc_family_receipt_020,receipt,synthetic,none,0,"[0, 0, 0, 0]",0,0.0,data\synthetic\originals\doc_family_receipt_020_inst_00.png,data\train\images\syn_doc_family_receipt_020_inst_00_authentic.png,data\train\masks\syn_doc_family_receipt_020_inst_00_authentic.png,600,900,train,MIT
syn_doc_family_receipt_020_inst_00_v1_photo_replacement,doc_family_receipt_020_inst_00,doc_family_receipt_020,receipt,synthetic,photo_replacement,1,"[130, 407, 250, 700]",35160,6.5111,data\synthetic\originals\doc_family_receipt_020_inst_00.png,data\train\images\syn_doc_family_receipt_020_inst_00_v1_photo_replacement.png,data\train\masks\syn_doc_family_receipt_020_inst_00_v1_photo_replacement.png,600,900,train,MIT
syn_doc_family_receipt_020_inst_00_v2_stamp_seal_manipulation,doc_family_receipt_020_inst_00,doc_family_receipt_020,receipt,synthetic,stamp_seal_manipulation,1,"[425, 505, 551, 631]",2742,0.5078,data\synthetic\originals\doc_family_receipt_020_inst_00.png,data\train\images\syn_doc_family_receipt_020_inst_00_v2_stamp_seal_manipulation.png,data\train\masks\syn_doc_family_receipt_020_inst_00_v2_stamp_seal_manipulation.png,600,900,train,MIT
syn_doc_family_receipt_020_inst_00_v3_region_removal,doc_family_receipt_020_inst_00,doc_family_receipt_020,receipt,synthetic,region_removal,1,"[255, 595, 431, 642]",8272,1.5319,data\synthetic\originals\doc_family_receipt_020_inst_00.png,data\train\images\syn_doc_family_receipt_020_inst_00_v3_region_removal.png,data\train\masks\syn_doc_family_receipt_020_inst_00_v3_region_removal.png,600,900,train,MIT
syn_doc_family_receipt_020_inst_00_v4_local_inpainting,doc_family_receipt_020_inst_00,doc_family_receipt_020,receipt,synthetic,local_inpainting,1,"[120, 685, 257, 726]",5617,1.0402,data\synthetic\originals\doc_family_receipt_020_inst_00.png,data\train\images\syn_doc_family_receipt_020_inst_00_v4_local_inpainting.png,data\train\masks\syn_doc_family_receipt_020_inst_00_v4_local_inpainting.png,600,900,train,MIT
syn_doc_family_receipt_021_inst_00_authentic,doc_family_receipt_021_inst_00,doc_family_receipt_021,receipt,synthetic,none,0,"[0, 0, 0, 0]",0,0.0,data\synthetic\originals\doc_family_receipt_021_inst_00.png,data\val\images\syn_doc_family_receipt_021_inst_00_authentic.png,data\val\masks\syn_doc_family_receipt_021_inst_00_authentic.png,600,900,val,MIT
syn_doc_family_receipt_021_inst_00_v1_text_replacement,doc_family_receipt_021_inst_00,doc_family_receipt_021,receipt,synthetic,text_replacement,1,"[325, 598, 484, 650]",8268,1.5311,data\synthetic\originals\doc_family_receipt_021_inst_00.png,data\val\images\syn_doc_family_receipt_021_inst_00_v1_text_replacement.png,data\val\masks\syn_doc_family_receipt_021_inst_00_v1_text_replacement.png,600,900,val,MIT
syn_doc_family_receipt_021_inst_00_v2_number_amount_replacement,doc_family_receipt_021_inst_00,doc_family_receipt_021,receipt,synthetic,number_amount_replacement,1,"[440, 550, 552, 599]",5488,1.0163,data\synthetic\originals\doc_family_receipt_021_inst_00.png,data\val\images\syn_doc_family_receipt_021_inst_00_v2_number_amount_replacement.png,data\val\masks\syn_doc_family_receipt_021_inst_00_v2_number_amount_replacement.png,600,900,val,MIT
syn_doc_family_receipt_021_inst_00_v3_date_replacement,doc_family_receipt_021_inst_00,doc_family_receipt_021,receipt,synthetic,date_replacement,1,"[280, 209, 430, 250]",6150,1.1389,data\synthetic\originals\doc_family_receipt_021_inst_00.png,data\val\images\syn_doc_family_receipt_021_inst_00_v3_date_replacement.png,data\val\masks\syn_doc_family_receipt_021_inst_00_v3_date_replacement.png,600,900,val,MIT
syn_doc_family_receipt_021_inst_00_v4_copy_move_intra,doc_family_receipt_021_inst_00,doc_family_receipt_021,receipt,synthetic,copy_move_intra,1,"[269, 412, 379, 483]",7810,1.4463,data\synthetic\originals\doc_family_receipt_021_inst_00.png,data\val\images\syn_doc_family_receipt_021_inst_00_v4_copy_move_intra.png,data\val\masks\syn_doc_family_receipt_021_inst_00_v4_copy_move_intra.png,600,900,val,MIT
syn_doc_family_receipt_022_inst_00_authentic,doc_family_receipt_022_inst_00,doc_family_receipt_022,receipt,synthetic,none,0,"[0, 0, 0, 0]",0,0.0,data\synthetic\originals\doc_family_receipt_022_inst_00.png,data\train\images\syn_doc_family_receipt_022_inst_00_authentic.png,data\train\masks\syn_doc_family_receipt_022_inst_00_authentic.png,600,900,train,MIT
syn_doc_family_receipt_022_inst_00_v1_copy_paste_inter,doc_family_receipt_022_inst_00,doc_family_receipt_022,receipt,synthetic,copy_paste_inter,1,"[127, 621, 332, 686]",13325,2.4676,data\synthetic\originals\doc_family_receipt_022_inst_00.png,data\train\images\syn_doc_family_receipt_022_inst_00_v1_copy_paste_inter.png,data\train\masks\syn_doc_family_receipt_022_inst_00_v1_copy_paste_inter.png,600,900,train,MIT
syn_doc_family_receipt_022_inst_00_v2_signature_manipulation,doc_family_receipt_022_inst_00,doc_family_receipt_022,receipt,synthetic,signature_manipulation,1,"[121, 646, 294, 718]",12456,2.3067,data\synthetic\originals\doc_family_receipt_022_inst_00.png,data\train\images\syn_doc_family_receipt_022_inst_00_v2_signature_manipulation.png,data\train\masks\syn_doc_family_receipt_022_inst_00_v2_signature_manipulation.png,600,900,train,MIT
syn_doc_family_receipt_022_inst_00_v3_photo_replacement,doc_family_receipt_022_inst_00,doc_family_receipt_022,receipt,synthetic,photo_replacement,1,"[173, 219, 329, 510]",45396,8.4067,data\synthetic\originals\doc_family_receipt_022_inst_00.png,data\train\images\syn_doc_family_receipt_022_inst_00_v3_photo_replacement.png,data\train\masks\syn_doc_family_receipt_022_inst_00_v3_photo_replacement.png,600,900,train,MIT
syn_doc_family_receipt_022_inst_00_v4_stamp_seal_manipulation,doc_family_receipt_022_inst_00,doc_family_receipt_022,receipt,synthetic,stamp_seal_manipulation,1,"[296, 561, 419, 684]",2698,0.4996,data\synthetic\originals\doc_family_receipt_022_inst_00.png,data\train\images\syn_doc_family_receipt_022_inst_00_v4_stamp_seal_manipulation.png,data\train\masks\syn_doc_family_receipt_022_inst_00_v4_stamp_seal_manipulation.png,600,900,train,MIT
syn_doc_family_receipt_023_inst_00_authentic,doc_family_receipt_023_inst_00,doc_family_receipt_023,receipt,synthetic,none,0,"[0, 0, 0, 0]",0,0.0,data\synthetic\originals\doc_family_receipt_023_inst_00.png,data\train\images\syn_doc_family_receipt_023_inst_00_authentic.png,data\train\masks\syn_doc_family_receipt_023_inst_00_authentic.png,600,900,train,MIT
syn_doc_family_receipt_023_inst_00_v1_region_removal,doc_family_receipt_023_inst_00,doc_family_receipt_023,receipt,synthetic,region_removal,1,"[111, 681, 276, 789]",17820,3.3,data\synthetic\originals\doc_family_receipt_023_inst_00.png,data\train\images\syn_doc_family_receipt_023_inst_00_v1_region_removal.png,data\train\masks\syn_doc_family_receipt_023_inst_00_v1_region_removal.png,600,900,train,MIT
syn_doc_family_receipt_023_inst_00_v2_local_inpainting,doc_family_receipt_023_inst_00,doc_family_receipt_023,receipt,synthetic,local_inpainting,1,"[220, 352, 370, 399]",7050,1.3056,data\synthetic\originals\doc_family_receipt_023_inst_00.png,data\train\images\syn_doc_family_receipt_023_inst_00_v2_local_inpainting.png,data\train\masks\syn_doc_family_receipt_023_inst_00_v2_local_inpainting.png,600,900,train,MIT
syn_doc_family_receipt_023_inst_00_v3_text_replacement,doc_family_receipt_023_inst_00,doc_family_receipt_023,receipt,synthetic,text_replacement,1,"[188, 496, 366, 550]",9612,1.78,data\synthetic\originals\doc_family_receipt_023_inst_00.png,data\train\images\syn_doc_family_receipt_023_inst_00_v3_text_replacement.png,data\train\masks\syn_doc_family_receipt_023_inst_00_v3_text_replacement.png,600,900,train,MIT
syn_doc_family_receipt_023_inst_00_v4_number_amount_replacement,doc_family_receipt_023_inst_00,doc_family_receipt_023,receipt,synthetic,number_amount_replacement,1,"[317, 503, 451, 547]",5896,1.0919,data\synthetic\originals\doc_family_receipt_023_inst_00.png,data\train\images\syn_doc_family_receipt_023_inst_00_v4_number_amount_replacement.png,data\train\masks\syn_doc_family_receipt_023_inst_00_v4_number_amount_replacement.png,600,900,train,MIT
syn_doc_family_receipt_024_inst_00_authentic,doc_family_receipt_024_inst_00,doc_family_receipt_024,receipt,synthetic,none,0,"[0, 0, 0, 0]",0,0.0,data\synthetic\originals\doc_family_receipt_024_inst_00.png,data\test\images\syn_doc_family_receipt_024_inst_00_authentic.png,data\test\masks\syn_doc_family_receipt_024_inst_00_authentic.png,600,900,test,MIT
syn_doc_family_receipt_024_inst_00_v1_date_replacement,doc_family_receipt_024_inst_00,doc_family_receipt_024,receipt,synthetic,date_replacement,1,"[259, 343, 362, 385]",4326,0.8011,data\synthetic\originals\doc_family_receipt_024_inst_00.png,data\test\images\syn_doc_family_receipt_024_inst_00_v1_date_replacement.png,data\test\masks\syn_doc_family_receipt_024_inst_00_v1_date_replacement.png,600,900,test,MIT
syn_doc_family_receipt_024_inst_00_v2_copy_move_intra,doc_family_receipt_024_inst_00,doc_family_receipt_024,receipt,synthetic,copy_move_intra,1,"[150, 136, 239, 173]",3293,0.6098,data\synthetic\originals\doc_family_receipt_024_inst_00.png,data\test\images\syn_doc_family_receipt_024_inst_00_v2_copy_move_intra.png,data\test\masks\syn_doc_family_receipt_024_inst_00_v2_copy_move_intra.png,600,900,test,MIT
syn_doc_family_receipt_024_inst_00_v3_copy_paste_inter,doc_family_receipt_024_inst_00,doc_family_receipt_024,receipt,synthetic,copy_paste_inter,1,"[337, 505, 473, 555]",6800,1.2593,data\synthetic\originals\doc_family_receipt_024_inst_00.png,data\test\images\syn_doc_family_receipt_024_inst_00_v3_copy_paste_inter.png,data\test\masks\syn_doc_family_receipt_024_inst_00_v3_copy_paste_inter.png,600,900,test,MIT
syn_doc_family_receipt_024_inst_00_v4_signature_manipulation,doc_family_receipt_024_inst_00,doc_family_receipt_024,receipt,synthetic,signature_manipulation,1,"[130, 684, 343, 752]",14484,2.6822,data\synthetic\originals\doc_family_receipt_024_inst_00.png,data\test\images\syn_doc_family_receipt_024_inst_00_v4_signature_manipulation.png,data\test\masks\syn_doc_family_receipt_024_inst_00_v4_signature_manipulation.png,600,900,test,MIT
syn_doc_family_receipt_025_inst_00_authentic,doc_family_receipt_025_inst_00,doc_family_receipt_025,receipt,synthetic,none,0,"[0, 0, 0, 0]",0,0.0,data\synthetic\originals\doc_family_receipt_025_inst_00.png,data\train\images\syn_doc_family_receipt_025_inst_00_authentic.png,data\train\masks\syn_doc_family_receipt_025_inst_00_authentic.png,600,900,train,MIT
syn_doc_family_receipt_025_inst_00_v1_photo_replacement,doc_family_receipt_025_inst_00,doc_family_receipt_025,receipt,synthetic,photo_replacement,1,"[81, 199, 246, 482]",46695,8.6472,data\synthetic\originals\doc_family_receipt_025_inst_00.png,data\train\images\syn_doc_family_receipt_025_inst_00_v1_photo_replacement.png,data\train\masks\syn_doc_family_receipt_025_inst_00_v1_photo_replacement.png,600,900,train,MIT
syn_doc_family_receipt_025_inst_00_v2_stamp_seal_manipulation,doc_family_receipt_025_inst_00,doc_family_receipt_025,receipt,synthetic,stamp_seal_manipulation,1,"[335, 575, 427, 667]",1824,0.3378,data\synthetic\originals\doc_family_receipt_025_inst_00.png,data\train\images\syn_doc_family_receipt_025_inst_00_v2_stamp_seal_manipulation.png,data\train\masks\syn_doc_family_receipt_025_inst_00_v2_stamp_seal_manipulation.png,600,900,train,MIT
syn_doc_family_receipt_025_inst_00_v3_region_removal,doc_family_receipt_025_inst_00,doc_family_receipt_025,receipt,synthetic,region_removal,1,"[218, 502, 409, 575]",13943,2.582,data\synthetic\originals\doc_family_receipt_025_inst_00.png,data\train\images\syn_doc_family_receipt_025_inst_00_v3_region_removal.png,data\train\masks\syn_doc_family_receipt_025_inst_00_v3_region_removal.png,600,900,train,MIT
syn_doc_family_receipt_025_inst_00_v4_local_inpainting,doc_family_receipt_025_inst_00,doc_family_receipt_025,receipt,synthetic,local_inpainting,1,"[104, 520, 280, 548]",4928,0.9126,data\synthetic\originals\doc_family_receipt_025_inst_00.png,data\train\images\syn_doc_family_receipt_025_inst_00_v4_local_inpainting.png,data\train\masks\syn_doc_family_receipt_025_inst_00_v4_local_inpainting.png,600,900,train,MIT
syn_doc_family_receipt_026_inst_00_authentic,doc_family_receipt_026_inst_00,doc_family_receipt_026,receipt,synthetic,none,0,"[0, 0, 0, 0]",0,0.0,data\synthetic\originals\doc_family_receipt_026_inst_00.png,data\train\images\syn_doc_family_receipt_026_inst_00_authentic.png,data\train\masks\syn_doc_family_receipt_026_inst_00_authentic.png,600,900,train,MIT
syn_doc_family_receipt_026_inst_00_v1_text_replacement,doc_family_receipt_026_inst_00,doc_family_receipt_026,receipt,synthetic,text_replacement,1,"[362, 503, 483, 535]",3872,0.717,data\synthetic\originals\doc_family_receipt_026_inst_00.png,data\train\images\syn_doc_family_receipt_026_inst_00_v1_text_replacement.png,data\train\masks\syn_doc_family_receipt_026_inst_00_v1_text_replacement.png,600,900,train,MIT
syn_doc_family_receipt_026_inst_00_v2_number_amount_replacement,doc_family_receipt_026_inst_00,doc_family_receipt_026,receipt,synthetic,number_amount_replacement,1,"[385, 701, 517, 733]",4224,0.7822,data\synthetic\originals\doc_family_receipt_026_inst_00.png,data\train\images\syn_doc_family_receipt_026_inst_00_v2_number_amount_replacement.png,data\train\masks\syn_doc_family_receipt_026_inst_00_v2_number_amount_replacement.png,600,900,train,MIT
syn_doc_family_receipt_026_inst_00_v3_date_replacement,doc_family_receipt_026_inst_00,doc_family_receipt_026,receipt,synthetic,date_replacement,1,"[284, 227, 428, 256]",4176,0.7733,data\synthetic\originals\doc_family_receipt_026_inst_00.png,data\train\images\syn_doc_family_receipt_026_inst_00_v3_date_replacement.png,data\train\masks\syn_doc_family_receipt_026_inst_00_v3_date_replacement.png,600,900,train,MIT
syn_doc_family_receipt_026_inst_00_v4_copy_move_intra,doc_family_receipt_026_inst_00,doc_family_receipt_026,receipt,synthetic,copy_move_intra,1,"[64, 332, 149, 398]",5610,1.0389,data\synthetic\originals\doc_family_receipt_026_inst_00.png,data\train\images\syn_doc_family_receipt_026_inst_00_v4_copy_move_intra.png,data\train\masks\syn_doc_family_receipt_026_inst_00_v4_copy_move_intra.png,600,900,train,MIT
syn_doc_family_receipt_027_inst_00_authentic,doc_family_receipt_027_inst_00,doc_family_receipt_027,receipt,synthetic,none,0,"[0, 0, 0, 0]",0,0.0,data\synthetic\originals\doc_family_receipt_027_inst_00.png,data\train\images\syn_doc_family_receipt_027_inst_00_authentic.png,data\train\masks\syn_doc_family_receipt_027_inst_00_authentic.png,600,900,train,MIT
syn_doc_family_receipt_027_inst_00_v1_copy_paste_inter,doc_family_receipt_027_inst_00,doc_family_receipt_027,receipt,synthetic,copy_paste_inter,1,"[333, 687, 479, 723]",5256,0.9733,data\synthetic\originals\doc_family_receipt_027_inst_00.png,data\train\images\syn_doc_family_receipt_027_inst_00_v1_copy_paste_inter.png,data\train\masks\syn_doc_family_receipt_027_inst_00_v1_copy_paste_inter.png,600,900,train,MIT
syn_doc_family_receipt_027_inst_00_v2_signature_manipulation,doc_family_receipt_027_inst_00,doc_family_receipt_027,receipt,synthetic,signature_manipulation,1,"[133, 748, 327, 794]",8924,1.6526,data\synthetic\originals\doc_family_receipt_027_inst_00.png,data\train\images\syn_doc_family_receipt_027_inst_00_v2_signature_manipulation.png,data\train\masks\syn_doc_family_receipt_027_inst_00_v2_signature_manipulation.png,600,900,train,MIT
syn_doc_family_receipt_027_inst_00_v3_photo_replacement,doc_family_receipt_027_inst_00,doc_family_receipt_027,receipt,synthetic,photo_replacement,1,"[194, 385, 330, 684]",40664,7.5304,data\synthetic\originals\doc_family_receipt_027_inst_00.png,data\train\images\syn_doc_family_receipt_027_inst_00_v3_photo_replacement.png,data\train\masks\syn_doc_family_receipt_027_inst_00_v3_photo_replacement.png,600,900,train,MIT
syn_doc_family_receipt_027_inst_00_v4_stamp_seal_manipulation,doc_family_receipt_027_inst_00,doc_family_receipt_027,receipt,synthetic,stamp_seal_manipulation,1,"[324, 548, 428, 652]",2074,0.3841,data\synthetic\originals\doc_family_receipt_027_inst_00.png,data\train\images\syn_doc_family_receipt_027_inst_00_v4_stamp_seal_manipulation.png,data\train\masks\syn_doc_family_receipt_027_inst_00_v4_stamp_seal_manipulation.png,600,900,train,MIT
syn_doc_family_receipt_028_inst_00_authentic,doc_family_receipt_028_inst_00,doc_family_receipt_028,receipt,synthetic,none,0,"[0, 0, 0, 0]",0,0.0,data\synthetic\originals\doc_family_receipt_028_inst_00.png,data\train\images\syn_doc_family_receipt_028_inst_00_authentic.png,data\train\masks\syn_doc_family_receipt_028_inst_00_authentic.png,600,900,train,MIT
syn_doc_family_receipt_028_inst_00_v1_region_removal,doc_family_receipt_028_inst_00,doc_family_receipt_028,receipt,synthetic,region_removal,1,"[246, 617, 510, 684]",17688,3.2756,data\synthetic\originals\doc_family_receipt_028_inst_00.png,data\train\images\syn_doc_family_receipt_028_inst_00_v1_region_removal.png,data\train\masks\syn_doc_family_receipt_028_inst_00_v1_region_removal.png,600,900,train,MIT
syn_doc_family_receipt_028_inst_00_v2_local_inpainting,doc_family_receipt_028_inst_00,doc_family_receipt_028,receipt,synthetic,local_inpainting,1,"[415, 693, 524, 735]",4578,0.8478,data\synthetic\originals\doc_family_receipt_028_inst_00.png,data\train\images\syn_doc_family_receipt_028_inst_00_v2_local_inpainting.png,data\train\masks\syn_doc_family_receipt_028_inst_00_v2_local_inpainting.png,600,900,train,MIT
syn_doc_family_receipt_028_inst_00_v3_text_replacement,doc_family_receipt_028_inst_00,doc_family_receipt_028,receipt,synthetic,text_replacement,1,"[255, 256, 402, 290]",4998,0.9256,data\synthetic\originals\doc_family_receipt_028_inst_00.png,data\train\images\syn_doc_family_receipt_028_inst_00_v3_text_replacement.png,data\train\masks\syn_doc_family_receipt_028_inst_00_v3_text_replacement.png,600,900,train,MIT
syn_doc_family_receipt_028_inst_00_v4_number_amount_replacement,doc_family_receipt_028_inst_00,doc_family_receipt_028,receipt,synthetic,number_amount_replacement,1,"[351, 532, 449, 567]",3430,0.6352,data\synthetic\originals\doc_family_receipt_028_inst_00.png,data\train\images\syn_doc_family_receipt_028_inst_00_v4_number_amount_replacement.png,data\train\masks\syn_doc_family_receipt_028_inst_00_v4_number_amount_replacement.png,600,900,train,MIT
syn_doc_family_receipt_029_inst_00_authentic,doc_family_receipt_029_inst_00,doc_family_receipt_029,receipt,synthetic,none,0,"[0, 0, 0, 0]",0,0.0,data\synthetic\originals\doc_family_receipt_029_inst_00.png,data\train\images\syn_doc_family_receipt_029_inst_00_authentic.png,data\train\masks\syn_doc_family_receipt_029_inst_00_authentic.png,600,900,train,MIT
syn_doc_family_receipt_029_inst_00_v1_date_replacement,doc_family_receipt_029_inst_00,doc_family_receipt_029,receipt,synthetic,date_replacement,1,"[249, 186, 400, 230]",6644,1.2304,data\synthetic\originals\doc_family_receipt_029_inst_00.png,data\train\images\syn_doc_family_receipt_029_inst_00_v1_date_replacement.png,data\train\masks\syn_doc_family_receipt_029_inst_00_v1_date_replacement.png,600,900,train,MIT
syn_doc_family_receipt_029_inst_00_v2_copy_move_intra,doc_family_receipt_029_inst_00,doc_family_receipt_029,receipt,synthetic,copy_move_intra,1,"[397, 164, 534, 201]",5069,0.9387,data\synthetic\originals\doc_family_receipt_029_inst_00.png,data\train\images\syn_doc_family_receipt_029_inst_00_v2_copy_move_intra.png,data\train\masks\syn_doc_family_receipt_029_inst_00_v2_copy_move_intra.png,600,900,train,MIT
syn_doc_family_receipt_029_inst_00_v3_copy_paste_inter,doc_family_receipt_029_inst_00,doc_family_receipt_029,receipt,synthetic,copy_paste_inter,1,"[375, 400, 530, 439]",6045,1.1194,data\synthetic\originals\doc_family_receipt_029_inst_00.png,data\train\images\syn_doc_family_receipt_029_inst_00_v3_copy_paste_inter.png,data\train\masks\syn_doc_family_receipt_029_inst_00_v3_copy_paste_inter.png,600,900,train,MIT
syn_doc_family_receipt_029_inst_00_v4_signature_manipulation,doc_family_receipt_029_inst_00,doc_family_receipt_029,receipt,synthetic,signature_manipulation,1,"[373, 711, 544, 786]",12825,2.375,data\synthetic\originals\doc_family_receipt_029_inst_00.png,data\train\images\syn_doc_family_receipt_029_inst_00_v4_signature_manipulation.png,data\train\masks\syn_doc_family_receipt_029_inst_00_v4_signature_manipulation.png,600,900,train,MIT
syn_doc_family_receipt_030_inst_00_authentic,doc_family_receipt_030_inst_00,doc_family_receipt_030,receipt,synthetic,none,0,"[0, 0, 0, 0]",0,0.0,data\synthetic\originals\doc_family_receipt_030_inst_00.png,data\val\images\syn_doc_family_receipt_030_inst_00_authentic.png,data\val\masks\syn_doc_family_receipt_030_inst_00_authentic.png,600,900,val,MIT
syn_doc_family_receipt_030_inst_00_v1_photo_replacement,doc_family_receipt_030_inst_00,doc_family_receipt_030,receipt,synthetic,photo_replacement,1,"[203, 180, 341, 468]",39744,7.36,data\synthetic\originals\doc_family_receipt_030_inst_00.png,data\val\images\syn_doc_family_receipt_030_inst_00_v1_photo_replacement.png,data\val\masks\syn_doc_family_receipt_030_inst_00_v1_photo_replacement.png,600,900,val,MIT
syn_doc_family_receipt_030_inst_00_v2_stamp_seal_manipulation,doc_family_receipt_030_inst_00,doc_family_receipt_030,receipt,synthetic,stamp_seal_manipulation,1,"[325, 402, 455, 532]",2891,0.5354,data\synthetic\originals\doc_family_receipt_030_inst_00.png,data\val\images\syn_doc_family_receipt_030_inst_00_v2_stamp_seal_manipulation.png,data\val\masks\syn_doc_family_receipt_030_inst_00_v2_stamp_seal_manipulation.png,600,900,val,MIT
syn_doc_family_receipt_030_inst_00_v3_region_removal,doc_family_receipt_030_inst_00,doc_family_receipt_030,receipt,synthetic,region_removal,1,"[145, 447, 317, 493]",7912,1.4652,data\synthetic\originals\doc_family_receipt_030_inst_00.png,data\val\images\syn_doc_family_receipt_030_inst_00_v3_region_removal.png,data\val\masks\syn_doc_family_receipt_030_inst_00_v3_region_removal.png,600,900,val,MIT
syn_doc_family_receipt_030_inst_00_v4_local_inpainting,doc_family_receipt_030_inst_00,doc_family_receipt_030,receipt,synthetic,local_inpainting,1,"[310, 559, 467, 608]",7693,1.4246,data\synthetic\originals\doc_family_receipt_030_inst_00.png,data\val\images\syn_doc_family_receipt_030_inst_00_v4_local_inpainting.png,data\val\masks\syn_doc_family_receipt_030_inst_00_v4_local_inpainting.png,600,900,val,MIT
