sample_id,document_id,document_family_id,doc_type,data_source,is_synthetic,license,is_tampered,tampering_type,image_path,mask_path,width,height,tampered_pixel_count,tampered_area_ratio,split
public_GenText_Forensic_00000000,GenText_Forensic_00000000,pub_family_GenText_Forensic_00000000,public_document,public_realtext_v2,0,CC-BY-NC-4.0,1,public_realtext_tampered,data\train\images\public_GenText_Forensic_00000000.png,data\train\masks\public_GenText_Forensic_00000000.png,1159,1500,9664,0.0055588150704630425,train
public_GenText_Forensic_00000001,GenText_Forensic_00000001,pub_family_GenText_Forensic_00000001,public_document,public_realtext_v2,0,CC-BY-NC-4.0,1,public_realtext_tampered,data\test\images\public_GenText_Forensic_00000001.png,data\test\masks\public_GenText_Forensic_00000001.png,1159,1500,63876,0.03674201898188093,test
public_GenText_Forensic_00000002,GenText_Forensic_00000002,pub_family_GenText_Forensic_00000002,public_document,public_realtext_v2,0,CC-BY-NC-4.0,1,public_realtext_tampered,data\val\images\public_GenText_Forensic_00000002.png,data\val\masks\public_GenText_Forensic_00000002.png,1159,1500,7369,0.0042387115329306875,val
public_GenText_Forensic_00000003,GenText_Forensic_00000003,pub_family_GenText_Forensic_00000003,public_document,public_realtext_v2,0,CC-BY-NC-4.0,1,public_realtext_tampered,data\train\images\public_GenText_Forensic_00000003.png,data\train\masks\public_GenText_Forensic_00000003.png,1159,1500,23586,0.013566867989646247,train
public_GenText_Forensic_00000004,GenText_Forensic_00000004,pub_family_GenText_Forensic_00000004,public_document,public_realtext_v2,0,CC-BY-NC-4.0,1,public_realtext_tampered,data\train\images\public_GenText_Forensic_00000004.png,data\train\masks\public_GenText_Forensic_00000004.png,1159,1500,13820,0.007949381650848433,train
public_GenText_Forensic_00000005,GenText_Forensic_00000005,pub_family_GenText_Forensic_00000005,public_document,public_realtext_v2,0,CC-BY-NC-4.0,1,public_realtext_tampered,data\val\images\public_GenText_Forensic_00000005.png,data\val\masks\public_GenText_Forensic_00000005.png,1159,1500,23175,0.013330457290767903,val
public_GenText_Forensic_00000006,GenText_Forensic_00000006,pub_family_GenText_Forensic_00000006,public_document,public_realtext_v2,0,CC-BY-NC-4.0,1,public_realtext_tampered,data\val\images\public_GenText_Forensic_00000006.png,data\val\masks\public_GenText_Forensic_00000006.png,1159,1500,12927,0.00743572044866264,val
public_GenText_Forensic_00000007,GenText_Forensic_00000007,pub_family_GenText_Forensic_00000007,public_document,public_realtext_v2,0,CC-BY-NC-4.0,1,public_realtext_tampered,data\test\images\public_GenText_Forensic_00000007.png,data\test\masks\public_GenText_Forensic_00000007.png,1500,1018,3588,0.002349705304518664,test
public_GenText_Forensic_00000008,GenText_Forensic_00000008,pub_family_GenText_Forensic_00000008,public_document,public_realtext_v2,0,CC-BY-NC-4.0,1,public_realtext_tampered,data\test\images\public_GenText_Forensic_00000008.png,data\test\masks\public_GenText_Forensic_00000008.png,1159,1500,26156,0.01504515386827725,test
public_GenText_Forensic_00000009,GenText_Forensic_00000009,pub_family_GenText_Forensic_00000009,public_document,public_realtext_v2,0,CC-BY-NC-4.0,1,public_realtext_tampered,data\train\images\public_GenText_Forensic_00000009.png,data\train\masks\public_GenText_Forensic_00000009.png,1500,1159,33601,0.019327581248202472,train
public_GenText_Forensic_00000010,GenText_Forensic_00000010,pub_family_GenText_Forensic_00000010,public_document,public_realtext_v2,0,CC-BY-NC-4.0,1,public_realtext_tampered,data\train\images\public_GenText_Forensic_00000010.png,data\train\masks\public_GenText_Forensic_00000010.png,1061,1500,16843,0.010583097706566133,train
public_GenText_Forensic_00000011,GenText_Forensic_00000011,pub_family_GenText_Forensic_00000011,public_document,public_realtext_v2,0,CC-BY-NC-4.0,1,public_realtext_tampered,data\train\images\public_GenText_Forensic_00000011.png,data\train\masks\public_GenText_Forensic_00000011.png,1159,1500,5395,0.003103249928098936,train
public_GenText_Forensic_00000012,GenText_Forensic_00000012,pub_family_GenText_Forensic_00000012,public_document,public_realtext_v2,0,CC-BY-NC-4.0,1,public_realtext_tampered,data\train\images\public_GenText_Forensic_00000012.png,data\train\masks\public_GenText_Forensic_00000012.png,1159,1500,13476,0.007751509922346851,train
public_GenText_Forensic_00000013,GenText_Forensic_00000013,pub_family_GenText_Forensic_00000013,public_document,public_realtext_v2,0,CC-BY-NC-4.0,1,public_realtext_tampered,data\train\images\public_GenText_Forensic_00000013.png,data\train\masks\public_GenText_Forensic_00000013.png,1500,1061,4878,0.0030650329877474083,train
public_GenText_Forensic_00000014,GenText_Forensic_00000014,pub_family_GenText_Forensic_00000014,public_document,public_realtext_v2,0,CC-BY-NC-4.0,1,public_realtext_tampered,data\test\images\public_GenText_Forensic_00000014.png,data\test\masks\public_GenText_Forensic_00000014.png,1061,1500,18925,0.011891297518064718,test
public_GenText_Forensic_00000015,GenText_Forensic_00000015,pub_family_GenText_Forensic_00000015,public_document,public_realtext_v2,0,CC-BY-NC-4.0,1,public_realtext_tampered,data\test\images\public_GenText_Forensic_00000015.png,data\test\masks\public_GenText_Forensic_00000015.png,1500,1061,3859,0.002424756519007226,test
public_GenText_Forensic_00000016,GenText_Forensic_00000016,pub_family_GenText_Forensic_00000016,public_document,public_realtext_v2,0,CC-BY-NC-4.0,1,public_realtext_tampered,data\train\images\public_GenText_Forensic_00000016.png,data\train\masks\public_GenText_Forensic_00000016.png,1159,1500,16591,0.009543284440609721,train
public_GenText_Forensic_00000017,GenText_Forensic_00000017,pub_family_GenText_Forensic_00000017,public_document,public_realtext_v2,0,CC-BY-NC-4.0,1,public_realtext_tampered,data\test\images\public_GenText_Forensic_00000017.png,data\test\masks\public_GenText_Forensic_00000017.png,1159,1500,5477,0.0031504170261719873,test
public_GenText_Forensic_00000018,GenText_Forensic_00000018,pub_family_GenText_Forensic_00000018,public_document,public_realtext_v2,0,CC-BY-NC-4.0,1,public_realtext_tampered,data\train\images\public_GenText_Forensic_00000018.png,data\train\masks\public_GenText_Forensic_00000018.png,1159,1500,15743,0.009055507621512799,train
public_GenText_Forensic_00000019,GenText_Forensic_00000019,pub_family_GenText_Forensic_00000019,public_document,public_realtext_v2,0,CC-BY-NC-4.0,1,public_realtext_tampered,data\train\images\public_GenText_Forensic_00000019.png,data\train\masks\public_GenText_Forensic_00000019.png,1159,1500,8778,0.005049180327868852,train
public_GenText_Forensic_00000020,GenText_Forensic_00000020,pub_family_GenText_Forensic_00000020,public_document,public_realtext_v2,0,CC-BY-NC-4.0,1,public_realtext_tampered,data\train\images\public_GenText_Forensic_00000020.png,data\train\masks\public_GenText_Forensic_00000020.png,1060,1500,4077,0.0025641509433962264,train
public_GenText_Forensic_00000021,GenText_Forensic_00000021,pub_family_GenText_Forensic_00000021,public_document,public_realtext_v2,0,CC-BY-NC-4.0,1,public_realtext_tampered,data\train\images\public_GenText_Forensic_00000021.png,data\train\masks\public_GenText_Forensic_00000021.png,1159,1500,5745,0.0033045729076790335,train
public_GenText_Forensic_00000022,GenText_Forensic_00000022,pub_family_GenText_Forensic_00000022,public_document,public_realtext_v2,0,CC-BY-NC-4.0,1,public_realtext_tampered,data\train\images\public_GenText_Forensic_00000022.png,data\train\masks\public_GenText_Forensic_00000022.png,1159,1500,15687,0.009023295944779982,train
public_GenText_Forensic_00000023,GenText_Forensic_00000023,pub_family_GenText_Forensic_00000023,public_document,public_realtext_v2,0,CC-BY-NC-4.0,1,public_realtext_tampered,data\train\images\public_GenText_Forensic_00000023.png,data\train\masks\public_GenText_Forensic_00000023.png,1061,1500,17625,0.011074458058435438,train
public_GenText_Forensic_00000024,GenText_Forensic_00000024,pub_family_GenText_Forensic_00000024,public_document,public_realtext_v2,0,CC-BY-NC-4.0,1,public_realtext_tampered,data\train\images\public_GenText_Forensic_00000024.png,data\train\masks\public_GenText_Forensic_00000024.png,1159,1500,143771,0.0826983031348864,train
public_GenText_Forensic_00000025,GenText_Forensic_00000025,pub_family_GenText_Forensic_00000025,public_document,public_realtext_v2,0,CC-BY-NC-4.0,1,public_realtext_tampered,data\train\images\public_GenText_Forensic_00000025.png,data\train\masks\public_GenText_Forensic_00000025.png,1159,1500,8278,0.004761576071325856,train
public_GenText_Forensic_00000026,GenText_Forensic_00000026,pub_family_GenText_Forensic_00000026,public_document,public_realtext_v2,0,CC-BY-NC-4.0,1,public_realtext_tampered,data\train\images\public_GenText_Forensic_00000026.png,data\train\masks\public_GenText_Forensic_00000026.png,1159,1500,5378,0.0030934713833764738,train
public_GenText_Forensic_00000027,GenText_Forensic_00000027,pub_family_GenText_Forensic_00000027,public_document,public_realtext_v2,0,CC-BY-NC-4.0,1,public_realtext_tampered,data\val\images\public_GenText_Forensic_00000027.png,data\val\masks\public_GenText_Forensic_00000027.png,1159,1500,3283,0.0018884095484613171,val
public_GenText_Forensic_00000028,GenText_Forensic_00000028,pub_family_GenText_Forensic_00000028,public_document,public_realtext_v2,0,CC-BY-NC-4.0,1,public_realtext_tampered,data\train\images\public_GenText_Forensic_00000028.png,data\train\masks\public_GenText_Forensic_00000028.png,1145,1500,10012,0.0058294032023289664,train
public_GenText_Forensic_00000029,GenText_Forensic_00000029,pub_family_GenText_Forensic_00000029,public_document,public_realtext_v2,0,CC-BY-NC-4.0,1,public_realtext_tampered,data\train\images\public_GenText_Forensic_00000029.png,data\train\masks\public_GenText_Forensic_00000029.png,1061,1500,4821,0.0030292177191328937,train
public_GenText_Forensic_00002000,GenText_Forensic_00002000,pub_family_GenText_Forensic_00002000,public_document,public_realtext_v2,0,CC-BY-NC-4.0,0,none,data\train\images\public_GenText_Forensic_00002000.png,data\train\masks\public_GenText_Forensic_00002000.png,1061,1500,0,0.0,train
public_GenText_Forensic_00002001,GenText_Forensic_00002001,pub_family_GenText_Forensic_00002001,public_document,public_realtext_v2,0,CC-BY-NC-4.0,0,none,data\train\images\public_GenText_Forensic_00002001.png,data\train\masks\public_GenText_Forensic_00002001.png,1159,1500,0,0.0,train
public_GenText_Forensic_00002002,GenText_Forensic_00002002,pub_family_GenText_Forensic_00002002,public_document,public_realtext_v2,0,CC-BY-NC-4.0,0,none,data\train\images\public_GenText_Forensic_00002002.png,data\train\masks\public_GenText_Forensic_00002002.png,1159,1500,0,0.0,train
public_GenText_Forensic_00002003,GenText_Forensic_00002003,pub_family_GenText_Forensic_00002003,public_document,public_realtext_v2,0,CC-BY-NC-4.0,0,none,data\train\images\public_GenText_Forensic_00002003.png,data\train\masks\public_GenText_Forensic_00002003.png,1159,1500,0,0.0,train
public_GenText_Forensic_00002004,GenText_Forensic_00002004,pub_family_GenText_Forensic_00002004,public_document,public_realtext_v2,0,CC-BY-NC-4.0,0,none,data\val\images\public_GenText_Forensic_00002004.png,data\val\masks\public_GenText_Forensic_00002004.png,1061,1500,0,0.0,val
public_GenText_Forensic_00002005,GenText_Forensic_00002005,pub_family_GenText_Forensic_00002005,public_document,public_realtext_v2,0,CC-BY-NC-4.0,0,none,data\train\images\public_GenText_Forensic_00002005.png,data\train\masks\public_GenText_Forensic_00002005.png,1159,1500,0,0.0,train
public_GenText_Forensic_00002006,GenText_Forensic_00002006,pub_family_GenText_Forensic_00002006,public_document,public_realtext_v2,0,CC-BY-NC-4.0,0,none,data\train\images\public_GenText_Forensic_00002006.png,data\train\masks\public_GenText_Forensic_00002006.png,1061,1500,0,0.0,train
public_GenText_Forensic_00002007,GenText_Forensic_00002007,pub_family_GenText_Forensic_00002007,public_document,public_realtext_v2,0,CC-BY-NC-4.0,0,none,data\val\images\public_GenText_Forensic_00002007.png,data\val\masks\public_GenText_Forensic_00002007.png,1500,1061,0,0.0,val
public_GenText_Forensic_00002008,GenText_Forensic_00002008,pub_family_GenText_Forensic_00002008,public_document,public_realtext_v2,0,CC-BY-NC-4.0,0,none,data\train\images\public_GenText_Forensic_00002008.png,data\train\masks\public_GenText_Forensic_00002008.png,1159,1500,0,0.0,train
public_GenText_Forensic_00002009,GenText_Forensic_00002009,pub_family_GenText_Forensic_00002009,public_document,public_realtext_v2,0,CC-BY-NC-4.0,0,none,data\train\images\public_GenText_Forensic_00002009.png,data\train\masks\public_GenText_Forensic_00002009.png,1061,1500,0,0.0,train
public_GenText_Forensic_00002010,GenText_Forensic_00002010,pub_family_GenText_Forensic_00002010,public_document,public_realtext_v2,0,CC-BY-NC-4.0,0,none,data\test\images\public_GenText_Forensic_00002010.png,data\test\masks\public_GenText_Forensic_00002010.png,971,1500,0,0.0,test
public_GenText_Forensic_00002011,GenText_Forensic_00002011,pub_family_GenText_Forensic_00002011,public_document,public_realtext_v2,0,CC-BY-NC-4.0,0,none,data\train\images\public_GenText_Forensic_00002011.png,data\train\masks\public_GenText_Forensic_00002011.png,1159,1500,0,0.0,train
public_GenText_Forensic_00002012,GenText_Forensic_00002012,pub_family_GenText_Forensic_00002012,public_document,public_realtext_v2,0,CC-BY-NC-4.0,0,none,data\train\images\public_GenText_Forensic_00002012.png,data\train\masks\public_GenText_Forensic_00002012.png,1038,1500,0,0.0,train
public_GenText_Forensic_00002013,GenText_Forensic_00002013,pub_family_GenText_Forensic_00002013,public_document,public_realtext_v2,0,CC-BY-NC-4.0,0,none,data\train\images\public_GenText_Forensic_00002013.png,data\train\masks\public_GenText_Forensic_00002013.png,1159,1500,0,0.0,train
public_GenText_Forensic_00002014,GenText_Forensic_00002014,pub_family_GenText_Forensic_00002014,public_document,public_realtext_v2,0,CC-BY-NC-4.0,0,none,data\train\images\public_GenText_Forensic_00002014.png,data\train\masks\public_GenText_Forensic_00002014.png,1159,1500,0,0.0,train
public_GenText_Forensic_00002015,GenText_Forensic_00002015,pub_family_GenText_Forensic_00002015,public_document,public_realtext_v2,0,CC-BY-NC-4.0,0,none,data\train\images\public_GenText_Forensic_00002015.png,data\train\masks\public_GenText_Forensic_00002015.png,1159,1500,0,0.0,train
public_GenText_Forensic_00002016,GenText_Forensic_00002016,pub_family_GenText_Forensic_00002016,public_document,public_realtext_v2,0,CC-BY-NC-4.0,0,none,data\train\images\public_GenText_Forensic_00002016.png,data\train\masks\public_GenText_Forensic_00002016.png,1061,1500,0,0.0,train
public_GenText_Forensic_00002017,GenText_Forensic_00002017,pub_family_GenText_Forensic_00002017,public_document,public_realtext_v2,0,CC-BY-NC-4.0,0,none,data\val\images\public_GenText_Forensic_00002017.png,data\val\masks\public_GenText_Forensic_00002017.png,1159,1500,0,0.0,val
public_GenText_Forensic_00002018,GenText_Forensic_00002018,pub_family_GenText_Forensic_00002018,public_document,public_realtext_v2,0,CC-BY-NC-4.0,0,none,data\train\images\public_GenText_Forensic_00002018.png,data\train\masks\public_GenText_Forensic_00002018.png,1061,1500,0,0.0,train
public_GenText_Forensic_00002019,GenText_Forensic_00002019,pub_family_GenText_Forensic_00002019,public_document,public_realtext_v2,0,CC-BY-NC-4.0,0,none,data\val\images\public_GenText_Forensic_00002019.png,data\val\masks\public_GenText_Forensic_00002019.png,1159,1500,0,0.0,val
synthetic_doc_family_invoice_001_inst_00_authentic,doc_family_invoice_001_inst_00,doc_family_invoice_001,invoice,synthetic_docforensics,1,MIT,0,none,data\train\images\synthetic_doc_family_invoice_001_inst_00_authentic.png,data\train\masks\synthetic_doc_family_invoice_001_inst_00_authentic.png,800,1050,0,0.0,train
synthetic_doc_family_invoice_001_inst_00_tampered_v1_copy_move,doc_family_invoice_001_inst_00,doc_family_invoice_001,invoice,synthetic_docforensics,1,MIT,1,copy_move,data\train\images\synthetic_doc_family_invoice_001_inst_00_tampered_v1_copy_move.png,data\train\masks\synthetic_doc_family_invoice_001_inst_00_tampered_v1_copy_move.png,800,1050,11200,0.013333333333333334,train
synthetic_doc_family_invoice_001_inst_00_tampered_v2_splicing,doc_family_invoice_001_inst_00,doc_family_invoice_001,invoice,synthetic_docforensics,1,MIT,1,splicing,data\train\images\synthetic_doc_family_invoice_001_inst_00_tampered_v2_splicing.png,data\train\masks\synthetic_doc_family_invoice_001_inst_00_tampered_v2_splicing.png,800,1050,3248,0.0038666666666666667,train
synthetic_doc_family_invoice_001_inst_00_tampered_v3_erasure_inpainting,doc_family_invoice_001_inst_00,doc_family_invoice_001,invoice,synthetic_docforensics,1,MIT,1,erasure_inpainting,data\train\images\synthetic_doc_family_invoice_001_inst_00_tampered_v3_erasure_inpainting.png,data\train\masks\synthetic_doc_family_invoice_001_inst_00_tampered_v3_erasure_inpainting.png,800,1050,7784,0.009266666666666666,train
synthetic_doc_family_invoice_002_inst_00_authentic,doc_family_invoice_002_inst_00,doc_family_invoice_002,invoice,synthetic_docforensics,1,MIT,0,none,data\train\images\synthetic_doc_family_invoice_002_inst_00_authentic.png,data\train\masks\synthetic_doc_family_invoice_002_inst_00_authentic.png,800,1050,0,0.0,train
synthetic_doc_family_invoice_002_inst_00_tampered_v1_copy_move,doc_family_invoice_002_inst_00,doc_family_invoice_002,invoice,synthetic_docforensics,1,MIT,1,copy_move,data\train\images\synthetic_doc_family_invoice_002_inst_00_tampered_v1_copy_move.png,data\train\masks\synthetic_doc_family_invoice_002_inst_00_tampered_v1_copy_move.png,800,1050,19352,0.02303809523809524,train
synthetic_doc_family_invoice_002_inst_00_tampered_v2_splicing,doc_family_invoice_002_inst_00,doc_family_invoice_002,invoice,synthetic_docforensics,1,MIT,1,splicing,data\train\images\synthetic_doc_family_invoice_002_inst_00_tampered_v2_splicing.png,data\train\masks\synthetic_doc_family_invoice_002_inst_00_tampered_v2_splicing.png,800,1050,2554,0.0030404761904761907,train
synthetic_doc_family_invoice_002_inst_00_tampered_v3_erasure_inpainting,doc_family_invoice_002_inst_00,doc_family_invoice_002,invoice,synthetic_docforensics,1,MIT,1,erasure_inpainting,data\train\images\synthetic_doc_family_invoice_002_inst_00_tampered_v3_erasure_inpainting.png,data\train\masks\synthetic_doc_family_invoice_002_inst_00_tampered_v3_erasure_inpainting.png,800,1050,11856,0.014114285714285715,train
synthetic_doc_family_invoice_003_inst_00_authentic,doc_family_invoice_003_inst_00,doc_family_invoice_003,invoice,synthetic_docforensics,1,MIT,0,none,data\train\images\synthetic_doc_family_invoice_003_inst_00_authentic.png,data\train\masks\synthetic_doc_family_invoice_003_inst_00_authentic.png,800,1050,0,0.0,train
synthetic_doc_family_invoice_003_inst_00_tampered_v1_copy_move,doc_family_invoice_003_inst_00,doc_family_invoice_003,invoice,synthetic_docforensics,1,MIT,1,copy_move,data\train\images\synthetic_doc_family_invoice_003_inst_00_tampered_v1_copy_move.png,data\train\masks\synthetic_doc_family_invoice_003_inst_00_tampered_v1_copy_move.png,800,1050,7872,0.009371428571428572,train
synthetic_doc_family_invoice_003_inst_00_tampered_v2_splicing,doc_family_invoice_003_inst_00,doc_family_invoice_003,invoice,synthetic_docforensics,1,MIT,1,splicing,data\train\images\synthetic_doc_family_invoice_003_inst_00_tampered_v2_splicing.png,data\train\masks\synthetic_doc_family_invoice_003_inst_00_tampered_v2_splicing.png,800,1050,4745,0.005648809523809524,train
synthetic_doc_family_invoice_003_inst_00_tampered_v3_erasure_inpainting,doc_family_invoice_003_inst_00,doc_family_invoice_003,invoice,synthetic_docforensics,1,MIT,1,erasure_inpainting,data\train\images\synthetic_doc_family_invoice_003_inst_00_tampered_v3_erasure_inpainting.png,data\train\masks\synthetic_doc_family_invoice_003_inst_00_tampered_v3_erasure_inpainting.png,800,1050,9145,0.010886904761904763,train
synthetic_doc_family_invoice_004_inst_00_authentic,doc_family_invoice_004_inst_00,doc_family_invoice_004,invoice,synthetic_docforensics,1,MIT,0,none,data\train\images\synthetic_doc_family_invoice_004_inst_00_authentic.png,data\train\masks\synthetic_doc_family_invoice_004_inst_00_authentic.png,800,1050,0,0.0,train
synthetic_doc_family_invoice_004_inst_00_tampered_v1_copy_move,doc_family_invoice_004_inst_00,doc_family_invoice_004,invoice,synthetic_docforensics,1,MIT,1,copy_move,data\train\images\synthetic_doc_family_invoice_004_inst_00_tampered_v1_copy_move.png,data\train\masks\synthetic_doc_family_invoice_004_inst_00_tampered_v1_copy_move.png,800,1050,10277,0.01223452380952381,train
synthetic_doc_family_invoice_004_inst_00_tampered_v2_splicing,doc_family_invoice_004_inst_00,doc_family_invoice_004,invoice,synthetic_docforensics,1,MIT,1,splicing,data\train\images\synthetic_doc_family_invoice_004_inst_00_tampered_v2_splicing.png,data\train\masks\synthetic_doc_family_invoice_004_inst_00_tampered_v2_splicing.png,800,1050,2364,0.0028142857142857145,train
synthetic_doc_family_invoice_004_inst_00_tampered_v3_erasure_inpainting,doc_family_invoice_004_inst_00,doc_family_invoice_004,invoice,synthetic_docforensics,1,MIT,1,erasure_inpainting,data\train\images\synthetic_doc_family_invoice_004_inst_00_tampered_v3_erasure_inpainting.png,data\train\masks\synthetic_doc_family_invoice_004_inst_00_tampered_v3_erasure_inpainting.png,800,1050,11524,0.013719047619047619,train
synthetic_doc_family_invoice_005_inst_00_authentic,doc_family_invoice_005_inst_00,doc_family_invoice_005,invoice,synthetic_docforensics,1,MIT,0,none,data\train\images\synthetic_doc_family_invoice_005_inst_00_authentic.png,data\train\masks\synthetic_doc_family_invoice_005_inst_00_authentic.png,800,1050,0,0.0,train
synthetic_doc_family_invoice_005_inst_00_tampered_v1_copy_move,doc_family_invoice_005_inst_00,doc_family_invoice_005,invoice,synthetic_docforensics,1,MIT,1,copy_move,data\train\images\synthetic_doc_family_invoice_005_inst_00_tampered_v1_copy_move.png,data\train\masks\synthetic_doc_family_invoice_005_inst_00_tampered_v1_copy_move.png,800,1050,13572,0.016157142857142856,train
synthetic_doc_family_invoice_005_inst_00_tampered_v2_splicing,doc_family_invoice_005_inst_00,doc_family_invoice_005,invoice,synthetic_docforensics,1,MIT,1,splicing,data\train\images\synthetic_doc_family_invoice_005_inst_00_tampered_v2_splicing.png,data\train\masks\synthetic_doc_family_invoice_005_inst_00_tampered_v2_splicing.png,800,1050,4339,0.005165476190476191,train
synthetic_doc_family_invoice_005_inst_00_tampered_v3_erasure_inpainting,doc_family_invoice_005_inst_00,doc_family_invoice_005,invoice,synthetic_docforensics,1,MIT,1,erasure_inpainting,data\train\images\synthetic_doc_family_invoice_005_inst_00_tampered_v3_erasure_inpainting.png,data\train\masks\synthetic_doc_family_invoice_005_inst_00_tampered_v3_erasure_inpainting.png,800,1050,11214,0.01335,train
synthetic_doc_family_invoice_006_inst_00_authentic,doc_family_invoice_006_inst_00,doc_family_invoice_006,invoice,synthetic_docforensics,1,MIT,0,none,data\test\images\synthetic_doc_family_invoice_006_inst_00_authentic.png,data\test\masks\synthetic_doc_family_invoice_006_inst_00_authentic.png,800,1050,0,0.0,test
synthetic_doc_family_invoice_006_inst_00_tampered_v1_copy_move,doc_family_invoice_006_inst_00,doc_family_invoice_006,invoice,synthetic_docforensics,1,MIT,1,copy_move,data\test\images\synthetic_doc_family_invoice_006_inst_00_tampered_v1_copy_move.png,data\test\masks\synthetic_doc_family_invoice_006_inst_00_tampered_v1_copy_move.png,800,1050,12369,0.014725,test
synthetic_doc_family_invoice_006_inst_00_tampered_v2_splicing,doc_family_invoice_006_inst_00,doc_family_invoice_006,invoice,synthetic_docforensics,1,MIT,1,splicing,data\test\images\synthetic_doc_family_invoice_006_inst_00_tampered_v2_splicing.png,data\test\masks\synthetic_doc_family_invoice_006_inst_00_tampered_v2_splicing.png,800,1050,3970,0.004726190476190476,test
synthetic_doc_family_invoice_006_inst_00_tampered_v3_erasure_inpainting,doc_family_invoice_006_inst_00,doc_family_invoice_006,invoice,synthetic_docforensics,1,MIT,1,erasure_inpainting,data\test\images\synthetic_doc_family_invoice_006_inst_00_tampered_v3_erasure_inpainting.png,data\test\masks\synthetic_doc_family_invoice_006_inst_00_tampered_v3_erasure_inpainting.png,800,1050,6900,0.008214285714285714,test
synthetic_doc_family_invoice_007_inst_00_authentic,doc_family_invoice_007_inst_00,doc_family_invoice_007,invoice,synthetic_docforensics,1,MIT,0,none,data\train\images\synthetic_doc_family_invoice_007_inst_00_authentic.png,data\train\masks\synthetic_doc_family_invoice_007_inst_00_authentic.png,800,1050,0,0.0,train
synthetic_doc_family_invoice_007_inst_00_tampered_v1_copy_move,doc_family_invoice_007_inst_00,doc_family_invoice_007,invoice,synthetic_docforensics,1,MIT,1,copy_move,data\train\images\synthetic_doc_family_invoice_007_inst_00_tampered_v1_copy_move.png,data\train\masks\synthetic_doc_family_invoice_007_inst_00_tampered_v1_copy_move.png,800,1050,12040,0.014333333333333333,train
synthetic_doc_family_invoice_007_inst_00_tampered_v2_splicing,doc_family_invoice_007_inst_00,doc_family_invoice_007,invoice,synthetic_docforensics,1,MIT,1,splicing,data\train\images\synthetic_doc_family_invoice_007_inst_00_tampered_v2_splicing.png,data\train\masks\synthetic_doc_family_invoice_007_inst_00_tampered_v2_splicing.png,800,1050,5045,0.006005952380952381,train
synthetic_doc_family_invoice_007_inst_00_tampered_v3_erasure_inpainting,doc_family_invoice_007_inst_00,doc_family_invoice_007,invoice,synthetic_docforensics,1,MIT,1,erasure_inpainting,data\train\images\synthetic_doc_family_invoice_007_inst_00_tampered_v3_erasure_inpainting.png,data\train\masks\synthetic_doc_family_invoice_007_inst_00_tampered_v3_erasure_inpainting.png,800,1050,7350,0.00875,train
synthetic_doc_family_invoice_008_inst_00_authentic,doc_family_invoice_008_inst_00,doc_family_invoice_008,invoice,synthetic_docforensics,1,MIT,0,none,data\train\images\synthetic_doc_family_invoice_008_inst_00_authentic.png,data\train\masks\synthetic_doc_family_invoice_008_inst_00_authentic.png,800,1050,0,0.0,train
synthetic_doc_family_invoice_008_inst_00_tampered_v1_copy_move,doc_family_invoice_008_inst_00,doc_family_invoice_008,invoice,synthetic_docforensics,1,MIT,1,copy_move,data\train\images\synthetic_doc_family_invoice_008_inst_00_tampered_v1_copy_move.png,data\train\masks\synthetic_doc_family_invoice_008_inst_00_tampered_v1_copy_move.png,800,1050,7410,0.008821428571428572,train
synthetic_doc_family_invoice_008_inst_00_tampered_v2_splicing,doc_family_invoice_008_inst_00,doc_family_invoice_008,invoice,synthetic_docforensics,1,MIT,1,splicing,data\train\images\synthetic_doc_family_invoice_008_inst_00_tampered_v2_splicing.png,data\train\masks\synthetic_doc_family_invoice_008_inst_00_tampered_v2_splicing.png,800,1050,3252,0.0038714285714285712,train
synthetic_doc_family_invoice_008_inst_00_tampered_v3_erasure_inpainting,doc_family_invoice_008_inst_00,doc_family_invoice_008,invoice,synthetic_docforensics,1,MIT,1,erasure_inpainting,data\train\images\synthetic_doc_family_invoice_008_inst_00_tampered_v3_erasure_inpainting.png,data\train\masks\synthetic_doc_family_invoice_008_inst_00_tampered_v3_erasure_inpainting.png,800,1050,17388,0.0207,train
synthetic_doc_family_invoice_009_inst_00_authentic,doc_family_invoice_009_inst_00,doc_family_invoice_009,invoice,synthetic_docforensics,1,MIT,0,none,data\train\images\synthetic_doc_family_invoice_009_inst_00_authentic.png,data\train\masks\synthetic_doc_family_invoice_009_inst_00_authentic.png,800,1050,0,0.0,train
synthetic_doc_family_invoice_009_inst_00_tampered_v1_copy_move,doc_family_invoice_009_inst_00,doc_family_invoice_009,invoice,synthetic_docforensics,1,MIT,1,copy_move,data\train\images\synthetic_doc_family_invoice_009_inst_00_tampered_v1_copy_move.png,data\train\masks\synthetic_doc_family_invoice_009_inst_00_tampered_v1_copy_move.png,800,1050,19190,0.022845238095238096,train
synthetic_doc_family_invoice_009_inst_00_tampered_v2_splicing,doc_family_invoice_009_inst_00,doc_family_invoice_009,invoice,synthetic_docforensics,1,MIT,1,splicing,data\train\images\synthetic_doc_family_invoice_009_inst_00_tampered_v2_splicing.png,data\train\masks\synthetic_doc_family_invoice_009_inst_00_tampered_v2_splicing.png,800,1050,5441,0.006477380952380952,train
synthetic_doc_family_invoice_009_inst_00_tampered_v3_erasure_inpainting,doc_family_invoice_009_inst_00,doc_family_invoice_009,invoice,synthetic_docforensics,1,MIT,1,erasure_inpainting,data\train\images\synthetic_doc_family_invoice_009_inst_00_tampered_v3_erasure_inpainting.png,data\train\masks\synthetic_doc_family_invoice_009_inst_00_tampered_v3_erasure_inpainting.png,800,1050,6216,0.0074,train
synthetic_doc_family_invoice_010_inst_00_authentic,doc_family_invoice_010_inst_00,doc_family_invoice_010,invoice,synthetic_docforensics,1,MIT,0,none,data\train\images\synthetic_doc_family_invoice_010_inst_00_authentic.png,data\train\masks\synthetic_doc_family_invoice_010_inst_00_authentic.png,800,1050,0,0.0,train
synthetic_doc_family_invoice_010_inst_00_tampered_v1_copy_move,doc_family_invoice_010_inst_00,doc_family_invoice_010,invoice,synthetic_docforensics,1,MIT,1,copy_move,data\train\images\synthetic_doc_family_invoice_010_inst_00_tampered_v1_copy_move.png,data\train\masks\synthetic_doc_family_invoice_010_inst_00_tampered_v1_copy_move.png,800,1050,15180,0.01807142857142857,train
synthetic_doc_family_invoice_010_inst_00_tampered_v2_splicing,doc_family_invoice_010_inst_00,doc_family_invoice_010,invoice,synthetic_docforensics,1,MIT,1,splicing,data\train\images\synthetic_doc_family_invoice_010_inst_00_tampered_v2_splicing.png,data\train\masks\synthetic_doc_family_invoice_010_inst_00_tampered_v2_splicing.png,800,1050,4311,0.005132142857142857,train
synthetic_doc_family_invoice_010_inst_00_tampered_v3_erasure_inpainting,doc_family_invoice_010_inst_00,doc_family_invoice_010,invoice,synthetic_docforensics,1,MIT,1,erasure_inpainting,data\train\images\synthetic_doc_family_invoice_010_inst_00_tampered_v3_erasure_inpainting.png,data\train\masks\synthetic_doc_family_invoice_010_inst_00_tampered_v3_erasure_inpainting.png,800,1050,12560,0.014952380952380953,train
synthetic_doc_family_invoice_011_inst_00_authentic,doc_family_invoice_011_inst_00,doc_family_invoice_011,invoice,synthetic_docforensics,1,MIT,0,none,data\train\images\synthetic_doc_family_invoice_011_inst_00_authentic.png,data\train\masks\synthetic_doc_family_invoice_011_inst_00_authentic.png,800,1050,0,0.0,train
synthetic_doc_family_invoice_011_inst_00_tampered_v1_copy_move,doc_family_invoice_011_inst_00,doc_family_invoice_011,invoice,synthetic_docforensics,1,MIT,1,copy_move,data\train\images\synthetic_doc_family_invoice_011_inst_00_tampered_v1_copy_move.png,data\train\masks\synthetic_doc_family_invoice_011_inst_00_tampered_v1_copy_move.png,800,1050,7728,0.0092,train
synthetic_doc_family_invoice_011_inst_00_tampered_v2_splicing,doc_family_invoice_011_inst_00,doc_family_invoice_011,invoice,synthetic_docforensics,1,MIT,1,splicing,data\train\images\synthetic_doc_family_invoice_011_inst_00_tampered_v2_splicing.png,data\train\masks\synthetic_doc_family_invoice_011_inst_00_tampered_v2_splicing.png,800,1050,3076,0.003661904761904762,train
synthetic_doc_family_invoice_011_inst_00_tampered_v3_erasure_inpainting,doc_family_invoice_011_inst_00,doc_family_invoice_011,invoice,synthetic_docforensics,1,MIT,1,erasure_inpainting,data\train\images\synthetic_doc_family_invoice_011_inst_00_tampered_v3_erasure_inpainting.png,data\train\masks\synthetic_doc_family_invoice_011_inst_00_tampered_v3_erasure_inpainting.png,800,1050,8382,0.009978571428571429,train
synthetic_doc_family_invoice_012_inst_00_authentic,doc_family_invoice_012_inst_00,doc_family_invoice_012,invoice,synthetic_docforensics,1,MIT,0,none,data\val\images\synthetic_doc_family_invoice_012_inst_00_authentic.png,data\val\masks\synthetic_doc_family_invoice_012_inst_00_authentic.png,800,1050,0,0.0,val
synthetic_doc_family_invoice_012_inst_00_tampered_v1_copy_move,doc_family_invoice_012_inst_00,doc_family_invoice_012,invoice,synthetic_docforensics,1,MIT,1,copy_move,data\val\images\synthetic_doc_family_invoice_012_inst_00_tampered_v1_copy_move.png,data\val\masks\synthetic_doc_family_invoice_012_inst_00_tampered_v1_copy_move.png,800,1050,13002,0.015478571428571428,val
synthetic_doc_family_invoice_012_inst_00_tampered_v2_splicing,doc_family_invoice_012_inst_00,doc_family_invoice_012,invoice,synthetic_docforensics,1,MIT,1,splicing,data\val\images\synthetic_doc_family_invoice_012_inst_00_tampered_v2_splicing.png,data\val\masks\synthetic_doc_family_invoice_012_inst_00_tampered_v2_splicing.png,800,1050,2562,0.00305,val
synthetic_doc_family_invoice_012_inst_00_tampered_v3_erasure_inpainting,doc_family_invoice_012_inst_00,doc_family_invoice_012,invoice,synthetic_docforensics,1,MIT,1,erasure_inpainting,data\val\images\synthetic_doc_family_invoice_012_inst_00_tampered_v3_erasure_inpainting.png,data\val\masks\synthetic_doc_family_invoice_012_inst_00_tampered_v3_erasure_inpainting.png,800,1050,13072,0.015561904761904761,val
synthetic_doc_family_invoice_013_inst_00_authentic,doc_family_invoice_013_inst_00,doc_family_invoice_013,invoice,synthetic_docforensics,1,MIT,0,none,data\train\images\synthetic_doc_family_invoice_013_inst_00_authentic.png,data\train\masks\synthetic_doc_family_invoice_013_inst_00_authentic.png,800,1050,0,0.0,train
synthetic_doc_family_invoice_013_inst_00_tampered_v1_copy_move,doc_family_invoice_013_inst_00,doc_family_invoice_013,invoice,synthetic_docforensics,1,MIT,1,copy_move,data\train\images\synthetic_doc_family_invoice_013_inst_00_tampered_v1_copy_move.png,data\train\masks\synthetic_doc_family_invoice_013_inst_00_tampered_v1_copy_move.png,800,1050,15428,0.018366666666666667,train
synthetic_doc_family_invoice_013_inst_00_tampered_v2_splicing,doc_family_invoice_013_inst_00,doc_family_invoice_013,invoice,synthetic_docforensics,1,MIT,1,splicing,data\train\images\synthetic_doc_family_invoice_013_inst_00_tampered_v2_splicing.png,data\train\masks\synthetic_doc_family_invoice_013_inst_00_tampered_v2_splicing.png,800,1050,4339,0.005165476190476191,train
synthetic_doc_family_invoice_013_inst_00_tampered_v3_erasure_inpainting,doc_family_invoice_013_inst_00,doc_family_invoice_013,invoice,synthetic_docforensics,1,MIT,1,erasure_inpainting,data\train\images\synthetic_doc_family_invoice_013_inst_00_tampered_v3_erasure_inpainting.png,data\train\masks\synthetic_doc_family_invoice_013_inst_00_tampered_v3_erasure_inpainting.png,800,1050,10878,0.01295,train
synthetic_doc_family_invoice_014_inst_00_authentic,doc_family_invoice_014_inst_00,doc_family_invoice_014,invoice,synthetic_docforensics,1,MIT,0,none,data\train\images\synthetic_doc_family_invoice_014_inst_00_authentic.png,data\train\masks\synthetic_doc_family_invoice_014_inst_00_authentic.png,800,1050,0,0.0,train
synthetic_doc_family_invoice_014_inst_00_tampered_v1_copy_move,doc_family_invoice_014_inst_00,doc_family_invoice_014,invoice,synthetic_docforensics,1,MIT,1,copy_move,data\train\images\synthetic_doc_family_invoice_014_inst_00_tampered_v1_copy_move.png,data\train\masks\synthetic_doc_family_invoice_014_inst_00_tampered_v1_copy_move.png,800,1050,15580,0.01854761904761905,train
synthetic_doc_family_invoice_014_inst_00_tampered_v2_splicing,doc_family_invoice_014_inst_00,doc_family_invoice_014,invoice,synthetic_docforensics,1,MIT,1,splicing,data\train\images\synthetic_doc_family_invoice_014_inst_00_tampered_v2_splicing.png,data\train\masks\synthetic_doc_family_invoice_014_inst_00_tampered_v2_splicing.png,800,1050,3056,0.003638095238095238,train
synthetic_doc_family_invoice_014_inst_00_tampered_v3_erasure_inpainting,doc_family_invoice_014_inst_00,doc_family_invoice_014,invoice,synthetic_docforensics,1,MIT,1,erasure_inpainting,data\train\images\synthetic_doc_family_invoice_014_inst_00_tampered_v3_erasure_inpainting.png,data\train\masks\synthetic_doc_family_invoice_014_inst_00_tampered_v3_erasure_inpainting.png,800,1050,14137,0.016829761904761906,train
synthetic_doc_family_invoice_015_inst_00_authentic,doc_family_invoice_015_inst_00,doc_family_invoice_015,invoice,synthetic_docforensics,1,MIT,0,none,data\val\images\synthetic_doc_family_invoice_015_inst_00_authentic.png,data\val\masks\synthetic_doc_family_invoice_015_inst_00_authentic.png,800,1050,0,0.0,val
synthetic_doc_family_invoice_015_inst_00_tampered_v1_copy_move,doc_family_invoice_015_inst_00,doc_family_invoice_015,invoice,synthetic_docforensics,1,MIT,1,copy_move,data\val\images\synthetic_doc_family_invoice_015_inst_00_tampered_v1_copy_move.png,data\val\masks\synthetic_doc_family_invoice_015_inst_00_tampered_v1_copy_move.png,800,1050,13300,0.015833333333333335,val
synthetic_doc_family_invoice_015_inst_00_tampered_v2_splicing,doc_family_invoice_015_inst_00,doc_family_invoice_015,invoice,synthetic_docforensics,1,MIT,1,splicing,data\val\images\synthetic_doc_family_invoice_015_inst_00_tampered_v2_splicing.png,data\val\masks\synthetic_doc_family_invoice_015_inst_00_tampered_v2_splicing.png,800,1050,4502,0.00535952380952381,val
synthetic_doc_family_invoice_015_inst_00_tampered_v3_erasure_inpainting,doc_family_invoice_015_inst_00,doc_family_invoice_015,invoice,synthetic_docforensics,1,MIT,1,erasure_inpainting,data\val\images\synthetic_doc_family_invoice_015_inst_00_tampered_v3_erasure_inpainting.png,data\val\masks\synthetic_doc_family_invoice_015_inst_00_tampered_v3_erasure_inpainting.png,800,1050,11618,0.013830952380952381,val
synthetic_doc_family_invoice_016_inst_00_authentic,doc_family_invoice_016_inst_00,doc_family_invoice_016,invoice,synthetic_docforensics,1,MIT,0,none,data\test\images\synthetic_doc_family_invoice_016_inst_00_authentic.png,data\test\masks\synthetic_doc_family_invoice_016_inst_00_authentic.png,800,1050,0,0.0,test
synthetic_doc_family_invoice_016_inst_00_tampered_v1_copy_move,doc_family_invoice_016_inst_00,doc_family_invoice_016,invoice,synthetic_docforensics,1,MIT,1,copy_move,data\test\images\synthetic_doc_family_invoice_016_inst_00_tampered_v1_copy_move.png,data\test\masks\synthetic_doc_family_invoice_016_inst_00_tampered_v1_copy_move.png,800,1050,6767,0.00805595238095238,test
synthetic_doc_family_invoice_016_inst_00_tampered_v2_splicing,doc_family_invoice_016_inst_00,doc_family_invoice_016,invoice,synthetic_docforensics,1,MIT,1,splicing,data\test\images\synthetic_doc_family_invoice_016_inst_00_tampered_v2_splicing.png,data\test\masks\synthetic_doc_family_invoice_016_inst_00_tampered_v2_splicing.png,800,1050,4542,0.005407142857142857,test
synthetic_doc_family_invoice_016_inst_00_tampered_v3_erasure_inpainting,doc_family_invoice_016_inst_00,doc_family_invoice_016,invoice,synthetic_docforensics,1,MIT,1,erasure_inpainting,data\test\images\synthetic_doc_family_invoice_016_inst_00_tampered_v3_erasure_inpainting.png,data\test\masks\synthetic_doc_family_invoice_016_inst_00_tampered_v3_erasure_inpainting.png,800,1050,7744,0.00921904761904762,test
synthetic_doc_family_invoice_017_inst_00_authentic,doc_family_invoice_017_inst_00,doc_family_invoice_017,invoice,synthetic_docforensics,1,MIT,0,none,data\train\images\synthetic_doc_family_invoice_017_inst_00_authentic.png,data\train\masks\synthetic_doc_family_invoice_017_inst_00_authentic.png,800,1050,0,0.0,train
synthetic_doc_family_invoice_017_inst_00_tampered_v1_copy_move,doc_family_invoice_017_inst_00,doc_family_invoice_017,invoice,synthetic_docforensics,1,MIT,1,copy_move,data\train\images\synthetic_doc_family_invoice_017_inst_00_tampered_v1_copy_move.png,data\train\masks\synthetic_doc_family_invoice_017_inst_00_tampered_v1_copy_move.png,800,1050,6708,0.007985714285714285,train
synthetic_doc_family_invoice_017_inst_00_tampered_v2_splicing,doc_family_invoice_017_inst_00,doc_family_invoice_017,invoice,synthetic_docforensics,1,MIT,1,splicing,data\train\images\synthetic_doc_family_invoice_017_inst_00_tampered_v2_splicing.png,data\train\masks\synthetic_doc_family_invoice_017_inst_00_tampered_v2_splicing.png,800,1050,3252,0.0038714285714285712,train
synthetic_doc_family_invoice_017_inst_00_tampered_v3_erasure_inpainting,doc_family_invoice_017_inst_00,doc_family_invoice_017,invoice,synthetic_docforensics,1,MIT,1,erasure_inpainting,data\train\images\synthetic_doc_family_invoice_017_inst_00_tampered_v3_erasure_inpainting.png,data\train\masks\synthetic_doc_family_invoice_017_inst_00_tampered_v3_erasure_inpainting.png,800,1050,17739,0.021117857142857143,train
synthetic_doc_family_invoice_018_inst_00_authentic,doc_family_invoice_018_inst_00,doc_family_invoice_018,invoice,synthetic_docforensics,1,MIT,0,none,data\train\images\synthetic_doc_family_invoice_018_inst_00_authentic.png,data\train\masks\synthetic_doc_family_invoice_018_inst_00_authentic.png,800,1050,0,0.0,train
synthetic_doc_family_invoice_018_inst_00_tampered_v1_copy_move,doc_family_invoice_018_inst_00,doc_family_invoice_018,invoice,synthetic_docforensics,1,MIT,1,copy_move,data\train\images\synthetic_doc_family_invoice_018_inst_00_tampered_v1_copy_move.png,data\train\masks\synthetic_doc_family_invoice_018_inst_00_tampered_v1_copy_move.png,800,1050,17520,0.02085714285714286,train
synthetic_doc_family_invoice_018_inst_00_tampered_v2_splicing,doc_family_invoice_018_inst_00,doc_family_invoice_018,invoice,synthetic_docforensics,1,MIT,1,splicing,data\train\images\synthetic_doc_family_invoice_018_inst_00_tampered_v2_splicing.png,data\train\masks\synthetic_doc_family_invoice_018_inst_00_tampered_v2_splicing.png,800,1050,2312,0.0027523809523809523,train
synthetic_doc_family_invoice_018_inst_00_tampered_v3_erasure_inpainting,doc_family_invoice_018_inst_00,doc_family_invoice_018,invoice,synthetic_docforensics,1,MIT,1,erasure_inpainting,data\train\images\synthetic_doc_family_invoice_018_inst_00_tampered_v3_erasure_inpainting.png,data\train\masks\synthetic_doc_family_invoice_018_inst_00_tampered_v3_erasure_inpainting.png,800,1050,12127,0.014436904761904762,train
synthetic_doc_family_invoice_019_inst_00_authentic,doc_family_invoice_019_inst_00,doc_family_invoice_019,invoice,synthetic_docforensics,1,MIT,0,none,data\train\images\synthetic_doc_family_invoice_019_inst_00_authentic.png,data\train\masks\synthetic_doc_family_invoice_019_inst_00_authentic.png,800,1050,0,0.0,train
synthetic_doc_family_invoice_019_inst_00_tampered_v1_copy_move,doc_family_invoice_019_inst_00,doc_family_invoice_019,invoice,synthetic_docforensics,1,MIT,1,copy_move,data\train\images\synthetic_doc_family_invoice_019_inst_00_tampered_v1_copy_move.png,data\train\masks\synthetic_doc_family_invoice_019_inst_00_tampered_v1_copy_move.png,800,1050,19920,0.023714285714285716,train
synthetic_doc_family_invoice_019_inst_00_tampered_v2_splicing,doc_family_invoice_019_inst_00,doc_family_invoice_019,invoice,synthetic_docforensics,1,MIT,1,splicing,data\train\images\synthetic_doc_family_invoice_019_inst_00_tampered_v2_splicing.png,data\train\masks\synthetic_doc_family_invoice_019_inst_00_tampered_v2_splicing.png,800,1050,3128,0.0037238095238095238,train
synthetic_doc_family_invoice_019_inst_00_tampered_v3_erasure_inpainting,doc_family_invoice_019_inst_00,doc_family_invoice_019,invoice,synthetic_docforensics,1,MIT,1,erasure_inpainting,data\train\images\synthetic_doc_family_invoice_019_inst_00_tampered_v3_erasure_inpainting.png,data\train\masks\synthetic_doc_family_invoice_019_inst_00_tampered_v3_erasure_inpainting.png,800,1050,8300,0.009880952380952381,train
synthetic_doc_family_invoice_020_inst_00_authentic,doc_family_invoice_020_inst_00,doc_family_invoice_020,invoice,synthetic_docforensics,1,MIT,0,none,data\train\images\synthetic_doc_family_invoice_020_inst_00_authentic.png,data\train\masks\synthetic_doc_family_invoice_020_inst_00_authentic.png,800,1050,0,0.0,train
synthetic_doc_family_invoice_020_inst_00_tampered_v1_copy_move,doc_family_invoice_020_inst_00,doc_family_invoice_020,invoice,synthetic_docforensics,1,MIT,1,copy_move,data\train\images\synthetic_doc_family_invoice_020_inst_00_tampered_v1_copy_move.png,data\train\masks\synthetic_doc_family_invoice_020_inst_00_tampered_v1_copy_move.png,800,1050,16571,0.01972738095238095,train
synthetic_doc_family_invoice_020_inst_00_tampered_v2_splicing,doc_family_invoice_020_inst_00,doc_family_invoice_020,invoice,synthetic_docforensics,1,MIT,1,splicing,data\train\images\synthetic_doc_family_invoice_020_inst_00_tampered_v2_splicing.png,data\train\masks\synthetic_doc_family_invoice_020_inst_00_tampered_v2_splicing.png,800,1050,2558,0.003045238095238095,train
synthetic_doc_family_invoice_020_inst_00_tampered_v3_erasure_inpainting,doc_family_invoice_020_inst_00,doc_family_invoice_020,invoice,synthetic_docforensics,1,MIT,1,erasure_inpainting,data\train\images\synthetic_doc_family_invoice_020_inst_00_tampered_v3_erasure_inpainting.png,data\train\masks\synthetic_doc_family_invoice_020_inst_00_tampered_v3_erasure_inpainting.png,800,1050,11000,0.013095238095238096,train
synthetic_doc_family_invoice_021_inst_00_authentic,doc_family_invoice_021_inst_00,doc_family_invoice_021,invoice,synthetic_docforensics,1,MIT,0,none,data\test\images\synthetic_doc_family_invoice_021_inst_00_authentic.png,data\test\masks\synthetic_doc_family_invoice_021_inst_00_authentic.png,800,1050,0,0.0,test
synthetic_doc_family_invoice_021_inst_00_tampered_v1_copy_move,doc_family_invoice_021_inst_00,doc_family_invoice_021,invoice,synthetic_docforensics,1,MIT,1,copy_move,data\test\images\synthetic_doc_family_invoice_021_inst_00_tampered_v1_copy_move.png,data\test\masks\synthetic_doc_family_invoice_021_inst_00_tampered_v1_copy_move.png,800,1050,7014,0.00835,test
synthetic_doc_family_invoice_021_inst_00_tampered_v2_splicing,doc_family_invoice_021_inst_00,doc_family_invoice_021,invoice,synthetic_docforensics,1,MIT,1,splicing,data\test\images\synthetic_doc_family_invoice_021_inst_00_tampered_v2_splicing.png,data\test\masks\synthetic_doc_family_invoice_021_inst_00_tampered_v2_splicing.png,800,1050,3172,0.0037761904761904764,test
synthetic_doc_family_invoice_021_inst_00_tampered_v3_erasure_inpainting,doc_family_invoice_021_inst_00,doc_family_invoice_021,invoice,synthetic_docforensics,1,MIT,1,erasure_inpainting,data\test\images\synthetic_doc_family_invoice_021_inst_00_tampered_v3_erasure_inpainting.png,data\test\masks\synthetic_doc_family_invoice_021_inst_00_tampered_v3_erasure_inpainting.png,800,1050,9044,0.010766666666666667,test
synthetic_doc_family_invoice_022_inst_00_authentic,doc_family_invoice_022_inst_00,doc_family_invoice_022,invoice,synthetic_docforensics,1,MIT,0,none,data\train\images\synthetic_doc_family_invoice_022_inst_00_authentic.png,data\train\masks\synthetic_doc_family_invoice_022_inst_00_authentic.png,800,1050,0,0.0,train
synthetic_doc_family_invoice_022_inst_00_tampered_v1_copy_move,doc_family_invoice_022_inst_00,doc_family_invoice_022,invoice,synthetic_docforensics,1,MIT,1,copy_move,data\train\images\synthetic_doc_family_invoice_022_inst_00_tampered_v1_copy_move.png,data\train\masks\synthetic_doc_family_invoice_022_inst_00_tampered_v1_copy_move.png,800,1050,14508,0.017271428571428573,train
synthetic_doc_family_invoice_022_inst_00_tampered_v2_splicing,doc_family_invoice_022_inst_00,doc_family_invoice_022,invoice,synthetic_docforensics,1,MIT,1,splicing,data\train\images\synthetic_doc_family_invoice_022_inst_00_tampered_v2_splicing.png,data\train\masks\synthetic_doc_family_invoice_022_inst_00_tampered_v2_splicing.png,800,1050,4542,0.005407142857142857,train
synthetic_doc_family_invoice_022_inst_00_tampered_v3_erasure_inpainting,doc_family_invoice_022_inst_00,doc_family_invoice_022,invoice,synthetic_docforensics,1,MIT,1,erasure_inpainting,data\train\images\synthetic_doc_family_invoice_022_inst_00_tampered_v3_erasure_inpainting.png,data\train\masks\synthetic_doc_family_invoice_022_inst_00_tampered_v3_erasure_inpainting.png,800,1050,14674,0.01746904761904762,train
synthetic_doc_family_invoice_023_inst_00_authentic,doc_family_invoice_023_inst_00,doc_family_invoice_023,invoice,synthetic_docforensics,1,MIT,0,none,data\train\images\synthetic_doc_family_invoice_023_inst_00_authentic.png,data\train\masks\synthetic_doc_family_invoice_023_inst_00_authentic.png,800,1050,0,0.0,train
synthetic_doc_family_invoice_023_inst_00_tampered_v1_copy_move,doc_family_invoice_023_inst_00,doc_family_invoice_023,invoice,synthetic_docforensics,1,MIT,1,copy_move,data\train\images\synthetic_doc_family_invoice_023_inst_00_tampered_v1_copy_move.png,data\train\masks\synthetic_doc_family_invoice_023_inst_00_tampered_v1_copy_move.png,800,1050,12261,0.014596428571428571,train
synthetic_doc_family_invoice_023_inst_00_tampered_v2_splicing,doc_family_invoice_023_inst_00,doc_family_invoice_023,invoice,synthetic_docforensics,1,MIT,1,splicing,data\train\images\synthetic_doc_family_invoice_023_inst_00_tampered_v2_splicing.png,data\train\masks\synthetic_doc_family_invoice_023_inst_00_tampered_v2_splicing.png,800,1050,4339,0.005165476190476191,train
synthetic_doc_family_invoice_023_inst_00_tampered_v3_erasure_inpainting,doc_family_invoice_023_inst_00,doc_family_invoice_023,invoice,synthetic_docforensics,1,MIT,1,erasure_inpainting,data\train\images\synthetic_doc_family_invoice_023_inst_00_tampered_v3_erasure_inpainting.png,data\train\masks\synthetic_doc_family_invoice_023_inst_00_tampered_v3_erasure_inpainting.png,800,1050,15552,0.018514285714285716,train
synthetic_doc_family_invoice_024_inst_00_authentic,doc_family_invoice_024_inst_00,doc_family_invoice_024,invoice,synthetic_docforensics,1,MIT,0,none,data\train\images\synthetic_doc_family_invoice_024_inst_00_authentic.png,data\train\masks\synthetic_doc_family_invoice_024_inst_00_authentic.png,800,1050,0,0.0,train
synthetic_doc_family_invoice_024_inst_00_tampered_v1_copy_move,doc_family_invoice_024_inst_00,doc_family_invoice_024,invoice,synthetic_docforensics,1,MIT,1,copy_move,data\train\images\synthetic_doc_family_invoice_024_inst_00_tampered_v1_copy_move.png,data\train\masks\synthetic_doc_family_invoice_024_inst_00_tampered_v1_copy_move.png,800,1050,23328,0.027771428571428572,train
synthetic_doc_family_invoice_024_inst_00_tampered_v2_splicing,doc_family_invoice_024_inst_00,doc_family_invoice_024,invoice,synthetic_docforensics,1,MIT,1,splicing,data\train\images\synthetic_doc_family_invoice_024_inst_00_tampered_v2_splicing.png,data\train\masks\synthetic_doc_family_invoice_024_inst_00_tampered_v2_splicing.png,800,1050,2534,0.0030166666666666666,train
synthetic_doc_family_invoice_024_inst_00_tampered_v3_erasure_inpainting,doc_family_invoice_024_inst_00,doc_family_invoice_024,invoice,synthetic_docforensics,1,MIT,1,erasure_inpainting,data\train\images\synthetic_doc_family_invoice_024_inst_00_tampered_v3_erasure_inpainting.png,data\train\masks\synthetic_doc_family_invoice_024_inst_00_tampered_v3_erasure_inpainting.png,800,1050,9295,0.01106547619047619,train
synthetic_doc_family_invoice_025_inst_00_authentic,doc_family_invoice_025_inst_00,doc_family_invoice_025,invoice,synthetic_docforensics,1,MIT,0,none,data\train\images\synthetic_doc_family_invoice_025_inst_00_authentic.png,data\train\masks\synthetic_doc_family_invoice_025_inst_00_authentic.png,800,1050,0,0.0,train
synthetic_doc_family_invoice_025_inst_00_tampered_v1_copy_move,doc_family_invoice_025_inst_00,doc_family_invoice_025,invoice,synthetic_docforensics,1,MIT,1,copy_move,data\train\images\synthetic_doc_family_invoice_025_inst_00_tampered_v1_copy_move.png,data\train\masks\synthetic_doc_family_invoice_025_inst_00_tampered_v1_copy_move.png,800,1050,5400,0.0064285714285714285,train
synthetic_doc_family_invoice_025_inst_00_tampered_v2_splicing,doc_family_invoice_025_inst_00,doc_family_invoice_025,invoice,synthetic_docforensics,1,MIT,1,splicing,data\train\images\synthetic_doc_family_invoice_025_inst_00_tampered_v2_splicing.png,data\train\masks\synthetic_doc_family_invoice_025_inst_00_tampered_v2_splicing.png,800,1050,4359,0.005189285714285714,train
synthetic_doc_family_invoice_025_inst_00_tampered_v3_erasure_inpainting,doc_family_invoice_025_inst_00,doc_family_invoice_025,invoice,synthetic_docforensics,1,MIT,1,erasure_inpainting,data\train\images\synthetic_doc_family_invoice_025_inst_00_tampered_v3_erasure_inpainting.png,data\train\masks\synthetic_doc_family_invoice_025_inst_00_tampered_v3_erasure_inpainting.png,800,1050,20175,0.024017857142857143,train
synthetic_doc_family_invoice_026_inst_00_authentic,doc_family_invoice_026_inst_00,doc_family_invoice_026,invoice,synthetic_docforensics,1,MIT,0,none,data\train\images\synthetic_doc_family_invoice_026_inst_00_authentic.png,data\train\masks\synthetic_doc_family_invoice_026_inst_00_authentic.png,800,1050,0,0.0,train
synthetic_doc_family_invoice_026_inst_00_tampered_v1_copy_move,doc_family_invoice_026_inst_00,doc_family_invoice_026,invoice,synthetic_docforensics,1,MIT,1,copy_move,data\train\images\synthetic_doc_family_invoice_026_inst_00_tampered_v1_copy_move.png,data\train\masks\synthetic_doc_family_invoice_026_inst_00_tampered_v1_copy_move.png,800,1050,9660,0.0115,train
synthetic_doc_family_invoice_026_inst_00_tampered_v2_splicing,doc_family_invoice_026_inst_00,doc_family_invoice_026,invoice,synthetic_docforensics,1,MIT,1,splicing,data\train\images\synthetic_doc_family_invoice_026_inst_00_tampered_v2_splicing.png,data\train\masks\synthetic_doc_family_invoice_026_inst_00_tampered_v2_splicing.png,800,1050,5355,0.006375,train
synthetic_doc_family_invoice_026_inst_00_tampered_v3_erasure_inpainting,doc_family_invoice_026_inst_00,doc_family_invoice_026,invoice,synthetic_docforensics,1,MIT,1,erasure_inpainting,data\train\images\synthetic_doc_family_invoice_026_inst_00_tampered_v3_erasure_inpainting.png,data\train\masks\synthetic_doc_family_invoice_026_inst_00_tampered_v3_erasure_inpainting.png,800,1050,6006,0.00715,train
synthetic_doc_family_invoice_027_inst_00_authentic,doc_family_invoice_027_inst_00,doc_family_invoice_027,invoice,synthetic_docforensics,1,MIT,0,none,data\test\images\synthetic_doc_family_invoice_027_inst_00_authentic.png,data\test\masks\synthetic_doc_family_invoice_027_inst_00_authentic.png,800,1050,0,0.0,test
synthetic_doc_family_invoice_027_inst_00_tampered_v1_copy_move,doc_family_invoice_027_inst_00,doc_family_invoice_027,invoice,synthetic_docforensics,1,MIT,1,copy_move,data\test\images\synthetic_doc_family_invoice_027_inst_00_tampered_v1_copy_move.png,data\test\masks\synthetic_doc_family_invoice_027_inst_00_tampered_v1_copy_move.png,800,1050,9154,0.010897619047619048,test
synthetic_doc_family_invoice_027_inst_00_tampered_v2_splicing,doc_family_invoice_027_inst_00,doc_family_invoice_027,invoice,synthetic_docforensics,1,MIT,1,splicing,data\test\images\synthetic_doc_family_invoice_027_inst_00_tampered_v2_splicing.png,data\test\masks\synthetic_doc_family_invoice_027_inst_00_tampered_v2_splicing.png,800,1050,2534,0.0030166666666666666,test
synthetic_doc_family_invoice_027_inst_00_tampered_v3_erasure_inpainting,doc_family_invoice_027_inst_00,doc_family_invoice_027,invoice,synthetic_docforensics,1,MIT,1,erasure_inpainting,data\test\images\synthetic_doc_family_invoice_027_inst_00_tampered_v3_erasure_inpainting.png,data\test\masks\synthetic_doc_family_invoice_027_inst_00_tampered_v3_erasure_inpainting.png,800,1050,11368,0.013533333333333333,test
synthetic_doc_family_invoice_028_inst_00_authentic,doc_family_invoice_028_inst_00,doc_family_invoice_028,invoice,synthetic_docforensics,1,MIT,0,none,data\val\images\synthetic_doc_family_invoice_028_inst_00_authentic.png,data\val\masks\synthetic_doc_family_invoice_028_inst_00_authentic.png,800,1050,0,0.0,val
synthetic_doc_family_invoice_028_inst_00_tampered_v1_copy_move,doc_family_invoice_028_inst_00,doc_family_invoice_028,invoice,synthetic_docforensics,1,MIT,1,copy_move,data\val\images\synthetic_doc_family_invoice_028_inst_00_tampered_v1_copy_move.png,data\val\masks\synthetic_doc_family_invoice_028_inst_00_tampered_v1_copy_move.png,800,1050,11760,0.014,val
synthetic_doc_family_invoice_028_inst_00_tampered_v2_splicing,doc_family_invoice_028_inst_00,doc_family_invoice_028,invoice,synthetic_docforensics,1,MIT,1,splicing,data\val\images\synthetic_doc_family_invoice_028_inst_00_tampered_v2_splicing.png,data\val\masks\synthetic_doc_family_invoice_028_inst_00_tampered_v2_splicing.png,800,1050,4311,0.005132142857142857,val
synthetic_doc_family_invoice_028_inst_00_tampered_v3_erasure_inpainting,doc_family_invoice_028_inst_00,doc_family_invoice_028,invoice,synthetic_docforensics,1,MIT,1,erasure_inpainting,data\val\images\synthetic_doc_family_invoice_028_inst_00_tampered_v3_erasure_inpainting.png,data\val\masks\synthetic_doc_family_invoice_028_inst_00_tampered_v3_erasure_inpainting.png,800,1050,14276,0.016995238095238095,val
synthetic_doc_family_invoice_029_inst_00_authentic,doc_family_invoice_029_inst_00,doc_family_invoice_029,invoice,synthetic_docforensics,1,MIT,0,none,data\train\images\synthetic_doc_family_invoice_029_inst_00_authentic.png,data\train\masks\synthetic_doc_family_invoice_029_inst_00_authentic.png,800,1050,0,0.0,train
synthetic_doc_family_invoice_029_inst_00_tampered_v1_copy_move,doc_family_invoice_029_inst_00,doc_family_invoice_029,invoice,synthetic_docforensics,1,MIT,1,copy_move,data\train\images\synthetic_doc_family_invoice_029_inst_00_tampered_v1_copy_move.png,data\train\masks\synthetic_doc_family_invoice_029_inst_00_tampered_v1_copy_move.png,800,1050,20900,0.024880952380952382,train
synthetic_doc_family_invoice_029_inst_00_tampered_v2_splicing,doc_family_invoice_029_inst_00,doc_family_invoice_029,invoice,synthetic_docforensics,1,MIT,1,splicing,data\train\images\synthetic_doc_family_invoice_029_inst_00_tampered_v2_splicing.png,data\train\masks\synthetic_doc_family_invoice_029_inst_00_tampered_v2_splicing.png,800,1050,4745,0.005648809523809524,train
synthetic_doc_family_invoice_029_inst_00_tampered_v3_erasure_inpainting,doc_family_invoice_029_inst_00,doc_family_invoice_029,invoice,synthetic_docforensics,1,MIT,1,erasure_inpainting,data\train\images\synthetic_doc_family_invoice_029_inst_00_tampered_v3_erasure_inpainting.png,data\train\masks\synthetic_doc_family_invoice_029_inst_00_tampered_v3_erasure_inpainting.png,800,1050,14784,0.0176,train
synthetic_doc_family_invoice_030_inst_00_authentic,doc_family_invoice_030_inst_00,doc_family_invoice_030,invoice,synthetic_docforensics,1,MIT,0,none,data\train\images\synthetic_doc_family_invoice_030_inst_00_authentic.png,data\train\masks\synthetic_doc_family_invoice_030_inst_00_authentic.png,800,1050,0,0.0,train
synthetic_doc_family_invoice_030_inst_00_tampered_v1_copy_move,doc_family_invoice_030_inst_00,doc_family_invoice_030,invoice,synthetic_docforensics,1,MIT,1,copy_move,data\train\images\synthetic_doc_family_invoice_030_inst_00_tampered_v1_copy_move.png,data\train\masks\synthetic_doc_family_invoice_030_inst_00_tampered_v1_copy_move.png,800,1050,10795,0.012851190476190476,train
synthetic_doc_family_invoice_030_inst_00_tampered_v2_splicing,doc_family_invoice_030_inst_00,doc_family_invoice_030,invoice,synthetic_docforensics,1,MIT,1,splicing,data\train\images\synthetic_doc_family_invoice_030_inst_00_tampered_v2_splicing.png,data\train\masks\synthetic_doc_family_invoice_030_inst_00_tampered_v2_splicing.png,800,1050,4359,0.005189285714285714,train
synthetic_doc_family_invoice_030_inst_00_tampered_v3_erasure_inpainting,doc_family_invoice_030_inst_00,doc_family_invoice_030,invoice,synthetic_docforensics,1,MIT,1,erasure_inpainting,data\train\images\synthetic_doc_family_invoice_030_inst_00_tampered_v3_erasure_inpainting.png,data\train\masks\synthetic_doc_family_invoice_030_inst_00_tampered_v3_erasure_inpainting.png,800,1050,9975,0.011875,train
synthetic_doc_family_id_card_001_inst_00_authentic,doc_family_id_card_001_inst_00,doc_family_id_card_001,id_card,synthetic_docforensics,1,MIT,0,none,data\train\images\synthetic_doc_family_id_card_001_inst_00_authentic.png,data\train\masks\synthetic_doc_family_id_card_001_inst_00_authentic.png,900,600,0,0.0,train
synthetic_doc_family_id_card_001_inst_00_tampered_v1_copy_move,doc_family_id_card_001_inst_00,doc_family_id_card_001,id_card,synthetic_docforensics,1,MIT,1,copy_move,data\train\images\synthetic_doc_family_id_card_001_inst_00_tampered_v1_copy_move.png,data\train\masks\synthetic_doc_family_id_card_001_inst_00_tampered_v1_copy_move.png,900,600,5676,0.010511111111111112,train
synthetic_doc_family_id_card_001_inst_00_tampered_v2_splicing,doc_family_id_card_001_inst_00,doc_family_id_card_001,id_card,synthetic_docforensics,1,MIT,1,splicing,data\train\images\synthetic_doc_family_id_card_001_inst_00_tampered_v2_splicing.png,data\train\masks\synthetic_doc_family_id_card_001_inst_00_tampered_v2_splicing.png,900,600,1637,0.0030314814814814814,train
synthetic_doc_family_id_card_001_inst_00_tampered_v3_erasure_inpainting,doc_family_id_card_001_inst_00,doc_family_id_card_001,id_card,synthetic_docforensics,1,MIT,1,erasure_inpainting,data\train\images\synthetic_doc_family_id_card_001_inst_00_tampered_v3_erasure_inpainting.png,data\train\masks\synthetic_doc_family_id_card_001_inst_00_tampered_v3_erasure_inpainting.png,900,600,6840,0.012666666666666666,train
synthetic_doc_family_id_card_002_inst_00_authentic,doc_family_id_card_002_inst_00,doc_family_id_card_002,id_card,synthetic_docforensics,1,MIT,0,none,data\test\images\synthetic_doc_family_id_card_002_inst_00_authentic.png,data\test\masks\synthetic_doc_family_id_card_002_inst_00_authentic.png,900,600,0,0.0,test
synthetic_doc_family_id_card_002_inst_00_tampered_v1_copy_move,doc_family_id_card_002_inst_00,doc_family_id_card_002,id_card,synthetic_docforensics,1,MIT,1,copy_move,data\test\images\synthetic_doc_family_id_card_002_inst_00_tampered_v1_copy_move.png,data\test\masks\synthetic_doc_family_id_card_002_inst_00_tampered_v1_copy_move.png,900,600,9238,0.017107407407407408,test
synthetic_doc_family_id_card_002_inst_00_tampered_v2_splicing,doc_family_id_card_002_inst_00,doc_family_id_card_002,id_card,synthetic_docforensics,1,MIT,1,splicing,data\test\images\synthetic_doc_family_id_card_002_inst_00_tampered_v2_splicing.png,data\test\masks\synthetic_doc_family_id_card_002_inst_00_tampered_v2_splicing.png,900,600,2292,0.004244444444444445,test
synthetic_doc_family_id_card_002_inst_00_tampered_v3_erasure_inpainting,doc_family_id_card_002_inst_00,doc_family_id_card_002,id_card,synthetic_docforensics,1,MIT,1,erasure_inpainting,data\test\images\synthetic_doc_family_id_card_002_inst_00_tampered_v3_erasure_inpainting.png,data\test\masks\synthetic_doc_family_id_card_002_inst_00_tampered_v3_erasure_inpainting.png,900,600,10481,0.019409259259259258,test
synthetic_doc_family_id_card_003_inst_00_authentic,doc_family_id_card_003_inst_00,doc_family_id_card_003,id_card,synthetic_docforensics,1,MIT,0,none,data\train\images\synthetic_doc_family_id_card_003_inst_00_authentic.png,data\train\masks\synthetic_doc_family_id_card_003_inst_00_authentic.png,900,600,0,0.0,train
synthetic_doc_family_id_card_003_inst_00_tampered_v1_copy_move,doc_family_id_card_003_inst_00,doc_family_id_card_003,id_card,synthetic_docforensics,1,MIT,1,copy_move,data\train\images\synthetic_doc_family_id_card_003_inst_00_tampered_v1_copy_move.png,data\train\masks\synthetic_doc_family_id_card_003_inst_00_tampered_v1_copy_move.png,900,600,7128,0.0132,train
synthetic_doc_family_id_card_003_inst_00_tampered_v2_splicing,doc_family_id_card_003_inst_00,doc_family_id_card_003,id_card,synthetic_docforensics,1,MIT,1,splicing,data\train\images\synthetic_doc_family_id_card_003_inst_00_tampered_v2_splicing.png,data\train\masks\synthetic_doc_family_id_card_003_inst_00_tampered_v2_splicing.png,900,600,2558,0.004737037037037037,train
synthetic_doc_family_id_card_003_inst_00_tampered_v3_erasure_inpainting,doc_family_id_card_003_inst_00,doc_family_id_card_003,id_card,synthetic_docforensics,1,MIT,1,erasure_inpainting,data\train\images\synthetic_doc_family_id_card_003_inst_00_tampered_v3_erasure_inpainting.png,data\train\masks\synthetic_doc_family_id_card_003_inst_00_tampered_v3_erasure_inpainting.png,900,600,4352,0.008059259259259259,train
synthetic_doc_family_id_card_004_inst_00_authentic,doc_family_id_card_004_inst_00,doc_family_id_card_004,id_card,synthetic_docforensics,1,MIT,0,none,data\train\images\synthetic_doc_family_id_card_004_inst_00_authentic.png,data\train\masks\synthetic_doc_family_id_card_004_inst_00_authentic.png,900,600,0,0.0,train
synthetic_doc_family_id_card_004_inst_00_tampered_v1_copy_move,doc_family_id_card_004_inst_00,doc_family_id_card_004,id_card,synthetic_docforensics,1,MIT,1,copy_move,data\train\images\synthetic_doc_family_id_card_004_inst_00_tampered_v1_copy_move.png,data\train\masks\synthetic_doc_family_id_card_004_inst_00_tampered_v1_copy_move.png,900,600,3105,0.00575,train
synthetic_doc_family_id_card_004_inst_00_tampered_v2_splicing,doc_family_id_card_004_inst_00,doc_family_id_card_004,id_card,synthetic_docforensics,1,MIT,1,splicing,data\train\images\synthetic_doc_family_id_card_004_inst_00_tampered_v2_splicing.png,data\train\masks\synthetic_doc_family_id_card_004_inst_00_tampered_v2_splicing.png,900,600,2224,0.004118518518518519,train
synthetic_doc_family_id_card_004_inst_00_tampered_v3_erasure_inpainting,doc_family_id_card_004_inst_00,doc_family_id_card_004,id_card,synthetic_docforensics,1,MIT,1,erasure_inpainting,data\train\images\synthetic_doc_family_id_card_004_inst_00_tampered_v3_erasure_inpainting.png,data\train\masks\synthetic_doc_family_id_card_004_inst_00_tampered_v3_erasure_inpainting.png,900,600,7824,0.01448888888888889,train
synthetic_doc_family_id_card_005_inst_00_authentic,doc_family_id_card_005_inst_00,doc_family_id_card_005,id_card,synthetic_docforensics,1,MIT,0,none,data\train\images\synthetic_doc_family_id_card_005_inst_00_authentic.png,data\train\masks\synthetic_doc_family_id_card_005_inst_00_authentic.png,900,600,0,0.0,train
synthetic_doc_family_id_card_005_inst_00_tampered_v1_copy_move,doc_family_id_card_005_inst_00,doc_family_id_card_005,id_card,synthetic_docforensics,1,MIT,1,copy_move,data\train\images\synthetic_doc_family_id_card_005_inst_00_tampered_v1_copy_move.png,data\train\masks\synthetic_doc_family_id_card_005_inst_00_tampered_v1_copy_move.png,900,600,4176,0.007733333333333333,train
synthetic_doc_family_id_card_005_inst_00_tampered_v2_splicing,doc_family_id_card_005_inst_00,doc_family_id_card_005,id_card,synthetic_docforensics,1,MIT,1,splicing,data\train\images\synthetic_doc_family_id_card_005_inst_00_tampered_v2_splicing.png,data\train\masks\synthetic_doc_family_id_card_005_inst_00_tampered_v2_splicing.png,900,600,3670,0.006796296296296296,train
synthetic_doc_family_id_card_005_inst_00_tampered_v3_erasure_inpainting,doc_family_id_card_005_inst_00,doc_family_id_card_005,id_card,synthetic_docforensics,1,MIT,1,erasure_inpainting,data\train\images\synthetic_doc_family_id_card_005_inst_00_tampered_v3_erasure_inpainting.png,data\train\masks\synthetic_doc_family_id_card_005_inst_00_tampered_v3_erasure_inpainting.png,900,600,7250,0.013425925925925926,train
synthetic_doc_family_id_card_006_inst_00_authentic,doc_family_id_card_006_inst_00,doc_family_id_card_006,id_card,synthetic_docforensics,1,MIT,0,none,data\train\images\synthetic_doc_family_id_card_006_inst_00_authentic.png,data\train\masks\synthetic_doc_family_id_card_006_inst_00_authentic.png,900,600,0,0.0,train
synthetic_doc_family_id_card_006_inst_00_tampered_v1_copy_move,doc_family_id_card_006_inst_00,doc_family_id_card_006,id_card,synthetic_docforensics,1,MIT,1,copy_move,data\train\images\synthetic_doc_family_id_card_006_inst_00_tampered_v1_copy_move.png,data\train\masks\synthetic_doc_family_id_card_006_inst_00_tampered_v1_copy_move.png,900,600,4272,0.007911111111111112,train
synthetic_doc_family_id_card_006_inst_00_tampered_v2_splicing,doc_family_id_card_006_inst_00,doc_family_id_card_006,id_card,synthetic_docforensics,1,MIT,1,splicing,data\train\images\synthetic_doc_family_id_card_006_inst_00_tampered_v2_splicing.png,data\train\masks\synthetic_doc_family_id_card_006_inst_00_tampered_v2_splicing.png,900,600,1929,0.0035722222222222223,train
synthetic_doc_family_id_card_006_inst_00_tampered_v3_erasure_inpainting,doc_family_id_card_006_inst_00,doc_family_id_card_006,id_card,synthetic_docforensics,1,MIT,1,erasure_inpainting,data\train\images\synthetic_doc_family_id_card_006_inst_00_tampered_v3_erasure_inpainting.png,data\train\masks\synthetic_doc_family_id_card_006_inst_00_tampered_v3_erasure_inpainting.png,900,600,8658,0.016033333333333333,train
synthetic_doc_family_id_card_007_inst_00_authentic,doc_family_id_card_007_inst_00,doc_family_id_card_007,id_card,synthetic_docforensics,1,MIT,0,none,data\train\images\synthetic_doc_family_id_card_007_inst_00_authentic.png,data\train\masks\synthetic_doc_family_id_card_007_inst_00_authentic.png,900,600,0,0.0,train
synthetic_doc_family_id_card_007_inst_00_tampered_v1_copy_move,doc_family_id_card_007_inst_00,doc_family_id_card_007,id_card,synthetic_docforensics,1,MIT,1,copy_move,data\train\images\synthetic_doc_family_id_card_007_inst_00_tampered_v1_copy_move.png,data\train\masks\synthetic_doc_family_id_card_007_inst_00_tampered_v1_copy_move.png,900,600,11780,0.021814814814814815,train
synthetic_doc_family_id_card_007_inst_00_tampered_v2_splicing,doc_family_id_card_007_inst_00,doc_family_id_card_007,id_card,synthetic_docforensics,1,MIT,1,splicing,data\train\images\synthetic_doc_family_id_card_007_inst_00_tampered_v2_splicing.png,data\train\masks\synthetic_doc_family_id_card_007_inst_00_tampered_v2_splicing.png,900,600,3172,0.005874074074074074,train
synthetic_doc_family_id_card_007_inst_00_tampered_v3_erasure_inpainting,doc_family_id_card_007_inst_00,doc_family_id_card_007,id_card,synthetic_docforensics,1,MIT,1,erasure_inpainting,data\train\images\synthetic_doc_family_id_card_007_inst_00_tampered_v3_erasure_inpainting.png,data\train\masks\synthetic_doc_family_id_card_007_inst_00_tampered_v3_erasure_inpainting.png,900,600,3542,0.0065592592592592595,train
synthetic_doc_family_id_card_008_inst_00_authentic,doc_family_id_card_008_inst_00,doc_family_id_card_008,id_card,synthetic_docforensics,1,MIT,0,none,data\val\images\synthetic_doc_family_id_card_008_inst_00_authentic.png,data\val\masks\synthetic_doc_family_id_card_008_inst_00_authentic.png,900,600,0,0.0,val
synthetic_doc_family_id_card_008_inst_00_tampered_v1_copy_move,doc_family_id_card_008_inst_00,doc_family_id_card_008,id_card,synthetic_docforensics,1,MIT,1,copy_move,data\val\images\synthetic_doc_family_id_card_008_inst_00_tampered_v1_copy_move.png,data\val\masks\synthetic_doc_family_id_card_008_inst_00_tampered_v1_copy_move.png,900,600,8729,0.016164814814814816,val
synthetic_doc_family_id_card_008_inst_00_tampered_v2_splicing,doc_family_id_card_008_inst_00,doc_family_id_card_008,id_card,synthetic_docforensics,1,MIT,1,splicing,data\val\images\synthetic_doc_family_id_card_008_inst_00_tampered_v2_splicing.png,data\val\masks\synthetic_doc_family_id_card_008_inst_00_tampered_v2_splicing.png,900,600,3356,0.0062148148148148145,val
synthetic_doc_family_id_card_008_inst_00_tampered_v3_erasure_inpainting,doc_family_id_card_008_inst_00,doc_family_id_card_008,id_card,synthetic_docforensics,1,MIT,1,erasure_inpainting,data\val\images\synthetic_doc_family_id_card_008_inst_00_tampered_v3_erasure_inpainting.png,data\val\masks\synthetic_doc_family_id_card_008_inst_00_tampered_v3_erasure_inpainting.png,900,600,5780,0.010703703703703703,val
synthetic_doc_family_id_card_009_inst_00_authentic,doc_family_id_card_009_inst_00,doc_family_id_card_009,id_card,synthetic_docforensics,1,MIT,0,none,data\train\images\synthetic_doc_family_id_card_009_inst_00_authentic.png,data\train\masks\synthetic_doc_family_id_card_009_inst_00_authentic.png,900,600,0,0.0,train
synthetic_doc_family_id_card_009_inst_00_tampered_v1_copy_move,doc_family_id_card_009_inst_00,doc_family_id_card_009,id_card,synthetic_docforensics,1,MIT,1,copy_move,data\train\images\synthetic_doc_family_id_card_009_inst_00_tampered_v1_copy_move.png,data\train\masks\synthetic_doc_family_id_card_009_inst_00_tampered_v1_copy_move.png,900,600,15344,0.028414814814814816,train
synthetic_doc_family_id_card_009_inst_00_tampered_v2_splicing,doc_family_id_card_009_inst_00,doc_family_id_card_009,id_card,synthetic_docforensics,1,MIT,1,splicing,data\train\images\synthetic_doc_family_id_card_009_inst_00_tampered_v2_splicing.png,data\train\masks\synthetic_doc_family_id_card_009_inst_00_tampered_v2_splicing.png,900,600,3344,0.006192592592592592,train
synthetic_doc_family_id_card_009_inst_00_tampered_v3_erasure_inpainting,doc_family_id_card_009_inst_00,doc_family_id_card_009,id_card,synthetic_docforensics,1,MIT,1,erasure_inpainting,data\train\images\synthetic_doc_family_id_card_009_inst_00_tampered_v3_erasure_inpainting.png,data\train\masks\synthetic_doc_family_id_card_009_inst_00_tampered_v3_erasure_inpainting.png,900,600,5328,0.009866666666666666,train
synthetic_doc_family_id_card_010_inst_00_authentic,doc_family_id_card_010_inst_00,doc_family_id_card_010,id_card,synthetic_docforensics,1,MIT,0,none,data\train\images\synthetic_doc_family_id_card_010_inst_00_authentic.png,data\train\masks\synthetic_doc_family_id_card_010_inst_00_authentic.png,900,600,0,0.0,train
synthetic_doc_family_id_card_010_inst_00_tampered_v1_copy_move,doc_family_id_card_010_inst_00,doc_family_id_card_010,id_card,synthetic_docforensics,1,MIT,1,copy_move,data\train\images\synthetic_doc_family_id_card_010_inst_00_tampered_v1_copy_move.png,data\train\masks\synthetic_doc_family_id_card_010_inst_00_tampered_v1_copy_move.png,900,600,4403,0.008153703703703703,train
synthetic_doc_family_id_card_010_inst_00_tampered_v2_splicing,doc_family_id_card_010_inst_00,doc_family_id_card_010,id_card,synthetic_docforensics,1,MIT,1,splicing,data\train\images\synthetic_doc_family_id_card_010_inst_00_tampered_v2_splicing.png,data\train\masks\synthetic_doc_family_id_card_010_inst_00_tampered_v2_splicing.png,900,600,1742,0.003225925925925926,train
synthetic_doc_family_id_card_010_inst_00_tampered_v3_erasure_inpainting,doc_family_id_card_010_inst_00,doc_family_id_card_010,id_card,synthetic_docforensics,1,MIT,1,erasure_inpainting,data\train\images\synthetic_doc_family_id_card_010_inst_00_tampered_v3_erasure_inpainting.png,data\train\masks\synthetic_doc_family_id_card_010_inst_00_tampered_v3_erasure_inpainting.png,900,600,8854,0.016396296296296298,train
synthetic_doc_family_id_card_011_inst_00_authentic,doc_family_id_card_011_inst_00,doc_family_id_card_011,id_card,synthetic_docforensics,1,MIT,0,none,data\test\images\synthetic_doc_family_id_card_011_inst_00_authentic.png,data\test\masks\synthetic_doc_family_id_card_011_inst_00_authentic.png,900,600,0,0.0,test
synthetic_doc_family_id_card_011_inst_00_tampered_v1_copy_move,doc_family_id_card_011_inst_00,doc_family_id_card_011,id_card,synthetic_docforensics,1,MIT,1,copy_move,data\test\images\synthetic_doc_family_id_card_011_inst_00_tampered_v1_copy_move.png,data\test\masks\synthetic_doc_family_id_card_011_inst_00_tampered_v1_copy_move.png,900,600,6061,0.011224074074074074,test
synthetic_doc_family_id_card_011_inst_00_tampered_v2_splicing,doc_family_id_card_011_inst_00,doc_family_id_card_011,id_card,synthetic_docforensics,1,MIT,1,splicing,data\test\images\synthetic_doc_family_id_card_011_inst_00_tampered_v2_splicing.png,data\test\masks\synthetic_doc_family_id_card_011_inst_00_tampered_v2_splicing.png,900,600,3076,0.0056962962962962965,test
synthetic_doc_family_id_card_011_inst_00_tampered_v3_erasure_inpainting,doc_family_id_card_011_inst_00,doc_family_id_card_011,id_card,synthetic_docforensics,1,MIT,1,erasure_inpainting,data\test\images\synthetic_doc_family_id_card_011_inst_00_tampered_v3_erasure_inpainting.png,data\test\masks\synthetic_doc_family_id_card_011_inst_00_tampered_v3_erasure_inpainting.png,900,600,2740,0.005074074074074074,test
synthetic_doc_family_id_card_012_inst_00_authentic,doc_family_id_card_012_inst_00,doc_family_id_card_012,id_card,synthetic_docforensics,1,MIT,0,none,data\train\images\synthetic_doc_family_id_card_012_inst_00_authentic.png,data\train\masks\synthetic_doc_family_id_card_012_inst_00_authentic.png,900,600,0,0.0,train
synthetic_doc_family_id_card_012_inst_00_tampered_v1_copy_move,doc_family_id_card_012_inst_00,doc_family_id_card_012,id_card,synthetic_docforensics,1,MIT,1,copy_move,data\train\images\synthetic_doc_family_id_card_012_inst_00_tampered_v1_copy_move.png,data\train\masks\synthetic_doc_family_id_card_012_inst_00_tampered_v1_copy_move.png,900,600,10203,0.018894444444444443,train
synthetic_doc_family_id_card_012_inst_00_tampered_v2_splicing,doc_family_id_card_012_inst_00,doc_family_id_card_012,id_card,synthetic_docforensics,1,MIT,1,splicing,data\train\images\synthetic_doc_family_id_card_012_inst_00_tampered_v2_splicing.png,data\train\masks\synthetic_doc_family_id_card_012_inst_00_tampered_v2_splicing.png,900,600,3356,0.0062148148148148145,train
synthetic_doc_family_id_card_012_inst_00_tampered_v3_erasure_inpainting,doc_family_id_card_012_inst_00,doc_family_id_card_012,id_card,synthetic_docforensics,1,MIT,1,erasure_inpainting,data\train\images\synthetic_doc_family_id_card_012_inst_00_tampered_v3_erasure_inpainting.png,data\train\masks\synthetic_doc_family_id_card_012_inst_00_tampered_v3_erasure_inpainting.png,900,600,4194,0.0077666666666666665,train
synthetic_doc_family_id_card_013_inst_00_authentic,doc_family_id_card_013_inst_00,doc_family_id_card_013,id_card,synthetic_docforensics,1,MIT,0,none,data\val\images\synthetic_doc_family_id_card_013_inst_00_authentic.png,data\val\masks\synthetic_doc_family_id_card_013_inst_00_authentic.png,900,600,0,0.0,val
synthetic_doc_family_id_card_013_inst_00_tampered_v1_copy_move,doc_family_id_card_013_inst_00,doc_family_id_card_013,id_card,synthetic_docforensics,1,MIT,1,copy_move,data\val\images\synthetic_doc_family_id_card_013_inst_00_tampered_v1_copy_move.png,data\val\masks\synthetic_doc_family_id_card_013_inst_00_tampered_v1_copy_move.png,900,600,5434,0.010062962962962963,val
synthetic_doc_family_id_card_013_inst_00_tampered_v2_splicing,doc_family_id_card_013_inst_00,doc_family_id_card_013,id_card,synthetic_docforensics,1,MIT,1,splicing,data\val\images\synthetic_doc_family_id_card_013_inst_00_tampered_v2_splicing.png,data\val\masks\synthetic_doc_family_id_card_013_inst_00_tampered_v2_splicing.png,900,600,1998,0.0037,val
synthetic_doc_family_id_card_013_inst_00_tampered_v3_erasure_inpainting,doc_family_id_card_013_inst_00,doc_family_id_card_013,id_card,synthetic_docforensics,1,MIT,1,erasure_inpainting,data\val\images\synthetic_doc_family_id_card_013_inst_00_tampered_v3_erasure_inpainting.png,data\val\masks\synthetic_doc_family_id_card_013_inst_00_tampered_v3_erasure_inpainting.png,900,600,10947,0.020272222222222223,val
synthetic_doc_family_id_card_014_inst_00_authentic,doc_family_id_card_014_inst_00,doc_family_id_card_014,id_card,synthetic_docforensics,1,MIT,0,none,data\test\images\synthetic_doc_family_id_card_014_inst_00_authentic.png,data\test\masks\synthetic_doc_family_id_card_014_inst_00_authentic.png,900,600,0,0.0,test
synthetic_doc_family_id_card_014_inst_00_tampered_v1_copy_move,doc_family_id_card_014_inst_00,doc_family_id_card_014,id_card,synthetic_docforensics,1,MIT,1,copy_move,data\test\images\synthetic_doc_family_id_card_014_inst_00_tampered_v1_copy_move.png,data\test\masks\synthetic_doc_family_id_card_014_inst_00_tampered_v1_copy_move.png,900,600,5635,0.010435185185185184,test
synthetic_doc_family_id_card_014_inst_00_tampered_v2_splicing,doc_family_id_card_014_inst_00,doc_family_id_card_014,id_card,synthetic_docforensics,1,MIT,1,splicing,data\test\images\synthetic_doc_family_id_card_014_inst_00_tampered_v2_splicing.png,data\test\masks\synthetic_doc_family_id_card_014_inst_00_tampered_v2_splicing.png,900,600,2490,0.004611111111111111,test
synthetic_doc_family_id_card_014_inst_00_tampered_v3_erasure_inpainting,doc_family_id_card_014_inst_00,doc_family_id_card_014,id_card,synthetic_docforensics,1,MIT,1,erasure_inpainting,data\test\images\synthetic_doc_family_id_card_014_inst_00_tampered_v3_erasure_inpainting.png,data\test\masks\synthetic_doc_family_id_card_014_inst_00_tampered_v3_erasure_inpainting.png,900,600,4853,0.008987037037037036,test
synthetic_doc_family_id_card_015_inst_00_authentic,doc_family_id_card_015_inst_00,doc_family_id_card_015,id_card,synthetic_docforensics,1,MIT,0,none,data\train\images\synthetic_doc_family_id_card_015_inst_00_authentic.png,data\train\masks\synthetic_doc_family_id_card_015_inst_00_authentic.png,900,600,0,0.0,train
synthetic_doc_family_id_card_015_inst_00_tampered_v1_copy_move,doc_family_id_card_015_inst_00,doc_family_id_card_015,id_card,synthetic_docforensics,1,MIT,1,copy_move,data\train\images\synthetic_doc_family_id_card_015_inst_00_tampered_v1_copy_move.png,data\train\masks\synthetic_doc_family_id_card_015_inst_00_tampered_v1_copy_move.png,900,600,11362,0.021040740740740742,train
synthetic_doc_family_id_card_015_inst_00_tampered_v2_splicing,doc_family_id_card_015_inst_00,doc_family_id_card_015,id_card,synthetic_docforensics,1,MIT,1,splicing,data\train\images\synthetic_doc_family_id_card_015_inst_00_tampered_v2_splicing.png,data\train\masks\synthetic_doc_family_id_card_015_inst_00_tampered_v2_splicing.png,900,600,2280,0.004222222222222222,train
synthetic_doc_family_id_card_015_inst_00_tampered_v3_erasure_inpainting,doc_family_id_card_015_inst_00,doc_family_id_card_015,id_card,synthetic_docforensics,1,MIT,1,erasure_inpainting,data\train\images\synthetic_doc_family_id_card_015_inst_00_tampered_v3_erasure_inpainting.png,data\train\masks\synthetic_doc_family_id_card_015_inst_00_tampered_v3_erasure_inpainting.png,900,600,4050,0.0075,train
synthetic_doc_family_id_card_016_inst_00_authentic,doc_family_id_card_016_inst_00,doc_family_id_card_016,id_card,synthetic_docforensics,1,MIT,0,none,data\train\images\synthetic_doc_family_id_card_016_inst_00_authentic.png,data\train\masks\synthetic_doc_family_id_card_016_inst_00_authentic.png,900,600,0,0.0,train
synthetic_doc_family_id_card_016_inst_00_tampered_v1_copy_move,doc_family_id_card_016_inst_00,doc_family_id_card_016,id_card,synthetic_docforensics,1,MIT,1,copy_move,data\train\images\synthetic_doc_family_id_card_016_inst_00_tampered_v1_copy_move.png,data\train\masks\synthetic_doc_family_id_card_016_inst_00_tampered_v1_copy_move.png,900,600,4464,0.008266666666666667,train
synthetic_doc_family_id_card_016_inst_00_tampered_v2_splicing,doc_family_id_card_016_inst_00,doc_family_id_card_016,id_card,synthetic_docforensics,1,MIT,1,splicing,data\train\images\synthetic_doc_family_id_card_016_inst_00_tampered_v2_splicing.png,data\train\masks\synthetic_doc_family_id_card_016_inst_00_tampered_v2_splicing.png,900,600,2252,0.00417037037037037,train
synthetic_doc_family_id_card_016_inst_00_tampered_v3_erasure_inpainting,doc_family_id_card_016_inst_00,doc_family_id_card_016,id_card,synthetic_docforensics,1,MIT,1,erasure_inpainting,data\train\images\synthetic_doc_family_id_card_016_inst_00_tampered_v3_erasure_inpainting.png,data\train\masks\synthetic_doc_family_id_card_016_inst_00_tampered_v3_erasure_inpainting.png,900,600,4902,0.009077777777777778,train
synthetic_doc_family_id_card_017_inst_00_authentic,doc_family_id_card_017_inst_00,doc_family_id_card_017,id_card,synthetic_docforensics,1,MIT,0,none,data\train\images\synthetic_doc_family_id_card_017_inst_00_authentic.png,data\train\masks\synthetic_doc_family_id_card_017_inst_00_authentic.png,900,600,0,0.0,train
synthetic_doc_family_id_card_017_inst_00_tampered_v1_copy_move,doc_family_id_card_017_inst_00,doc_family_id_card_017,id_card,synthetic_docforensics,1,MIT,1,copy_move,data\train\images\synthetic_doc_family_id_card_017_inst_00_tampered_v1_copy_move.png,data\train\masks\synthetic_doc_family_id_card_017_inst_00_tampered_v1_copy_move.png,900,600,11438,0.02118148148148148,train
synthetic_doc_family_id_card_017_inst_00_tampered_v2_splicing,doc_family_id_card_017_inst_00,doc_family_id_card_017,id_card,synthetic_docforensics,1,MIT,1,splicing,data\train\images\synthetic_doc_family_id_card_017_inst_00_tampered_v2_splicing.png,data\train\masks\synthetic_doc_family_id_card_017_inst_00_tampered_v2_splicing.png,900,600,3284,0.006081481481481481,train
synthetic_doc_family_id_card_017_inst_00_tampered_v3_erasure_inpainting,doc_family_id_card_017_inst_00,doc_family_id_card_017,id_card,synthetic_docforensics,1,MIT,1,erasure_inpainting,data\train\images\synthetic_doc_family_id_card_017_inst_00_tampered_v3_erasure_inpainting.png,data\train\masks\synthetic_doc_family_id_card_017_inst_00_tampered_v3_erasure_inpainting.png,900,600,7245,0.013416666666666667,train
synthetic_doc_family_id_card_018_inst_00_authentic,doc_family_id_card_018_inst_00,doc_family_id_card_018,id_card,synthetic_docforensics,1,MIT,0,none,data\train\images\synthetic_doc_family_id_card_018_inst_00_authentic.png,data\train\masks\synthetic_doc_family_id_card_018_inst_00_authentic.png,900,600,0,0.0,train
synthetic_doc_family_id_card_018_inst_00_tampered_v1_copy_move,doc_family_id_card_018_inst_00,doc_family_id_card_018,id_card,synthetic_docforensics,1,MIT,1,copy_move,data\train\images\synthetic_doc_family_id_card_018_inst_00_tampered_v1_copy_move.png,data\train\masks\synthetic_doc_family_id_card_018_inst_00_tampered_v1_copy_move.png,900,600,5549,0.010275925925925926,train
synthetic_doc_family_id_card_018_inst_00_tampered_v2_splicing,doc_family_id_card_018_inst_00,doc_family_id_card_018,id_card,synthetic_docforensics,1,MIT,1,splicing,data\train\images\synthetic_doc_family_id_card_018_inst_00_tampered_v2_splicing.png,data\train\masks\synthetic_doc_family_id_card_018_inst_00_tampered_v2_splicing.png,900,600,2054,0.0038037037037037037,train
synthetic_doc_family_id_card_018_inst_00_tampered_v3_erasure_inpainting,doc_family_id_card_018_inst_00,doc_family_id_card_018,id_card,synthetic_docforensics,1,MIT,1,erasure_inpainting,data\train\images\synthetic_doc_family_id_card_018_inst_00_tampered_v3_erasure_inpainting.png,data\train\masks\synthetic_doc_family_id_card_018_inst_00_tampered_v3_erasure_inpainting.png,900,600,5772,0.010688888888888888,train
synthetic_doc_family_id_card_019_inst_00_authentic,doc_family_id_card_019_inst_00,doc_family_id_card_019,id_card,synthetic_docforensics,1,MIT,0,none,data\train\images\synthetic_doc_family_id_card_019_inst_00_authentic.png,data\train\masks\synthetic_doc_family_id_card_019_inst_00_authentic.png,900,600,0,0.0,train
synthetic_doc_family_id_card_019_inst_00_tampered_v1_copy_move,doc_family_id_card_019_inst_00,doc_family_id_card_019,id_card,synthetic_docforensics,1,MIT,1,copy_move,data\train\images\synthetic_doc_family_id_card_019_inst_00_tampered_v1_copy_move.png,data\train\masks\synthetic_doc_family_id_card_019_inst_00_tampered_v1_copy_move.png,900,600,13160,0.024370370370370372,train
synthetic_doc_family_id_card_019_inst_00_tampered_v2_splicing,doc_family_id_card_019_inst_00,doc_family_id_card_019,id_card,synthetic_docforensics,1,MIT,1,splicing,data\train\images\synthetic_doc_family_id_card_019_inst_00_tampered_v2_splicing.png,data\train\masks\synthetic_doc_family_id_card_019_inst_00_tampered_v2_splicing.png,900,600,3248,0.006014814814814815,train
synthetic_doc_family_id_card_019_inst_00_tampered_v3_erasure_inpainting,doc_family_id_card_019_inst_00,doc_family_id_card_019,id_card,synthetic_docforensics,1,MIT,1,erasure_inpainting,data\train\images\synthetic_doc_family_id_card_019_inst_00_tampered_v3_erasure_inpainting.png,data\train\masks\synthetic_doc_family_id_card_019_inst_00_tampered_v3_erasure_inpainting.png,900,600,4600,0.008518518518518519,train
synthetic_doc_family_id_card_020_inst_00_authentic,doc_family_id_card_020_inst_00,doc_family_id_card_020,id_card,synthetic_docforensics,1,MIT,0,none,data\val\images\synthetic_doc_family_id_card_020_inst_00_authentic.png,data\val\masks\synthetic_doc_family_id_card_020_inst_00_authentic.png,900,600,0,0.0,val
synthetic_doc_family_id_card_020_inst_00_tampered_v1_copy_move,doc_family_id_card_020_inst_00,doc_family_id_card_020,id_card,synthetic_docforensics,1,MIT,1,copy_move,data\val\images\synthetic_doc_family_id_card_020_inst_00_tampered_v1_copy_move.png,data\val\masks\synthetic_doc_family_id_card_020_inst_00_tampered_v1_copy_move.png,900,600,7155,0.01325,val
synthetic_doc_family_id_card_020_inst_00_tampered_v2_splicing,doc_family_id_card_020_inst_00,doc_family_id_card_020,id_card,synthetic_docforensics,1,MIT,1,splicing,data\val\images\synthetic_doc_family_id_card_020_inst_00_tampered_v2_splicing.png,data\val\masks\synthetic_doc_family_id_card_020_inst_00_tampered_v2_splicing.png,900,600,3304,0.006118518518518519,val
synthetic_doc_family_id_card_020_inst_00_tampered_v3_erasure_inpainting,doc_family_id_card_020_inst_00,doc_family_id_card_020,id_card,synthetic_docforensics,1,MIT,1,erasure_inpainting,data\val\images\synthetic_doc_family_id_card_020_inst_00_tampered_v3_erasure_inpainting.png,data\val\masks\synthetic_doc_family_id_card_020_inst_00_tampered_v3_erasure_inpainting.png,900,600,3960,0.007333333333333333,val
synthetic_doc_family_id_card_021_inst_00_authentic,doc_family_id_card_021_inst_00,doc_family_id_card_021,id_card,synthetic_docforensics,1,MIT,0,none,data\train\images\synthetic_doc_family_id_card_021_inst_00_authentic.png,data\train\masks\synthetic_doc_family_id_card_021_inst_00_authentic.png,900,600,0,0.0,train
synthetic_doc_family_id_card_021_inst_00_tampered_v1_copy_move,doc_family_id_card_021_inst_00,doc_family_id_card_021,id_card,synthetic_docforensics,1,MIT,1,copy_move,data\train\images\synthetic_doc_family_id_card_021_inst_00_tampered_v1_copy_move.png,data\train\masks\synthetic_doc_family_id_card_021_inst_00_tampered_v1_copy_move.png,900,600,15000,0.027777777777777776,train
synthetic_doc_family_id_card_021_inst_00_tampered_v2_splicing,doc_family_id_card_021_inst_00,doc_family_id_card_021,id_card,synthetic_docforensics,1,MIT,1,splicing,data\train\images\synthetic_doc_family_id_card_021_inst_00_tampered_v2_splicing.png,data\train\masks\synthetic_doc_family_id_card_021_inst_00_tampered_v2_splicing.png,900,600,1969,0.0036462962962962964,train
synthetic_doc_family_id_card_021_inst_00_tampered_v3_erasure_inpainting,doc_family_id_card_021_inst_00,doc_family_id_card_021,id_card,synthetic_docforensics,1,MIT,1,erasure_inpainting,data\train\images\synthetic_doc_family_id_card_021_inst_00_tampered_v3_erasure_inpainting.png,data\train\masks\synthetic_doc_family_id_card_021_inst_00_tampered_v3_erasure_inpainting.png,900,600,5100,0.009444444444444445,train
synthetic_doc_family_id_card_022_inst_00_authentic,doc_family_id_card_022_inst_00,doc_family_id_card_022,id_card,synthetic_docforensics,1,MIT,0,none,data\train\images\synthetic_doc_family_id_card_022_inst_00_authentic.png,data\train\masks\synthetic_doc_family_id_card_022_inst_00_authentic.png,900,600,0,0.0,train
synthetic_doc_family_id_card_022_inst_00_tampered_v1_copy_move,doc_family_id_card_022_inst_00,doc_family_id_card_022,id_card,synthetic_docforensics,1,MIT,1,copy_move,data\train\images\synthetic_doc_family_id_card_022_inst_00_tampered_v1_copy_move.png,data\train\masks\synthetic_doc_family_id_card_022_inst_00_tampered_v1_copy_move.png,900,600,11556,0.0214,train
synthetic_doc_family_id_card_022_inst_00_tampered_v2_splicing,doc_family_id_card_022_inst_00,doc_family_id_card_022,id_card,synthetic_docforensics,1,MIT,1,splicing,data\train\images\synthetic_doc_family_id_card_022_inst_00_tampered_v2_splicing.png,data\train\masks\synthetic_doc_family_id_card_022_inst_00_tampered_v2_splicing.png,900,600,2332,0.004318518518518518,train
synthetic_doc_family_id_card_022_inst_00_tampered_v3_erasure_inpainting,doc_family_id_card_022_inst_00,doc_family_id_card_022,id_card,synthetic_docforensics,1,MIT,1,erasure_inpainting,data\train\images\synthetic_doc_family_id_card_022_inst_00_tampered_v3_erasure_inpainting.png,data\train\masks\synthetic_doc_family_id_card_022_inst_00_tampered_v3_erasure_inpainting.png,900,600,7020,0.013,train
synthetic_doc_family_id_card_023_inst_00_authentic,doc_family_id_card_023_inst_00,doc_family_id_card_023,id_card,synthetic_docforensics,1,MIT,0,none,data\train\images\synthetic_doc_family_id_card_023_inst_00_authentic.png,data\train\masks\synthetic_doc_family_id_card_023_inst_00_authentic.png,900,600,0,0.0,train
synthetic_doc_family_id_card_023_inst_00_tampered_v1_copy_move,doc_family_id_card_023_inst_00,doc_family_id_card_023,id_card,synthetic_docforensics,1,MIT,1,copy_move,data\train\images\synthetic_doc_family_id_card_023_inst_00_tampered_v1_copy_move.png,data\train\masks\synthetic_doc_family_id_card_023_inst_00_tampered_v1_copy_move.png,900,600,7650,0.014166666666666666,train
synthetic_doc_family_id_card_023_inst_00_tampered_v2_splicing,doc_family_id_card_023_inst_00,doc_family_id_card_023,id_card,synthetic_docforensics,1,MIT,1,splicing,data\train\images\synthetic_doc_family_id_card_023_inst_00_tampered_v2_splicing.png,data\train\masks\synthetic_doc_family_id_card_023_inst_00_tampered_v2_splicing.png,900,600,3304,0.006118518518518519,train
synthetic_doc_family_id_card_023_inst_00_tampered_v3_erasure_inpainting,doc_family_id_card_023_inst_00,doc_family_id_card_023,id_card,synthetic_docforensics,1,MIT,1,erasure_inpainting,data\train\images\synthetic_doc_family_id_card_023_inst_00_tampered_v3_erasure_inpainting.png,data\train\masks\synthetic_doc_family_id_card_023_inst_00_tampered_v3_erasure_inpainting.png,900,600,7820,0.014481481481481482,train
synthetic_doc_family_id_card_024_inst_00_authentic,doc_family_id_card_024_inst_00,doc_family_id_card_024,id_card,synthetic_docforensics,1,MIT,0,none,data\val\images\synthetic_doc_family_id_card_024_inst_00_authentic.png,data\val\masks\synthetic_doc_family_id_card_024_inst_00_authentic.png,900,600,0,0.0,val
synthetic_doc_family_id_card_024_inst_00_tampered_v1_copy_move,doc_family_id_card_024_inst_00,doc_family_id_card_024,id_card,synthetic_docforensics,1,MIT,1,copy_move,data\val\images\synthetic_doc_family_id_card_024_inst_00_tampered_v1_copy_move.png,data\val\masks\synthetic_doc_family_id_card_024_inst_00_tampered_v1_copy_move.png,900,600,10019,0.018553703703703704,val
synthetic_doc_family_id_card_024_inst_00_tampered_v2_splicing,doc_family_id_card_024_inst_00,doc_family_id_card_024,id_card,synthetic_docforensics,1,MIT,1,splicing,data\val\images\synthetic_doc_family_id_card_024_inst_00_tampered_v2_splicing.png,data\val\masks\synthetic_doc_family_id_card_024_inst_00_tampered_v2_splicing.png,900,600,2562,0.004744444444444444,val
synthetic_doc_family_id_card_024_inst_00_tampered_v3_erasure_inpainting,doc_family_id_card_024_inst_00,doc_family_id_card_024,id_card,synthetic_docforensics,1,MIT,1,erasure_inpainting,data\val\images\synthetic_doc_family_id_card_024_inst_00_tampered_v3_erasure_inpainting.png,data\val\masks\synthetic_doc_family_id_card_024_inst_00_tampered_v3_erasure_inpainting.png,900,600,13590,0.025166666666666667,val
synthetic_doc_family_id_card_025_inst_00_authentic,doc_family_id_card_025_inst_00,doc_family_id_card_025,id_card,synthetic_docforensics,1,MIT,0,none,data\train\images\synthetic_doc_family_id_card_025_inst_00_authentic.png,data\train\masks\synthetic_doc_family_id_card_025_inst_00_authentic.png,900,600,0,0.0,train
synthetic_doc_family_id_card_025_inst_00_tampered_v1_copy_move,doc_family_id_card_025_inst_00,doc_family_id_card_025,id_card,synthetic_docforensics,1,MIT,1,copy_move,data\train\images\synthetic_doc_family_id_card_025_inst_00_tampered_v1_copy_move.png,data\train\masks\synthetic_doc_family_id_card_025_inst_00_tampered_v1_copy_move.png,900,600,4508,0.008348148148148148,train
synthetic_doc_family_id_card_025_inst_00_tampered_v2_splicing,doc_family_id_card_025_inst_00,doc_family_id_card_025,id_card,synthetic_docforensics,1,MIT,1,splicing,data\train\images\synthetic_doc_family_id_card_025_inst_00_tampered_v2_splicing.png,data\train\masks\synthetic_doc_family_id_card_025_inst_00_tampered_v2_splicing.png,900,600,3076,0.0056962962962962965,train
synthetic_doc_family_id_card_025_inst_00_tampered_v3_erasure_inpainting,doc_family_id_card_025_inst_00,doc_family_id_card_025,id_card,synthetic_docforensics,1,MIT,1,erasure_inpainting,data\train\images\synthetic_doc_family_id_card_025_inst_00_tampered_v3_erasure_inpainting.png,data\train\masks\synthetic_doc_family_id_card_025_inst_00_tampered_v3_erasure_inpainting.png,900,600,9030,0.01672222222222222,train
synthetic_doc_family_id_card_026_inst_00_authentic,doc_family_id_card_026_inst_00,doc_family_id_card_026,id_card,synthetic_docforensics,1,MIT,0,none,data\train\images\synthetic_doc_family_id_card_026_inst_00_authentic.png,data\train\masks\synthetic_doc_family_id_card_026_inst_00_authentic.png,900,600,0,0.0,train
synthetic_doc_family_id_card_026_inst_00_tampered_v1_copy_move,doc_family_id_card_026_inst_00,doc_family_id_card_026,id_card,synthetic_docforensics,1,MIT,1,copy_move,data\train\images\synthetic_doc_family_id_card_026_inst_00_tampered_v1_copy_move.png,data\train\masks\synthetic_doc_family_id_card_026_inst_00_tampered_v1_copy_move.png,900,600,11214,0.020766666666666666,train
synthetic_doc_family_id_card_026_inst_00_tampered_v2_splicing,doc_family_id_card_026_inst_00,doc_family_id_card_026,id_card,synthetic_docforensics,1,MIT,1,splicing,data\train\images\synthetic_doc_family_id_card_026_inst_00_tampered_v2_splicing.png,data\train\masks\synthetic_doc_family_id_card_026_inst_00_tampered_v2_splicing.png,900,600,2865,0.0053055555555555555,train
synthetic_doc_family_id_card_026_inst_00_tampered_v3_erasure_inpainting,doc_family_id_card_026_inst_00,doc_family_id_card_026,id_card,synthetic_docforensics,1,MIT,1,erasure_inpainting,data\train\images\synthetic_doc_family_id_card_026_inst_00_tampered_v3_erasure_inpainting.png,data\train\masks\synthetic_doc_family_id_card_026_inst_00_tampered_v3_erasure_inpainting.png,900,600,5320,0.009851851851851851,train
synthetic_doc_family_id_card_027_inst_00_authentic,doc_family_id_card_027_inst_00,doc_family_id_card_027,id_card,synthetic_docforensics,1,MIT,0,none,data\train\images\synthetic_doc_family_id_card_027_inst_00_authentic.png,data\train\masks\synthetic_doc_family_id_card_027_inst_00_authentic.png,900,600,0,0.0,train
synthetic_doc_family_id_card_027_inst_00_tampered_v1_copy_move,doc_family_id_card_027_inst_00,doc_family_id_card_027,id_card,synthetic_docforensics,1,MIT,1,copy_move,data\train\images\synthetic_doc_family_id_card_027_inst_00_tampered_v1_copy_move.png,data\train\masks\synthetic_doc_family_id_card_027_inst_00_tampered_v1_copy_move.png,900,600,17458,0.03232962962962963,train
synthetic_doc_family_id_card_027_inst_00_tampered_v2_splicing,doc_family_id_card_027_inst_00,doc_family_id_card_027,id_card,synthetic_docforensics,1,MIT,1,splicing,data\train\images\synthetic_doc_family_id_card_027_inst_00_tampered_v2_splicing.png,data\train\masks\synthetic_doc_family_id_card_027_inst_00_tampered_v2_splicing.png,900,600,1697,0.0031425925925925927,train
synthetic_doc_family_id_card_027_inst_00_tampered_v3_erasure_inpainting,doc_family_id_card_027_inst_00,doc_family_id_card_027,id_card,synthetic_docforensics,1,MIT,1,erasure_inpainting,data\train\images\synthetic_doc_family_id_card_027_inst_00_tampered_v3_erasure_inpainting.png,data\train\masks\synthetic_doc_family_id_card_027_inst_00_tampered_v3_erasure_inpainting.png,900,600,5220,0.009666666666666667,train
synthetic_doc_family_id_card_028_inst_00_authentic,doc_family_id_card_028_inst_00,doc_family_id_card_028,id_card,synthetic_docforensics,1,MIT,0,none,data\val\images\synthetic_doc_family_id_card_028_inst_00_authentic.png,data\val\masks\synthetic_doc_family_id_card_028_inst_00_authentic.png,900,600,0,0.0,val
synthetic_doc_family_id_card_028_inst_00_tampered_v1_copy_move,doc_family_id_card_028_inst_00,doc_family_id_card_028,id_card,synthetic_docforensics,1,MIT,1,copy_move,data\val\images\synthetic_doc_family_id_card_028_inst_00_tampered_v1_copy_move.png,data\val\masks\synthetic_doc_family_id_card_028_inst_00_tampered_v1_copy_move.png,900,600,10580,0.019592592592592592,val
synthetic_doc_family_id_card_028_inst_00_tampered_v2_splicing,doc_family_id_card_028_inst_00,doc_family_id_card_028,id_card,synthetic_docforensics,1,MIT,1,splicing,data\val\images\synthetic_doc_family_id_card_028_inst_00_tampered_v2_splicing.png,data\val\masks\synthetic_doc_family_id_card_028_inst_00_tampered_v2_splicing.png,900,600,2090,0.0038703703703703704,val
synthetic_doc_family_id_card_028_inst_00_tampered_v3_erasure_inpainting,doc_family_id_card_028_inst_00,doc_family_id_card_028,id_card,synthetic_docforensics,1,MIT,1,erasure_inpainting,data\val\images\synthetic_doc_family_id_card_028_inst_00_tampered_v3_erasure_inpainting.png,data\val\masks\synthetic_doc_family_id_card_028_inst_00_tampered_v3_erasure_inpainting.png,900,600,5472,0.010133333333333333,val
synthetic_doc_family_id_card_029_inst_00_authentic,doc_family_id_card_029_inst_00,doc_family_id_card_029,id_card,synthetic_docforensics,1,MIT,0,none,data\train\images\synthetic_doc_family_id_card_029_inst_00_authentic.png,data\train\masks\synthetic_doc_family_id_card_029_inst_00_authentic.png,900,600,0,0.0,train
synthetic_doc_family_id_card_029_inst_00_tampered_v1_copy_move,doc_family_id_card_029_inst_00,doc_family_id_card_029,id_card,synthetic_docforensics,1,MIT,1,copy_move,data\train\images\synthetic_doc_family_id_card_029_inst_00_tampered_v1_copy_move.png,data\train\masks\synthetic_doc_family_id_card_029_inst_00_tampered_v1_copy_move.png,900,600,5684,0.010525925925925926,train
synthetic_doc_family_id_card_029_inst_00_tampered_v2_splicing,doc_family_id_card_029_inst_00,doc_family_id_card_029,id_card,synthetic_docforensics,1,MIT,1,splicing,data\train\images\synthetic_doc_family_id_card_029_inst_00_tampered_v2_splicing.png,data\train\masks\synthetic_doc_family_id_card_029_inst_00_tampered_v2_splicing.png,900,600,1897,0.003512962962962963,train
synthetic_doc_family_id_card_029_inst_00_tampered_v3_erasure_inpainting,doc_family_id_card_029_inst_00,doc_family_id_card_029,id_card,synthetic_docforensics,1,MIT,1,erasure_inpainting,data\train\images\synthetic_doc_family_id_card_029_inst_00_tampered_v3_erasure_inpainting.png,data\train\masks\synthetic_doc_family_id_card_029_inst_00_tampered_v3_erasure_inpainting.png,900,600,6930,0.012833333333333334,train
synthetic_doc_family_id_card_030_inst_00_authentic,doc_family_id_card_030_inst_00,doc_family_id_card_030,id_card,synthetic_docforensics,1,MIT,0,none,data\val\images\synthetic_doc_family_id_card_030_inst_00_authentic.png,data\val\masks\synthetic_doc_family_id_card_030_inst_00_authentic.png,900,600,0,0.0,val
synthetic_doc_family_id_card_030_inst_00_tampered_v1_copy_move,doc_family_id_card_030_inst_00,doc_family_id_card_030,id_card,synthetic_docforensics,1,MIT,1,copy_move,data\val\images\synthetic_doc_family_id_card_030_inst_00_tampered_v1_copy_move.png,data\val\masks\synthetic_doc_family_id_card_030_inst_00_tampered_v1_copy_move.png,900,600,9724,0.018007407407407406,val
synthetic_doc_family_id_card_030_inst_00_tampered_v2_splicing,doc_family_id_card_030_inst_00,doc_family_id_card_030,id_card,synthetic_docforensics,1,MIT,1,splicing,data\val\images\synthetic_doc_family_id_card_030_inst_00_tampered_v2_splicing.png,data\val\masks\synthetic_doc_family_id_card_030_inst_00_tampered_v2_splicing.png,900,600,1637,0.0030314814814814814,val
synthetic_doc_family_id_card_030_inst_00_tampered_v3_erasure_inpainting,doc_family_id_card_030_inst_00,doc_family_id_card_030,id_card,synthetic_docforensics,1,MIT,1,erasure_inpainting,data\val\images\synthetic_doc_family_id_card_030_inst_00_tampered_v3_erasure_inpainting.png,data\val\masks\synthetic_doc_family_id_card_030_inst_00_tampered_v3_erasure_inpainting.png,900,600,5814,0.010766666666666667,val
synthetic_doc_family_certificate_001_inst_00_authentic,doc_family_certificate_001_inst_00,doc_family_certificate_001,certificate,synthetic_docforensics,1,MIT,0,none,data\train\images\synthetic_doc_family_certificate_001_inst_00_authentic.png,data\train\masks\synthetic_doc_family_certificate_001_inst_00_authentic.png,950,700,0,0.0,train
synthetic_doc_family_certificate_001_inst_00_tampered_v1_copy_move,doc_family_certificate_001_inst_00,doc_family_certificate_001,certificate,synthetic_docforensics,1,MIT,1,copy_move,data\train\images\synthetic_doc_family_certificate_001_inst_00_tampered_v1_copy_move.png,data\train\masks\synthetic_doc_family_certificate_001_inst_00_tampered_v1_copy_move.png,950,700,5490,0.008255639097744362,train
synthetic_doc_family_certificate_001_inst_00_tampered_v2_splicing,doc_family_certificate_001_inst_00,doc_family_certificate_001,certificate,synthetic_docforensics,1,MIT,1,splicing,data\train\images\synthetic_doc_family_certificate_001_inst_00_tampered_v2_splicing.png,data\train\masks\synthetic_doc_family_certificate_001_inst_00_tampered_v2_splicing.png,950,700,4054,0.006096240601503759,train
synthetic_doc_family_certificate_001_inst_00_tampered_v3_erasure_inpainting,doc_family_certificate_001_inst_00,doc_family_certificate_001,certificate,synthetic_docforensics,1,MIT,1,erasure_inpainting,data\train\images\synthetic_doc_family_certificate_001_inst_00_tampered_v3_erasure_inpainting.png,data\train\masks\synthetic_doc_family_certificate_001_inst_00_tampered_v3_erasure_inpainting.png,950,700,6675,0.010037593984962406,train
synthetic_doc_family_certificate_002_inst_00_authentic,doc_family_certificate_002_inst_00,doc_family_certificate_002,certificate,synthetic_docforensics,1,MIT,0,none,data\test\images\synthetic_doc_family_certificate_002_inst_00_authentic.png,data\test\masks\synthetic_doc_family_certificate_002_inst_00_authentic.png,950,700,0,0.0,test
synthetic_doc_family_certificate_002_inst_00_tampered_v1_copy_move,doc_family_certificate_002_inst_00,doc_family_certificate_002,certificate,synthetic_docforensics,1,MIT,1,copy_move,data\test\images\synthetic_doc_family_certificate_002_inst_00_tampered_v1_copy_move.png,data\test\masks\synthetic_doc_family_certificate_002_inst_00_tampered_v1_copy_move.png,950,700,10974,0.016502255639097744,test
synthetic_doc_family_certificate_002_inst_00_tampered_v2_splicing,doc_family_certificate_002_inst_00,doc_family_certificate_002,certificate,synthetic_docforensics,1,MIT,1,splicing,data\test\images\synthetic_doc_family_certificate_002_inst_00_tampered_v2_splicing.png,data\test\masks\synthetic_doc_family_certificate_002_inst_00_tampered_v2_splicing.png,950,700,2841,0.0042721804511278196,test
synthetic_doc_family_certificate_002_inst_00_tampered_v3_erasure_inpainting,doc_family_certificate_002_inst_00,doc_family_certificate_002,certificate,synthetic_docforensics,1,MIT,1,erasure_inpainting,data\test\images\synthetic_doc_family_certificate_002_inst_00_tampered_v3_erasure_inpainting.png,data\test\masks\synthetic_doc_family_certificate_002_inst_00_tampered_v3_erasure_inpainting.png,950,700,11760,0.01768421052631579,test
synthetic_doc_family_certificate_003_inst_00_authentic,doc_family_certificate_003_inst_00,doc_family_certificate_003,certificate,synthetic_docforensics,1,MIT,0,none,data\train\images\synthetic_doc_family_certificate_003_inst_00_authentic.png,data\train\masks\synthetic_doc_family_certificate_003_inst_00_authentic.png,950,700,0,0.0,train
synthetic_doc_family_certificate_003_inst_00_tampered_v1_copy_move,doc_family_certificate_003_inst_00,doc_family_certificate_003,certificate,synthetic_docforensics,1,MIT,1,copy_move,data\train\images\synthetic_doc_family_certificate_003_inst_00_tampered_v1_copy_move.png,data\train\masks\synthetic_doc_family_certificate_003_inst_00_tampered_v1_copy_move.png,950,700,11470,0.01724812030075188,train
synthetic_doc_family_certificate_003_inst_00_tampered_v2_splicing,doc_family_certificate_003_inst_00,doc_family_certificate_003,certificate,synthetic_docforensics,1,MIT,1,splicing,data\train\images\synthetic_doc_family_certificate_003_inst_00_tampered_v2_splicing.png,data\train\masks\synthetic_doc_family_certificate_003_inst_00_tampered_v2_splicing.png,950,700,3714,0.005584962406015037,train
synthetic_doc_family_certificate_003_inst_00_tampered_v3_erasure_inpainting,doc_family_certificate_003_inst_00,doc_family_certificate_003,certificate,synthetic_docforensics,1,MIT,1,erasure_inpainting,data\train\images\synthetic_doc_family_certificate_003_inst_00_tampered_v3_erasure_inpainting.png,data\train\masks\synthetic_doc_family_certificate_003_inst_00_tampered_v3_erasure_inpainting.png,950,700,4301,0.0064676691729323305,train
synthetic_doc_family_certificate_004_inst_00_authentic,doc_family_certificate_004_inst_00,doc_family_certificate_004,certificate,synthetic_docforensics,1,MIT,0,none,data\test\images\synthetic_doc_family_certificate_004_inst_00_authentic.png,data\test\masks\synthetic_doc_family_certificate_004_inst_00_authentic.png,950,700,0,0.0,test
synthetic_doc_family_certificate_004_inst_00_tampered_v1_copy_move,doc_family_certificate_004_inst_00,doc_family_certificate_004,certificate,synthetic_docforensics,1,MIT,1,copy_move,data\test\images\synthetic_doc_family_certificate_004_inst_00_tampered_v1_copy_move.png,data\test\masks\synthetic_doc_family_certificate_004_inst_00_tampered_v1_copy_move.png,950,700,5808,0.008733834586466165,test
synthetic_doc_family_certificate_004_inst_00_tampered_v2_splicing,doc_family_certificate_004_inst_00,doc_family_certificate_004,certificate,synthetic_docforensics,1,MIT,1,splicing,data\test\images\synthetic_doc_family_certificate_004_inst_00_tampered_v2_splicing.png,data\test\masks\synthetic_doc_family_certificate_004_inst_00_tampered_v2_splicing.png,950,700,3946,0.005933834586466165,test
synthetic_doc_family_certificate_004_inst_00_tampered_v3_erasure_inpainting,doc_family_certificate_004_inst_00,doc_family_certificate_004,certificate,synthetic_docforensics,1,MIT,1,erasure_inpainting,data\test\images\synthetic_doc_family_certificate_004_inst_00_tampered_v3_erasure_inpainting.png,data\test\masks\synthetic_doc_family_certificate_004_inst_00_tampered_v3_erasure_inpainting.png,950,700,10864,0.016336842105263157,test
synthetic_doc_family_certificate_005_inst_00_authentic,doc_family_certificate_005_inst_00,doc_family_certificate_005,certificate,synthetic_docforensics,1,MIT,0,none,data\test\images\synthetic_doc_family_certificate_005_inst_00_authentic.png,data\test\masks\synthetic_doc_family_certificate_005_inst_00_authentic.png,950,700,0,0.0,test
synthetic_doc_family_certificate_005_inst_00_tampered_v1_copy_move,doc_family_certificate_005_inst_00,doc_family_certificate_005,certificate,synthetic_docforensics,1,MIT,1,copy_move,data\test\images\synthetic_doc_family_certificate_005_inst_00_tampered_v1_copy_move.png,data\test\masks\synthetic_doc_family_certificate_005_inst_00_tampered_v1_copy_move.png,950,700,13350,0.020075187969924812,test
synthetic_doc_family_certificate_005_inst_00_tampered_v2_splicing,doc_family_certificate_005_inst_00,doc_family_certificate_005,certificate,synthetic_docforensics,1,MIT,1,splicing,data\test\images\synthetic_doc_family_certificate_005_inst_00_tampered_v2_splicing.png,data\test\masks\synthetic_doc_family_certificate_005_inst_00_tampered_v2_splicing.png,950,700,3288,0.004944360902255639,test
synthetic_doc_family_certificate_005_inst_00_tampered_v3_erasure_inpainting,doc_family_certificate_005_inst_00,doc_family_certificate_005,certificate,synthetic_docforensics,1,MIT,1,erasure_inpainting,data\test\images\synthetic_doc_family_certificate_005_inst_00_tampered_v3_erasure_inpainting.png,data\test\masks\synthetic_doc_family_certificate_005_inst_00_tampered_v3_erasure_inpainting.png,950,700,15620,0.023488721804511278,test
synthetic_doc_family_certificate_006_inst_00_authentic,doc_family_certificate_006_inst_00,doc_family_certificate_006,certificate,synthetic_docforensics,1,MIT,0,none,data\train\images\synthetic_doc_family_certificate_006_inst_00_authentic.png,data\train\masks\synthetic_doc_family_certificate_006_inst_00_authentic.png,950,700,0,0.0,train
synthetic_doc_family_certificate_006_inst_00_tampered_v1_copy_move,doc_family_certificate_006_inst_00,doc_family_certificate_006,certificate,synthetic_docforensics,1,MIT,1,copy_move,data\train\images\synthetic_doc_family_certificate_006_inst_00_tampered_v1_copy_move.png,data\train\masks\synthetic_doc_family_certificate_006_inst_00_tampered_v1_copy_move.png,950,700,6068,0.009124812030075188,train
synthetic_doc_family_certificate_006_inst_00_tampered_v2_splicing,doc_family_certificate_006_inst_00,doc_family_certificate_006,certificate,synthetic_docforensics,1,MIT,1,splicing,data\train\images\synthetic_doc_family_certificate_006_inst_00_tampered_v2_splicing.png,data\train\masks\synthetic_doc_family_certificate_006_inst_00_tampered_v2_splicing.png,950,700,2554,0.0038406015037593987,train
synthetic_doc_family_certificate_006_inst_00_tampered_v3_erasure_inpainting,doc_family_certificate_006_inst_00,doc_family_certificate_006,certificate,synthetic_docforensics,1,MIT,1,erasure_inpainting,data\train\images\synthetic_doc_family_certificate_006_inst_00_tampered_v3_erasure_inpainting.png,data\train\masks\synthetic_doc_family_certificate_006_inst_00_tampered_v3_erasure_inpainting.png,950,700,13608,0.020463157894736843,train
synthetic_doc_family_certificate_007_inst_00_authentic,doc_family_certificate_007_inst_00,doc_family_certificate_007,certificate,synthetic_docforensics,1,MIT,0,none,data\train\images\synthetic_doc_family_certificate_007_inst_00_authentic.png,data\train\masks\synthetic_doc_family_certificate_007_inst_00_authentic.png,950,700,0,0.0,train
synthetic_doc_family_certificate_007_inst_00_tampered_v1_copy_move,doc_family_certificate_007_inst_00,doc_family_certificate_007,certificate,synthetic_docforensics,1,MIT,1,copy_move,data\train\images\synthetic_doc_family_certificate_007_inst_00_tampered_v1_copy_move.png,data\train\masks\synthetic_doc_family_certificate_007_inst_00_tampered_v1_copy_move.png,950,700,5957,0.008957894736842106,train
synthetic_doc_family_certificate_007_inst_00_tampered_v2_splicing,doc_family_certificate_007_inst_00,doc_family_certificate_007,certificate,synthetic_docforensics,1,MIT,1,splicing,data\train\images\synthetic_doc_family_certificate_007_inst_00_tampered_v2_splicing.png,data\train\masks\synthetic_doc_family_certificate_007_inst_00_tampered_v2_splicing.png,950,700,2046,0.0030766917293233082,train
synthetic_doc_family_certificate_007_inst_00_tampered_v3_erasure_inpainting,doc_family_certificate_007_inst_00,doc_family_certificate_007,certificate,synthetic_docforensics,1,MIT,1,erasure_inpainting,data\train\images\synthetic_doc_family_certificate_007_inst_00_tampered_v3_erasure_inpainting.png,data\train\masks\synthetic_doc_family_certificate_007_inst_00_tampered_v3_erasure_inpainting.png,950,700,7075,0.010639097744360903,train
synthetic_doc_family_certificate_008_inst_00_authentic,doc_family_certificate_008_inst_00,doc_family_certificate_008,certificate,synthetic_docforensics,1,MIT,0,none,data\train\images\synthetic_doc_family_certificate_008_inst_00_authentic.png,data\train\masks\synthetic_doc_family_certificate_008_inst_00_authentic.png,950,700,0,0.0,train
synthetic_doc_family_certificate_008_inst_00_tampered_v1_copy_move,doc_family_certificate_008_inst_00,doc_family_certificate_008,certificate,synthetic_docforensics,1,MIT,1,copy_move,data\train\images\synthetic_doc_family_certificate_008_inst_00_tampered_v1_copy_move.png,data\train\masks\synthetic_doc_family_certificate_008_inst_00_tampered_v1_copy_move.png,950,700,10360,0.015578947368421053,train
synthetic_doc_family_certificate_008_inst_00_tampered_v2_splicing,doc_family_certificate_008_inst_00,doc_family_certificate_008,certificate,synthetic_docforensics,1,MIT,1,splicing,data\train\images\synthetic_doc_family_certificate_008_inst_00_tampered_v2_splicing.png,data\train\masks\synthetic_doc_family_certificate_008_inst_00_tampered_v2_splicing.png,950,700,3998,0.00601203007518797,train
synthetic_doc_family_certificate_008_inst_00_tampered_v3_erasure_inpainting,doc_family_certificate_008_inst_00,doc_family_certificate_008,certificate,synthetic_docforensics,1,MIT,1,erasure_inpainting,data\train\images\synthetic_doc_family_certificate_008_inst_00_tampered_v3_erasure_inpainting.png,data\train\masks\synthetic_doc_family_certificate_008_inst_00_tampered_v3_erasure_inpainting.png,950,700,9600,0.01443609022556391,train
synthetic_doc_family_certificate_009_inst_00_authentic,doc_family_certificate_009_inst_00,doc_family_certificate_009,certificate,synthetic_docforensics,1,MIT,0,none,data\train\images\synthetic_doc_family_certificate_009_inst_00_authentic.png,data\train\masks\synthetic_doc_family_certificate_009_inst_00_authentic.png,950,700,0,0.0,train
synthetic_doc_family_certificate_009_inst_00_tampered_v1_copy_move,doc_family_certificate_009_inst_00,doc_family_certificate_009,certificate,synthetic_docforensics,1,MIT,1,copy_move,data\train\images\synthetic_doc_family_certificate_009_inst_00_tampered_v1_copy_move.png,data\train\masks\synthetic_doc_family_certificate_009_inst_00_tampered_v1_copy_move.png,950,700,3360,0.0050526315789473685,train
synthetic_doc_family_certificate_009_inst_00_tampered_v2_splicing,doc_family_certificate_009_inst_00,doc_family_certificate_009,certificate,synthetic_docforensics,1,MIT,1,splicing,data\train\images\synthetic_doc_family_certificate_009_inst_00_tampered_v2_splicing.png,data\train\masks\synthetic_doc_family_certificate_009_inst_00_tampered_v2_splicing.png,950,700,3670,0.005518796992481203,train
synthetic_doc_family_certificate_009_inst_00_tampered_v3_erasure_inpainting,doc_family_certificate_009_inst_00,doc_family_certificate_009,certificate,synthetic_docforensics,1,MIT,1,erasure_inpainting,data\train\images\synthetic_doc_family_certificate_009_inst_00_tampered_v3_erasure_inpainting.png,data\train\masks\synthetic_doc_family_certificate_009_inst_00_tampered_v3_erasure_inpainting.png,950,700,7680,0.011548872180451128,train
synthetic_doc_family_certificate_010_inst_00_authentic,doc_family_certificate_010_inst_00,doc_family_certificate_010,certificate,synthetic_docforensics,1,MIT,0,none,data\train\images\synthetic_doc_family_certificate_010_inst_00_authentic.png,data\train\masks\synthetic_doc_family_certificate_010_inst_00_authentic.png,950,700,0,0.0,train
synthetic_doc_family_certificate_010_inst_00_tampered_v1_copy_move,doc_family_certificate_010_inst_00,doc_family_certificate_010,certificate,synthetic_docforensics,1,MIT,1,copy_move,data\train\images\synthetic_doc_family_certificate_010_inst_00_tampered_v1_copy_move.png,data\train\masks\synthetic_doc_family_certificate_010_inst_00_tampered_v1_copy_move.png,950,700,13680,0.02057142857142857,train
synthetic_doc_family_certificate_010_inst_00_tampered_v2_splicing,doc_family_certificate_010_inst_00,doc_family_certificate_010,certificate,synthetic_docforensics,1,MIT,1,splicing,data\train\images\synthetic_doc_family_certificate_010_inst_00_tampered_v2_splicing.png,data\train\masks\synthetic_doc_family_certificate_010_inst_00_tampered_v2_splicing.png,950,700,2865,0.004308270676691729,train
synthetic_doc_family_certificate_010_inst_00_tampered_v3_erasure_inpainting,doc_family_certificate_010_inst_00,doc_family_certificate_010,certificate,synthetic_docforensics,1,MIT,1,erasure_inpainting,data\train\images\synthetic_doc_family_certificate_010_inst_00_tampered_v3_erasure_inpainting.png,data\train\masks\synthetic_doc_family_certificate_010_inst_00_tampered_v3_erasure_inpainting.png,950,700,15181,0.022828571428571427,train
synthetic_doc_family_certificate_011_inst_00_authentic,doc_family_certificate_011_inst_00,doc_family_certificate_011,certificate,synthetic_docforensics,1,MIT,0,none,data\val\images\synthetic_doc_family_certificate_011_inst_00_authentic.png,data\val\masks\synthetic_doc_family_certificate_011_inst_00_authentic.png,950,700,0,0.0,val
synthetic_doc_family_certificate_011_inst_00_tampered_v1_copy_move,doc_family_certificate_011_inst_00,doc_family_certificate_011,certificate,synthetic_docforensics,1,MIT,1,copy_move,data\val\images\synthetic_doc_family_certificate_011_inst_00_tampered_v1_copy_move.png,data\val\masks\synthetic_doc_family_certificate_011_inst_00_tampered_v1_copy_move.png,950,700,10070,0.015142857142857144,val
synthetic_doc_family_certificate_011_inst_00_tampered_v2_splicing,doc_family_certificate_011_inst_00,doc_family_certificate_011,certificate,synthetic_docforensics,1,MIT,1,splicing,data\val\images\synthetic_doc_family_certificate_011_inst_00_tampered_v2_splicing.png,data\val\masks\synthetic_doc_family_certificate_011_inst_00_tampered_v2_splicing.png,950,700,3990,0.006,val
synthetic_doc_family_certificate_011_inst_00_tampered_v3_erasure_inpainting,doc_family_certificate_011_inst_00,doc_family_certificate_011,certificate,synthetic_docforensics,1,MIT,1,erasure_inpainting,data\val\images\synthetic_doc_family_certificate_011_inst_00_tampered_v3_erasure_inpainting.png,data\val\masks\synthetic_doc_family_certificate_011_inst_00_tampered_v3_erasure_inpainting.png,950,700,8568,0.01288421052631579,val
synthetic_doc_family_certificate_012_inst_00_authentic,doc_family_certificate_012_inst_00,doc_family_certificate_012,certificate,synthetic_docforensics,1,MIT,0,none,data\train\images\synthetic_doc_family_certificate_012_inst_00_authentic.png,data\train\masks\synthetic_doc_family_certificate_012_inst_00_authentic.png,950,700,0,0.0,train
synthetic_doc_family_certificate_012_inst_00_tampered_v1_copy_move,doc_family_certificate_012_inst_00,doc_family_certificate_012,certificate,synthetic_docforensics,1,MIT,1,copy_move,data\train\images\synthetic_doc_family_certificate_012_inst_00_tampered_v1_copy_move.png,data\train\masks\synthetic_doc_family_certificate_012_inst_00_tampered_v1_copy_move.png,950,700,16680,0.025082706766917293,train
synthetic_doc_family_certificate_012_inst_00_tampered_v2_splicing,doc_family_certificate_012_inst_00,doc_family_certificate_012,certificate,synthetic_docforensics,1,MIT,1,splicing,data\train\images\synthetic_doc_family_certificate_012_inst_00_tampered_v2_splicing.png,data\train\masks\synthetic_doc_family_certificate_012_inst_00_tampered_v2_splicing.png,950,700,3650,0.005488721804511278,train
synthetic_doc_family_certificate_012_inst_00_tampered_v3_erasure_inpainting,doc_family_certificate_012_inst_00,doc_family_certificate_012,certificate,synthetic_docforensics,1,MIT,1,erasure_inpainting,data\train\images\synthetic_doc_family_certificate_012_inst_00_tampered_v3_erasure_inpainting.png,data\train\masks\synthetic_doc_family_certificate_012_inst_00_tampered_v3_erasure_inpainting.png,950,700,7500,0.011278195488721804,train
synthetic_doc_family_certificate_013_inst_00_authentic,doc_family_certificate_013_inst_00,doc_family_certificate_013,certificate,synthetic_docforensics,1,MIT,0,none,data\train\images\synthetic_doc_family_certificate_013_inst_00_authentic.png,data\train\masks\synthetic_doc_family_certificate_013_inst_00_authentic.png,950,700,0,0.0,train
synthetic_doc_family_certificate_013_inst_00_tampered_v1_copy_move,doc_family_certificate_013_inst_00,doc_family_certificate_013,certificate,synthetic_docforensics,1,MIT,1,copy_move,data\train\images\synthetic_doc_family_certificate_013_inst_00_tampered_v1_copy_move.png,data\train\masks\synthetic_doc_family_certificate_013_inst_00_tampered_v1_copy_move.png,950,700,10797,0.01623609022556391,train
synthetic_doc_family_certificate_013_inst_00_tampered_v2_splicing,doc_family_certificate_013_inst_00,doc_family_certificate_013,certificate,synthetic_docforensics,1,MIT,1,splicing,data\train\images\synthetic_doc_family_certificate_013_inst_00_tampered_v2_splicing.png,data\train\masks\synthetic_doc_family_certificate_013_inst_00_tampered_v2_splicing.png,950,700,3998,0.00601203007518797,train
synthetic_doc_family_certificate_013_inst_00_tampered_v3_erasure_inpainting,doc_family_certificate_013_inst_00,doc_family_certificate_013,certificate,synthetic_docforensics,1,MIT,1,erasure_inpainting,data\train\images\synthetic_doc_family_certificate_013_inst_00_tampered_v3_erasure_inpainting.png,data\train\masks\synthetic_doc_family_certificate_013_inst_00_tampered_v3_erasure_inpainting.png,950,700,11480,0.01726315789473684,train
synthetic_doc_family_certificate_014_inst_00_authentic,doc_family_certificate_014_inst_00,doc_family_certificate_014,certificate,synthetic_docforensics,1,MIT,0,none,data\train\images\synthetic_doc_family_certificate_014_inst_00_authentic.png,data\train\masks\synthetic_doc_family_certificate_014_inst_00_authentic.png,950,700,0,0.0,train
synthetic_doc_family_certificate_014_inst_00_tampered_v1_copy_move,doc_family_certificate_014_inst_00,doc_family_certificate_014,certificate,synthetic_docforensics,1,MIT,1,copy_move,data\train\images\synthetic_doc_family_certificate_014_inst_00_tampered_v1_copy_move.png,data\train\masks\synthetic_doc_family_certificate_014_inst_00_tampered_v1_copy_move.png,950,700,7130,0.010721804511278195,train
synthetic_doc_family_certificate_014_inst_00_tampered_v2_splicing,doc_family_certificate_014_inst_00,doc_family_certificate_014,certificate,synthetic_docforensics,1,MIT,1,splicing,data\train\images\synthetic_doc_family_certificate_014_inst_00_tampered_v2_splicing.png,data\train\masks\synthetic_doc_family_certificate_014_inst_00_tampered_v2_splicing.png,950,700,2562,0.0038526315789473684,train
synthetic_doc_family_certificate_014_inst_00_tampered_v3_erasure_inpainting,doc_family_certificate_014_inst_00,doc_family_certificate_014,certificate,synthetic_docforensics,1,MIT,1,erasure_inpainting,data\train\images\synthetic_doc_family_certificate_014_inst_00_tampered_v3_erasure_inpainting.png,data\train\masks\synthetic_doc_family_certificate_014_inst_00_tampered_v3_erasure_inpainting.png,950,700,7990,0.012015037593984963,train
synthetic_doc_family_certificate_015_inst_00_authentic,doc_family_certificate_015_inst_00,doc_family_certificate_015,certificate,synthetic_docforensics,1,MIT,0,none,data\train\images\synthetic_doc_family_certificate_015_inst_00_authentic.png,data\train\masks\synthetic_doc_family_certificate_015_inst_00_authentic.png,950,700,0,0.0,train
synthetic_doc_family_certificate_015_inst_00_tampered_v1_copy_move,doc_family_certificate_015_inst_00,doc_family_certificate_015,certificate,synthetic_docforensics,1,MIT,1,copy_move,data\train\images\synthetic_doc_family_certificate_015_inst_00_tampered_v1_copy_move.png,data\train\masks\synthetic_doc_family_certificate_015_inst_00_tampered_v1_copy_move.png,950,700,13824,0.02078796992481203,train
synthetic_doc_family_certificate_015_inst_00_tampered_v2_splicing,doc_family_certificate_015_inst_00,doc_family_certificate_015,certificate,synthetic_docforensics,1,MIT,1,splicing,data\train\images\synthetic_doc_family_certificate_015_inst_00_tampered_v2_splicing.png,data\train\masks\synthetic_doc_family_certificate_015_inst_00_tampered_v2_splicing.png,950,700,4054,0.006096240601503759,train
synthetic_doc_family_certificate_015_inst_00_tampered_v3_erasure_inpainting,doc_family_certificate_015_inst_00,doc_family_certificate_015,certificate,synthetic_docforensics,1,MIT,1,erasure_inpainting,data\train\images\synthetic_doc_family_certificate_015_inst_00_tampered_v3_erasure_inpainting.png,data\train\masks\synthetic_doc_family_certificate_015_inst_00_tampered_v3_erasure_inpainting.png,950,700,5848,0.008793984962406015,train
synthetic_doc_family_certificate_016_inst_00_authentic,doc_family_certificate_016_inst_00,doc_family_certificate_016,certificate,synthetic_docforensics,1,MIT,0,none,data\test\images\synthetic_doc_family_certificate_016_inst_00_authentic.png,data\test\masks\synthetic_doc_family_certificate_016_inst_00_authentic.png,950,700,0,0.0,test
synthetic_doc_family_certificate_016_inst_00_tampered_v1_copy_move,doc_family_certificate_016_inst_00,doc_family_certificate_016,certificate,synthetic_docforensics,1,MIT,1,copy_move,data\test\images\synthetic_doc_family_certificate_016_inst_00_tampered_v1_copy_move.png,data\test\masks\synthetic_doc_family_certificate_016_inst_00_tampered_v1_copy_move.png,950,700,10920,0.016421052631578947,test
synthetic_doc_family_certificate_016_inst_00_tampered_v2_splicing,doc_family_certificate_016_inst_00,doc_family_certificate_016,certificate,synthetic_docforensics,1,MIT,1,splicing,data\test\images\synthetic_doc_family_certificate_016_inst_00_tampered_v2_splicing.png,data\test\masks\synthetic_doc_family_certificate_016_inst_00_tampered_v2_splicing.png,950,700,2869,0.004314285714285714,test
synthetic_doc_family_certificate_016_inst_00_tampered_v3_erasure_inpainting,doc_family_certificate_016_inst_00,doc_family_certificate_016,certificate,synthetic_docforensics,1,MIT,1,erasure_inpainting,data\test\images\synthetic_doc_family_certificate_016_inst_00_tampered_v3_erasure_inpainting.png,data\test\masks\synthetic_doc_family_certificate_016_inst_00_tampered_v3_erasure_inpainting.png,950,700,9405,0.014142857142857143,test
synthetic_doc_family_certificate_017_inst_00_authentic,doc_family_certificate_017_inst_00,doc_family_certificate_017,certificate,synthetic_docforensics,1,MIT,0,none,data\train\images\synthetic_doc_family_certificate_017_inst_00_authentic.png,data\train\masks\synthetic_doc_family_certificate_017_inst_00_authentic.png,950,700,0,0.0,train
synthetic_doc_family_certificate_017_inst_00_tampered_v1_copy_move,doc_family_certificate_017_inst_00,doc_family_certificate_017,certificate,synthetic_docforensics,1,MIT,1,copy_move,data\train\images\synthetic_doc_family_certificate_017_inst_00_tampered_v1_copy_move.png,data\train\masks\synthetic_doc_family_certificate_017_inst_00_tampered_v1_copy_move.png,950,700,7605,0.011436090225563909,train
synthetic_doc_family_certificate_017_inst_00_tampered_v2_splicing,doc_family_certificate_017_inst_00,doc_family_certificate_017,certificate,synthetic_docforensics,1,MIT,1,splicing,data\train\images\synthetic_doc_family_certificate_017_inst_00_tampered_v2_splicing.png,data\train\masks\synthetic_doc_family_certificate_017_inst_00_tampered_v2_splicing.png,950,700,3284,0.004938345864661654,train
synthetic_doc_family_certificate_017_inst_00_tampered_v3_erasure_inpainting,doc_family_certificate_017_inst_00,doc_family_certificate_017,certificate,synthetic_docforensics,1,MIT,1,erasure_inpainting,data\train\images\synthetic_doc_family_certificate_017_inst_00_tampered_v3_erasure_inpainting.png,data\train\masks\synthetic_doc_family_certificate_017_inst_00_tampered_v3_erasure_inpainting.png,950,700,7488,0.01126015037593985,train
synthetic_doc_family_certificate_018_inst_00_authentic,doc_family_certificate_018_inst_00,doc_family_certificate_018,certificate,synthetic_docforensics,1,MIT,0,none,data\train\images\synthetic_doc_family_certificate_018_inst_00_authentic.png,data\train\masks\synthetic_doc_family_certificate_018_inst_00_authentic.png,950,700,0,0.0,train
synthetic_doc_family_certificate_018_inst_00_tampered_v1_copy_move,doc_family_certificate_018_inst_00,doc_family_certificate_018,certificate,synthetic_docforensics,1,MIT,1,copy_move,data\train\images\synthetic_doc_family_certificate_018_inst_00_tampered_v1_copy_move.png,data\train\masks\synthetic_doc_family_certificate_018_inst_00_tampered_v1_copy_move.png,950,700,6882,0.010348872180451128,train
synthetic_doc_family_certificate_018_inst_00_tampered_v2_splicing,doc_family_certificate_018_inst_00,doc_family_certificate_018,certificate,synthetic_docforensics,1,MIT,1,splicing,data\train\images\synthetic_doc_family_certificate_018_inst_00_tampered_v2_splicing.png,data\train\masks\synthetic_doc_family_certificate_018_inst_00_tampered_v2_splicing.png,950,700,2224,0.003344360902255639,train
synthetic_doc_family_certificate_018_inst_00_tampered_v3_erasure_inpainting,doc_family_certificate_018_inst_00,doc_family_certificate_018,certificate,synthetic_docforensics,1,MIT,1,erasure_inpainting,data\train\images\synthetic_doc_family_certificate_018_inst_00_tampered_v3_erasure_inpainting.png,data\train\masks\synthetic_doc_family_certificate_018_inst_00_tampered_v3_erasure_inpainting.png,950,700,6468,0.009726315789473684,train
synthetic_doc_family_certificate_019_inst_00_authentic,doc_family_certificate_019_inst_00,doc_family_certificate_019,certificate,synthetic_docforensics,1,MIT,0,none,data\train\images\synthetic_doc_family_certificate_019_inst_00_authentic.png,data\train\masks\synthetic_doc_family_certificate_019_inst_00_authentic.png,950,700,0,0.0,train
synthetic_doc_family_certificate_019_inst_00_tampered_v1_copy_move,doc_family_certificate_019_inst_00,doc_family_certificate_019,certificate,synthetic_docforensics,1,MIT,1,copy_move,data\train\images\synthetic_doc_family_certificate_019_inst_00_tampered_v1_copy_move.png,data\train\masks\synthetic_doc_family_certificate_019_inst_00_tampered_v1_copy_move.png,950,700,8400,0.01263157894736842,train
synthetic_doc_family_certificate_019_inst_00_tampered_v2_splicing,doc_family_certificate_019_inst_00,doc_family_certificate_019,certificate,synthetic_docforensics,1,MIT,1,splicing,data\train\images\synthetic_doc_family_certificate_019_inst_00_tampered_v2_splicing.png,data\train\masks\synthetic_doc_family_certificate_019_inst_00_tampered_v2_splicing.png,950,700,2554,0.0038406015037593987,train
synthetic_doc_family_certificate_019_inst_00_tampered_v3_erasure_inpainting,doc_family_certificate_019_inst_00,doc_family_certificate_019,certificate,synthetic_docforensics,1,MIT,1,erasure_inpainting,data\train\images\synthetic_doc_family_certificate_019_inst_00_tampered_v3_erasure_inpainting.png,data\train\masks\synthetic_doc_family_certificate_019_inst_00_tampered_v3_erasure_inpainting.png,950,700,6902,0.010378947368421052,train
synthetic_doc_family_certificate_020_inst_00_authentic,doc_family_certificate_020_inst_00,doc_family_certificate_020,certificate,synthetic_docforensics,1,MIT,0,none,data\train\images\synthetic_doc_family_certificate_020_inst_00_authentic.png,data\train\masks\synthetic_doc_family_certificate_020_inst_00_authentic.png,950,700,0,0.0,train
synthetic_doc_family_certificate_020_inst_00_tampered_v1_copy_move,doc_family_certificate_020_inst_00,doc_family_certificate_020,certificate,synthetic_docforensics,1,MIT,1,copy_move,data\train\images\synthetic_doc_family_certificate_020_inst_00_tampered_v1_copy_move.png,data\train\masks\synthetic_doc_family_certificate_020_inst_00_tampered_v1_copy_move.png,950,700,8131,0.012227067669172932,train
synthetic_doc_family_certificate_020_inst_00_tampered_v2_splicing,doc_family_certificate_020_inst_00,doc_family_certificate_020,certificate,synthetic_docforensics,1,MIT,1,splicing,data\train\images\synthetic_doc_family_certificate_020_inst_00_tampered_v2_splicing.png,data\train\masks\synthetic_doc_family_certificate_020_inst_00_tampered_v2_splicing.png,950,700,4339,0.006524812030075188,train
synthetic_doc_family_certificate_020_inst_00_tampered_v3_erasure_inpainting,doc_family_certificate_020_inst_00,doc_family_certificate_020,certificate,synthetic_docforensics,1,MIT,1,erasure_inpainting,data\train\images\synthetic_doc_family_certificate_020_inst_00_tampered_v3_erasure_inpainting.png,data\train\masks\synthetic_doc_family_certificate_020_inst_00_tampered_v3_erasure_inpainting.png,950,700,14904,0.02241203007518797,train
synthetic_doc_family_certificate_021_inst_00_authentic,doc_family_certificate_021_inst_00,doc_family_certificate_021,certificate,synthetic_docforensics,1,MIT,0,none,data\train\images\synthetic_doc_family_certificate_021_inst_00_authentic.png,data\train\masks\synthetic_doc_family_certificate_021_inst_00_authentic.png,950,700,0,0.0,train
synthetic_doc_family_certificate_021_inst_00_tampered_v1_copy_move,doc_family_certificate_021_inst_00,doc_family_certificate_021,certificate,synthetic_docforensics,1,MIT,1,copy_move,data\train\images\synthetic_doc_family_certificate_021_inst_00_tampered_v1_copy_move.png,data\train\masks\synthetic_doc_family_certificate_021_inst_00_tampered_v1_copy_move.png,950,700,8792,0.013221052631578948,train
synthetic_doc_family_certificate_021_inst_00_tampered_v2_splicing,doc_family_certificate_021_inst_00,doc_family_certificate_021,certificate,synthetic_docforensics,1,MIT,1,splicing,data\train\images\synthetic_doc_family_certificate_021_inst_00_tampered_v2_splicing.png,data\train\masks\synthetic_doc_family_certificate_021_inst_00_tampered_v2_splicing.png,950,700,4446,0.006685714285714285,train
synthetic_doc_family_certificate_021_inst_00_tampered_v3_erasure_inpainting,doc_family_certificate_021_inst_00,doc_family_certificate_021,certificate,synthetic_docforensics,1,MIT,1,erasure_inpainting,data\train\images\synthetic_doc_family_certificate_021_inst_00_tampered_v3_erasure_inpainting.png,data\train\masks\synthetic_doc_family_certificate_021_inst_00_tampered_v3_erasure_inpainting.png,950,700,8268,0.012433082706766917,train
synthetic_doc_family_certificate_022_inst_00_authentic,doc_family_certificate_022_inst_00,doc_family_certificate_022,certificate,synthetic_docforensics,1,MIT,0,none,data\train\images\synthetic_doc_family_certificate_022_inst_00_authentic.png,data\train\masks\synthetic_doc_family_certificate_022_inst_00_authentic.png,950,700,0,0.0,train
synthetic_doc_family_certificate_022_inst_00_tampered_v1_copy_move,doc_family_certificate_022_inst_00,doc_family_certificate_022,certificate,synthetic_docforensics,1,MIT,1,copy_move,data\train\images\synthetic_doc_family_certificate_022_inst_00_tampered_v1_copy_move.png,data\train\masks\synthetic_doc_family_certificate_022_inst_00_tampered_v1_copy_move.png,950,700,15340,0.02306766917293233,train
synthetic_doc_family_certificate_022_inst_00_tampered_v2_splicing,doc_family_certificate_022_inst_00,doc_family_certificate_022,certificate,synthetic_docforensics,1,MIT,1,splicing,data\train\images\synthetic_doc_family_certificate_022_inst_00_tampered_v2_splicing.png,data\train\masks\synthetic_doc_family_certificate_022_inst_00_tampered_v2_splicing.png,950,700,3172,0.004769924812030075,train
synthetic_doc_family_certificate_022_inst_00_tampered_v3_erasure_inpainting,doc_family_certificate_022_inst_00,doc_family_certificate_022,certificate,synthetic_docforensics,1,MIT,1,erasure_inpainting,data\train\images\synthetic_doc_family_certificate_022_inst_00_tampered_v3_erasure_inpainting.png,data\train\masks\synthetic_doc_family_certificate_022_inst_00_tampered_v3_erasure_inpainting.png,950,700,6747,0.010145864661654135,train
synthetic_doc_family_certificate_023_inst_00_authentic,doc_family_certificate_023_inst_00,doc_family_certificate_023,certificate,synthetic_docforensics,1,MIT,0,none,data\train\images\synthetic_doc_family_certificate_023_inst_00_authentic.png,data\train\masks\synthetic_doc_family_certificate_023_inst_00_authentic.png,950,700,0,0.0,train
synthetic_doc_family_certificate_023_inst_00_tampered_v1_copy_move,doc_family_certificate_023_inst_00,doc_family_certificate_023,certificate,synthetic_docforensics,1,MIT,1,copy_move,data\train\images\synthetic_doc_family_certificate_023_inst_00_tampered_v1_copy_move.png,data\train\masks\synthetic_doc_family_certificate_023_inst_00_tampered_v1_copy_move.png,950,700,7344,0.01104360902255639,train
synthetic_doc_family_certificate_023_inst_00_tampered_v2_splicing,doc_family_certificate_023_inst_00,doc_family_certificate_023,certificate,synthetic_docforensics,1,MIT,1,splicing,data\train\images\synthetic_doc_family_certificate_023_inst_00_tampered_v2_splicing.png,data\train\masks\synthetic_doc_family_certificate_023_inst_00_tampered_v2_splicing.png,950,700,1998,0.003004511278195489,train
synthetic_doc_family_certificate_023_inst_00_tampered_v3_erasure_inpainting,doc_family_certificate_023_inst_00,doc_family_certificate_023,certificate,synthetic_docforensics,1,MIT,1,erasure_inpainting,data\train\images\synthetic_doc_family_certificate_023_inst_00_tampered_v3_erasure_inpainting.png,data\train\masks\synthetic_doc_family_certificate_023_inst_00_tampered_v3_erasure_inpainting.png,950,700,6780,0.010195488721804511,train
synthetic_doc_family_certificate_024_inst_00_authentic,doc_family_certificate_024_inst_00,doc_family_certificate_024,certificate,synthetic_docforensics,1,MIT,0,none,data\train\images\synthetic_doc_family_certificate_024_inst_00_authentic.png,data\train\masks\synthetic_doc_family_certificate_024_inst_00_authentic.png,950,700,0,0.0,train
synthetic_doc_family_certificate_024_inst_00_tampered_v1_copy_move,doc_family_certificate_024_inst_00,doc_family_certificate_024,certificate,synthetic_docforensics,1,MIT,1,copy_move,data\train\images\synthetic_doc_family_certificate_024_inst_00_tampered_v1_copy_move.png,data\train\masks\synthetic_doc_family_certificate_024_inst_00_tampered_v1_copy_move.png,950,700,15158,0.022793984962406016,train
synthetic_doc_family_certificate_024_inst_00_tampered_v2_splicing,doc_family_certificate_024_inst_00,doc_family_certificate_024,certificate,synthetic_docforensics,1,MIT,1,splicing,data\train\images\synthetic_doc_family_certificate_024_inst_00_tampered_v2_splicing.png,data\train\masks\synthetic_doc_family_certificate_024_inst_00_tampered_v2_splicing.png,950,700,2801,0.00421203007518797,train
synthetic_doc_family_certificate_024_inst_00_tampered_v3_erasure_inpainting,doc_family_certificate_024_inst_00,doc_family_certificate_024,certificate,synthetic_docforensics,1,MIT,1,erasure_inpainting,data\train\images\synthetic_doc_family_certificate_024_inst_00_tampered_v3_erasure_inpainting.png,data\train\masks\synthetic_doc_family_certificate_024_inst_00_tampered_v3_erasure_inpainting.png,950,700,5733,0.008621052631578948,train
synthetic_doc_family_certificate_025_inst_00_authentic,doc_family_certificate_025_inst_00,doc_family_certificate_025,certificate,synthetic_docforensics,1,MIT,0,none,data\test\images\synthetic_doc_family_certificate_025_inst_00_authentic.png,data\test\masks\synthetic_doc_family_certificate_025_inst_00_authentic.png,950,700,0,0.0,test
synthetic_doc_family_certificate_025_inst_00_tampered_v1_copy_move,doc_family_certificate_025_inst_00,doc_family_certificate_025,certificate,synthetic_docforensics,1,MIT,1,copy_move,data\test\images\synthetic_doc_family_certificate_025_inst_00_tampered_v1_copy_move.png,data\test\masks\synthetic_doc_family_certificate_025_inst_00_tampered_v1_copy_move.png,950,700,7203,0.010831578947368421,test
synthetic_doc_family_certificate_025_inst_00_tampered_v2_splicing,doc_family_certificate_025_inst_00,doc_family_certificate_025,certificate,synthetic_docforensics,1,MIT,1,splicing,data\test\images\synthetic_doc_family_certificate_025_inst_00_tampered_v2_splicing.png,data\test\masks\synthetic_doc_family_certificate_025_inst_00_tampered_v2_splicing.png,950,700,3714,0.005584962406015037,test
synthetic_doc_family_certificate_025_inst_00_tampered_v3_erasure_inpainting,doc_family_certificate_025_inst_00,doc_family_certificate_025,certificate,synthetic_docforensics,1,MIT,1,erasure_inpainting,data\test\images\synthetic_doc_family_certificate_025_inst_00_tampered_v3_erasure_inpainting.png,data\test\masks\synthetic_doc_family_certificate_025_inst_00_tampered_v3_erasure_inpainting.png,950,700,5772,0.008679699248120301,test
synthetic_doc_family_certificate_026_inst_00_authentic,doc_family_certificate_026_inst_00,doc_family_certificate_026,certificate,synthetic_docforensics,1,MIT,0,none,data\train\images\synthetic_doc_family_certificate_026_inst_00_authentic.png,data\train\masks\synthetic_doc_family_certificate_026_inst_00_authentic.png,950,700,0,0.0,train
synthetic_doc_family_certificate_026_inst_00_tampered_v1_copy_move,doc_family_certificate_026_inst_00,doc_family_certificate_026,certificate,synthetic_docforensics,1,MIT,1,copy_move,data\train\images\synthetic_doc_family_certificate_026_inst_00_tampered_v1_copy_move.png,data\train\masks\synthetic_doc_family_certificate_026_inst_00_tampered_v1_copy_move.png,950,700,14456,0.021738345864661654,train
synthetic_doc_family_certificate_026_inst_00_tampered_v2_splicing,doc_family_certificate_026_inst_00,doc_family_certificate_026,certificate,synthetic_docforensics,1,MIT,1,splicing,data\train\images\synthetic_doc_family_certificate_026_inst_00_tampered_v2_splicing.png,data\train\masks\synthetic_doc_family_certificate_026_inst_00_tampered_v2_splicing.png,950,700,2046,0.0030766917293233082,train
synthetic_doc_family_certificate_026_inst_00_tampered_v3_erasure_inpainting,doc_family_certificate_026_inst_00,doc_family_certificate_026,certificate,synthetic_docforensics,1,MIT,1,erasure_inpainting,data\train\images\synthetic_doc_family_certificate_026_inst_00_tampered_v3_erasure_inpainting.png,data\train\masks\synthetic_doc_family_certificate_026_inst_00_tampered_v3_erasure_inpainting.png,950,700,12040,0.018105263157894735,train
synthetic_doc_family_certificate_027_inst_00_authentic,doc_family_certificate_027_inst_00,doc_family_certificate_027,certificate,synthetic_docforensics,1,MIT,0,none,data\train\images\synthetic_doc_family_certificate_027_inst_00_authentic.png,data\train\masks\synthetic_doc_family_certificate_027_inst_00_authentic.png,950,700,0,0.0,train
synthetic_doc_family_certificate_027_inst_00_tampered_v1_copy_move,doc_family_certificate_027_inst_00,doc_family_certificate_027,certificate,synthetic_docforensics,1,MIT,1,copy_move,data\train\images\synthetic_doc_family_certificate_027_inst_00_tampered_v1_copy_move.png,data\train\masks\synthetic_doc_family_certificate_027_inst_00_tampered_v1_copy_move.png,950,700,16269,0.02446466165413534,train
synthetic_doc_family_certificate_027_inst_00_tampered_v2_splicing,doc_family_certificate_027_inst_00,doc_family_certificate_027,certificate,synthetic_docforensics,1,MIT,1,splicing,data\train\images\synthetic_doc_family_certificate_027_inst_00_tampered_v2_splicing.png,data\train\masks\synthetic_doc_family_certificate_027_inst_00_tampered_v2_splicing.png,950,700,4490,0.00675187969924812,train
synthetic_doc_family_certificate_027_inst_00_tampered_v3_erasure_inpainting,doc_family_certificate_027_inst_00,doc_family_certificate_027,certificate,synthetic_docforensics,1,MIT,1,erasure_inpainting,data\train\images\synthetic_doc_family_certificate_027_inst_00_tampered_v3_erasure_inpainting.png,data\train\masks\synthetic_doc_family_certificate_027_inst_00_tampered_v3_erasure_inpainting.png,950,700,7462,0.011221052631578948,train
synthetic_doc_family_certificate_028_inst_00_authentic,doc_family_certificate_028_inst_00,doc_family_certificate_028,certificate,synthetic_docforensics,1,MIT,0,none,data\test\images\synthetic_doc_family_certificate_028_inst_00_authentic.png,data\test\masks\synthetic_doc_family_certificate_028_inst_00_authentic.png,950,700,0,0.0,test
synthetic_doc_family_certificate_028_inst_00_tampered_v1_copy_move,doc_family_certificate_028_inst_00,doc_family_certificate_028,certificate,synthetic_docforensics,1,MIT,1,copy_move,data\test\images\synthetic_doc_family_certificate_028_inst_00_tampered_v1_copy_move.png,data\test\masks\synthetic_doc_family_certificate_028_inst_00_tampered_v1_copy_move.png,950,700,15447,0.02322857142857143,test
synthetic_doc_family_certificate_028_inst_00_tampered_v2_splicing,doc_family_certificate_028_inst_00,doc_family_certificate_028,certificate,synthetic_docforensics,1,MIT,1,splicing,data\test\images\synthetic_doc_family_certificate_028_inst_00_tampered_v2_splicing.png,data\test\masks\synthetic_doc_family_certificate_028_inst_00_tampered_v2_splicing.png,950,700,3176,0.00477593984962406,test
synthetic_doc_family_certificate_028_inst_00_tampered_v3_erasure_inpainting,doc_family_certificate_028_inst_00,doc_family_certificate_028,certificate,synthetic_docforensics,1,MIT,1,erasure_inpainting,data\test\images\synthetic_doc_family_certificate_028_inst_00_tampered_v3_erasure_inpainting.png,data\test\masks\synthetic_doc_family_certificate_028_inst_00_tampered_v3_erasure_inpainting.png,950,700,7308,0.010989473684210526,test
synthetic_doc_family_certificate_029_inst_00_authentic,doc_family_certificate_029_inst_00,doc_family_certificate_029,certificate,synthetic_docforensics,1,MIT,0,none,data\val\images\synthetic_doc_family_certificate_029_inst_00_authentic.png,data\val\masks\synthetic_doc_family_certificate_029_inst_00_authentic.png,950,700,0,0.0,val
synthetic_doc_family_certificate_029_inst_00_tampered_v1_copy_move,doc_family_certificate_029_inst_00,doc_family_certificate_029,certificate,synthetic_docforensics,1,MIT,1,copy_move,data\val\images\synthetic_doc_family_certificate_029_inst_00_tampered_v1_copy_move.png,data\val\masks\synthetic_doc_family_certificate_029_inst_00_tampered_v1_copy_move.png,950,700,5670,0.008526315789473684,val
synthetic_doc_family_certificate_029_inst_00_tampered_v2_splicing,doc_family_certificate_029_inst_00,doc_family_certificate_029,certificate,synthetic_docforensics,1,MIT,1,splicing,data\val\images\synthetic_doc_family_certificate_029_inst_00_tampered_v2_splicing.png,data\val\masks\synthetic_doc_family_certificate_029_inst_00_tampered_v2_splicing.png,950,700,2252,0.003386466165413534,val
synthetic_doc_family_certificate_029_inst_00_tampered_v3_erasure_inpainting,doc_family_certificate_029_inst_00,doc_family_certificate_029,certificate,synthetic_docforensics,1,MIT,1,erasure_inpainting,data\val\images\synthetic_doc_family_certificate_029_inst_00_tampered_v3_erasure_inpainting.png,data\val\masks\synthetic_doc_family_certificate_029_inst_00_tampered_v3_erasure_inpainting.png,950,700,11760,0.01768421052631579,val
synthetic_doc_family_certificate_030_inst_00_authentic,doc_family_certificate_030_inst_00,doc_family_certificate_030,certificate,synthetic_docforensics,1,MIT,0,none,data\train\images\synthetic_doc_family_certificate_030_inst_00_authentic.png,data\train\masks\synthetic_doc_family_certificate_030_inst_00_authentic.png,950,700,0,0.0,train
synthetic_doc_family_certificate_030_inst_00_tampered_v1_copy_move,doc_family_certificate_030_inst_00,doc_family_certificate_030,certificate,synthetic_docforensics,1,MIT,1,copy_move,data\train\images\synthetic_doc_family_certificate_030_inst_00_tampered_v1_copy_move.png,data\train\masks\synthetic_doc_family_certificate_030_inst_00_tampered_v1_copy_move.png,950,700,12096,0.018189473684210526,train
synthetic_doc_family_certificate_030_inst_00_tampered_v2_splicing,doc_family_certificate_030_inst_00,doc_family_certificate_030,certificate,synthetic_docforensics,1,MIT,1,splicing,data\train\images\synthetic_doc_family_certificate_030_inst_00_tampered_v2_splicing.png,data\train\masks\synthetic_doc_family_certificate_030_inst_00_tampered_v2_splicing.png,950,700,3702,0.005566917293233083,train
synthetic_doc_family_certificate_030_inst_00_tampered_v3_erasure_inpainting,doc_family_certificate_030_inst_00,doc_family_certificate_030,certificate,synthetic_docforensics,1,MIT,1,erasure_inpainting,data\train\images\synthetic_doc_family_certificate_030_inst_00_tampered_v3_erasure_inpainting.png,data\train\masks\synthetic_doc_family_certificate_030_inst_00_tampered_v3_erasure_inpainting.png,950,700,7209,0.010840601503759399,train
synthetic_doc_family_contract_001_inst_00_authentic,doc_family_contract_001_inst_00,doc_family_contract_001,contract,synthetic_docforensics,1,MIT,0,none,data\train\images\synthetic_doc_family_contract_001_inst_00_authentic.png,data\train\masks\synthetic_doc_family_contract_001_inst_00_authentic.png,800,1050,0,0.0,train
synthetic_doc_family_contract_001_inst_00_tampered_v1_copy_move,doc_family_contract_001_inst_00,doc_family_contract_001,contract,synthetic_docforensics,1,MIT,1,copy_move,data\train\images\synthetic_doc_family_contract_001_inst_00_tampered_v1_copy_move.png,data\train\masks\synthetic_doc_family_contract_001_inst_00_tampered_v1_copy_move.png,800,1050,10974,0.013064285714285714,train
synthetic_doc_family_contract_001_inst_00_tampered_v2_splicing,doc_family_contract_001_inst_00,doc_family_contract_001,contract,synthetic_docforensics,1,MIT,1,splicing,data\train\images\synthetic_doc_family_contract_001_inst_00_tampered_v2_splicing.png,data\train\masks\synthetic_doc_family_contract_001_inst_00_tampered_v2_splicing.png,800,1050,2364,0.0028142857142857145,train
synthetic_doc_family_contract_001_inst_00_tampered_v3_erasure_inpainting,doc_family_contract_001_inst_00,doc_family_contract_001,contract,synthetic_docforensics,1,MIT,1,erasure_inpainting,data\train\images\synthetic_doc_family_contract_001_inst_00_tampered_v3_erasure_inpainting.png,data\train\masks\synthetic_doc_family_contract_001_inst_00_tampered_v3_erasure_inpainting.png,800,1050,12939,0.015403571428571428,train
synthetic_doc_family_contract_002_inst_00_authentic,doc_family_contract_002_inst_00,doc_family_contract_002,contract,synthetic_docforensics,1,MIT,0,none,data\val\images\synthetic_doc_family_contract_002_inst_00_authentic.png,data\val\masks\synthetic_doc_family_contract_002_inst_00_authentic.png,800,1050,0,0.0,val
synthetic_doc_family_contract_002_inst_00_tampered_v1_copy_move,doc_family_contract_002_inst_00,doc_family_contract_002,contract,synthetic_docforensics,1,MIT,1,copy_move,data\val\images\synthetic_doc_family_contract_002_inst_00_tampered_v1_copy_move.png,data\val\masks\synthetic_doc_family_contract_002_inst_00_tampered_v1_copy_move.png,800,1050,27244,0.032433333333333335,val
synthetic_doc_family_contract_002_inst_00_tampered_v2_splicing,doc_family_contract_002_inst_00,doc_family_contract_002,contract,synthetic_docforensics,1,MIT,1,splicing,data\val\images\synthetic_doc_family_contract_002_inst_00_tampered_v2_splicing.png,data\val\masks\synthetic_doc_family_contract_002_inst_00_tampered_v2_splicing.png,800,1050,4359,0.005189285714285714,val
synthetic_doc_family_contract_002_inst_00_tampered_v3_erasure_inpainting,doc_family_contract_002_inst_00,doc_family_contract_002,contract,synthetic_docforensics,1,MIT,1,erasure_inpainting,data\val\images\synthetic_doc_family_contract_002_inst_00_tampered_v3_erasure_inpainting.png,data\val\masks\synthetic_doc_family_contract_002_inst_00_tampered_v3_erasure_inpainting.png,800,1050,11618,0.013830952380952381,val
synthetic_doc_family_contract_003_inst_00_authentic,doc_family_contract_003_inst_00,doc_family_contract_003,contract,synthetic_docforensics,1,MIT,0,none,data\val\images\synthetic_doc_family_contract_003_inst_00_authentic.png,data\val\masks\synthetic_doc_family_contract_003_inst_00_authentic.png,800,1050,0,0.0,val
synthetic_doc_family_contract_003_inst_00_tampered_v1_copy_move,doc_family_contract_003_inst_00,doc_family_contract_003,contract,synthetic_docforensics,1,MIT,1,copy_move,data\val\images\synthetic_doc_family_contract_003_inst_00_tampered_v1_copy_move.png,data\val\masks\synthetic_doc_family_contract_003_inst_00_tampered_v1_copy_move.png,800,1050,8281,0.009858333333333334,val
synthetic_doc_family_contract_003_inst_00_tampered_v2_splicing,doc_family_contract_003_inst_00,doc_family_contract_003,contract,synthetic_docforensics,1,MIT,1,splicing,data\val\images\synthetic_doc_family_contract_003_inst_00_tampered_v2_splicing.png,data\val\masks\synthetic_doc_family_contract_003_inst_00_tampered_v2_splicing.png,800,1050,5355,0.006375,val
synthetic_doc_family_contract_003_inst_00_tampered_v3_erasure_inpainting,doc_family_contract_003_inst_00,doc_family_contract_003,contract,synthetic_docforensics,1,MIT,1,erasure_inpainting,data\val\images\synthetic_doc_family_contract_003_inst_00_tampered_v3_erasure_inpainting.png,data\val\masks\synthetic_doc_family_contract_003_inst_00_tampered_v3_erasure_inpainting.png,800,1050,12084,0.014385714285714286,val
synthetic_doc_family_contract_004_inst_00_authentic,doc_family_contract_004_inst_00,doc_family_contract_004,contract,synthetic_docforensics,1,MIT,0,none,data\train\images\synthetic_doc_family_contract_004_inst_00_authentic.png,data\train\masks\synthetic_doc_family_contract_004_inst_00_authentic.png,800,1050,0,0.0,train
synthetic_doc_family_contract_004_inst_00_tampered_v1_copy_move,doc_family_contract_004_inst_00,doc_family_contract_004,contract,synthetic_docforensics,1,MIT,1,copy_move,data\train\images\synthetic_doc_family_contract_004_inst_00_tampered_v1_copy_move.png,data\train\masks\synthetic_doc_family_contract_004_inst_00_tampered_v1_copy_move.png,800,1050,6720,0.008,train
synthetic_doc_family_contract_004_inst_00_tampered_v2_splicing,doc_family_contract_004_inst_00,doc_family_contract_004,contract,synthetic_docforensics,1,MIT,1,splicing,data\train\images\synthetic_doc_family_contract_004_inst_00_tampered_v2_splicing.png,data\train\masks\synthetic_doc_family_contract_004_inst_00_tampered_v2_splicing.png,800,1050,4546,0.005411904761904762,train
synthetic_doc_family_contract_004_inst_00_tampered_v3_erasure_inpainting,doc_family_contract_004_inst_00,doc_family_contract_004,contract,synthetic_docforensics,1,MIT,1,erasure_inpainting,data\train\images\synthetic_doc_family_contract_004_inst_00_tampered_v3_erasure_inpainting.png,data\train\masks\synthetic_doc_family_contract_004_inst_00_tampered_v3_erasure_inpainting.png,800,1050,10706,0.012745238095238096,train
synthetic_doc_family_contract_005_inst_00_authentic,doc_family_contract_005_inst_00,doc_family_contract_005,contract,synthetic_docforensics,1,MIT,0,none,data\val\images\synthetic_doc_family_contract_005_inst_00_authentic.png,data\val\masks\synthetic_doc_family_contract_005_inst_00_authentic.png,800,1050,0,0.0,val
synthetic_doc_family_contract_005_inst_00_tampered_v1_copy_move,doc_family_contract_005_inst_00,doc_family_contract_005,contract,synthetic_docforensics,1,MIT,1,copy_move,data\val\images\synthetic_doc_family_contract_005_inst_00_tampered_v1_copy_move.png,data\val\masks\synthetic_doc_family_contract_005_inst_00_tampered_v1_copy_move.png,800,1050,8976,0.010685714285714286,val
synthetic_doc_family_contract_005_inst_00_tampered_v2_splicing,doc_family_contract_005_inst_00,doc_family_contract_005,contract,synthetic_docforensics,1,MIT,1,splicing,data\val\images\synthetic_doc_family_contract_005_inst_00_tampered_v2_splicing.png,data\val\masks\synthetic_doc_family_contract_005_inst_00_tampered_v2_splicing.png,800,1050,4850,0.005773809523809524,val
synthetic_doc_family_contract_005_inst_00_tampered_v3_erasure_inpainting,doc_family_contract_005_inst_00,doc_family_contract_005,contract,synthetic_docforensics,1,MIT,1,erasure_inpainting,data\val\images\synthetic_doc_family_contract_005_inst_00_tampered_v3_erasure_inpainting.png,data\val\masks\synthetic_doc_family_contract_005_inst_00_tampered_v3_erasure_inpainting.png,800,1050,10682,0.012716666666666666,val
synthetic_doc_family_contract_006_inst_00_authentic,doc_family_contract_006_inst_00,doc_family_contract_006,contract,synthetic_docforensics,1,MIT,0,none,data\train\images\synthetic_doc_family_contract_006_inst_00_authentic.png,data\train\masks\synthetic_doc_family_contract_006_inst_00_authentic.png,800,1050,0,0.0,train
synthetic_doc_family_contract_006_inst_00_tampered_v1_copy_move,doc_family_contract_006_inst_00,doc_family_contract_006,contract,synthetic_docforensics,1,MIT,1,copy_move,data\train\images\synthetic_doc_family_contract_006_inst_00_tampered_v1_copy_move.png,data\train\masks\synthetic_doc_family_contract_006_inst_00_tampered_v1_copy_move.png,800,1050,24139,0.028736904761904762,train
synthetic_doc_family_contract_006_inst_00_tampered_v2_splicing,doc_family_contract_006_inst_00,doc_family_contract_006,contract,synthetic_docforensics,1,MIT,1,splicing,data\train\images\synthetic_doc_family_contract_006_inst_00_tampered_v2_splicing.png,data\train\masks\synthetic_doc_family_contract_006_inst_00_tampered_v2_splicing.png,800,1050,3970,0.004726190476190476,train
synthetic_doc_family_contract_006_inst_00_tampered_v3_erasure_inpainting,doc_family_contract_006_inst_00,doc_family_contract_006,contract,synthetic_docforensics,1,MIT,1,erasure_inpainting,data\train\images\synthetic_doc_family_contract_006_inst_00_tampered_v3_erasure_inpainting.png,data\train\masks\synthetic_doc_family_contract_006_inst_00_tampered_v3_erasure_inpainting.png,800,1050,8372,0.009966666666666667,train
synthetic_doc_family_contract_007_inst_00_authentic,doc_family_contract_007_inst_00,doc_family_contract_007,contract,synthetic_docforensics,1,MIT,0,none,data\train\images\synthetic_doc_family_contract_007_inst_00_authentic.png,data\train\masks\synthetic_doc_family_contract_007_inst_00_authentic.png,800,1050,0,0.0,train
synthetic_doc_family_contract_007_inst_00_tampered_v1_copy_move,doc_family_contract_007_inst_00,doc_family_contract_007,contract,synthetic_docforensics,1,MIT,1,copy_move,data\train\images\synthetic_doc_family_contract_007_inst_00_tampered_v1_copy_move.png,data\train\masks\synthetic_doc_family_contract_007_inst_00_tampered_v1_copy_move.png,800,1050,7728,0.0092,train
synthetic_doc_family_contract_007_inst_00_tampered_v2_splicing,doc_family_contract_007_inst_00,doc_family_contract_007,contract,synthetic_docforensics,1,MIT,1,splicing,data\train\images\synthetic_doc_family_contract_007_inst_00_tampered_v2_splicing.png,data\train\masks\synthetic_doc_family_contract_007_inst_00_tampered_v2_splicing.png,800,1050,4546,0.005411904761904762,train
synthetic_doc_family_contract_007_inst_00_tampered_v3_erasure_inpainting,doc_family_contract_007_inst_00,doc_family_contract_007,contract,synthetic_docforensics,1,MIT,1,erasure_inpainting,data\train\images\synthetic_doc_family_contract_007_inst_00_tampered_v3_erasure_inpainting.png,data\train\masks\synthetic_doc_family_contract_007_inst_00_tampered_v3_erasure_inpainting.png,800,1050,13797,0.016425,train
synthetic_doc_family_contract_008_inst_00_authentic,doc_family_contract_008_inst_00,doc_family_contract_008,contract,synthetic_docforensics,1,MIT,0,none,data\train\images\synthetic_doc_family_contract_008_inst_00_authentic.png,data\train\masks\synthetic_doc_family_contract_008_inst_00_authentic.png,800,1050,0,0.0,train
synthetic_doc_family_contract_008_inst_00_tampered_v1_copy_move,doc_family_contract_008_inst_00,doc_family_contract_008,contract,synthetic_docforensics,1,MIT,1,copy_move,data\train\images\synthetic_doc_family_contract_008_inst_00_tampered_v1_copy_move.png,data\train\masks\synthetic_doc_family_contract_008_inst_00_tampered_v1_copy_move.png,800,1050,25480,0.030333333333333334,train
synthetic_doc_family_contract_008_inst_00_tampered_v2_splicing,doc_family_contract_008_inst_00,doc_family_contract_008,contract,synthetic_docforensics,1,MIT,1,splicing,data\train\images\synthetic_doc_family_contract_008_inst_00_tampered_v2_splicing.png,data\train\masks\synthetic_doc_family_contract_008_inst_00_tampered_v2_splicing.png,800,1050,3076,0.003661904761904762,train
synthetic_doc_family_contract_008_inst_00_tampered_v3_erasure_inpainting,doc_family_contract_008_inst_00,doc_family_contract_008,contract,synthetic_docforensics,1,MIT,1,erasure_inpainting,data\train\images\synthetic_doc_family_contract_008_inst_00_tampered_v3_erasure_inpainting.png,data\train\masks\synthetic_doc_family_contract_008_inst_00_tampered_v3_erasure_inpainting.png,800,1050,7420,0.008833333333333334,train
synthetic_doc_family_contract_009_inst_00_authentic,doc_family_contract_009_inst_00,doc_family_contract_009,contract,synthetic_docforensics,1,MIT,0,none,data\test\images\synthetic_doc_family_contract_009_inst_00_authentic.png,data\test\masks\synthetic_doc_family_contract_009_inst_00_authentic.png,800,1050,0,0.0,test
synthetic_doc_family_contract_009_inst_00_tampered_v1_copy_move,doc_family_contract_009_inst_00,doc_family_contract_009,contract,synthetic_docforensics,1,MIT,1,copy_move,data\test\images\synthetic_doc_family_contract_009_inst_00_tampered_v1_copy_move.png,data\test\masks\synthetic_doc_family_contract_009_inst_00_tampered_v1_copy_move.png,800,1050,19879,0.02366547619047619,test
synthetic_doc_family_contract_009_inst_00_tampered_v2_splicing,doc_family_contract_009_inst_00,doc_family_contract_009,contract,synthetic_docforensics,1,MIT,1,splicing,data\test\images\synthetic_doc_family_contract_009_inst_00_tampered_v2_splicing.png,data\test\masks\synthetic_doc_family_contract_009_inst_00_tampered_v2_splicing.png,800,1050,4391,0.005227380952380952,test
synthetic_doc_family_contract_009_inst_00_tampered_v3_erasure_inpainting,doc_family_contract_009_inst_00,doc_family_contract_009,contract,synthetic_docforensics,1,MIT,1,erasure_inpainting,data\test\images\synthetic_doc_family_contract_009_inst_00_tampered_v3_erasure_inpainting.png,data\test\masks\synthetic_doc_family_contract_009_inst_00_tampered_v3_erasure_inpainting.png,800,1050,11418,0.013592857142857143,test
synthetic_doc_family_contract_010_inst_00_authentic,doc_family_contract_010_inst_00,doc_family_contract_010,contract,synthetic_docforensics,1,MIT,0,none,data\train\images\synthetic_doc_family_contract_010_inst_00_authentic.png,data\train\masks\synthetic_doc_family_contract_010_inst_00_authentic.png,800,1050,0,0.0,train
synthetic_doc_family_contract_010_inst_00_tampered_v1_copy_move,doc_family_contract_010_inst_00,doc_family_contract_010,contract,synthetic_docforensics,1,MIT,1,copy_move,data\train\images\synthetic_doc_family_contract_010_inst_00_tampered_v1_copy_move.png,data\train\masks\synthetic_doc_family_contract_010_inst_00_tampered_v1_copy_move.png,800,1050,6604,0.007861904761904763,train
synthetic_doc_family_contract_010_inst_00_tampered_v2_splicing,doc_family_contract_010_inst_00,doc_family_contract_010,contract,synthetic_docforensics,1,MIT,1,splicing,data\train\images\synthetic_doc_family_contract_010_inst_00_tampered_v2_splicing.png,data\train\masks\synthetic_doc_family_contract_010_inst_00_tampered_v2_splicing.png,800,1050,2925,0.0034821428571428573,train
synthetic_doc_family_contract_010_inst_00_tampered_v3_erasure_inpainting,doc_family_contract_010_inst_00,doc_family_contract_010,contract,synthetic_docforensics,1,MIT,1,erasure_inpainting,data\train\images\synthetic_doc_family_contract_010_inst_00_tampered_v3_erasure_inpainting.png,data\train\masks\synthetic_doc_family_contract_010_inst_00_tampered_v3_erasure_inpainting.png,800,1050,17040,0.020285714285714285,train
synthetic_doc_family_contract_011_inst_00_authentic,doc_family_contract_011_inst_00,doc_family_contract_011,contract,synthetic_docforensics,1,MIT,0,none,data\train\images\synthetic_doc_family_contract_011_inst_00_authentic.png,data\train\masks\synthetic_doc_family_contract_011_inst_00_authentic.png,800,1050,0,0.0,train
synthetic_doc_family_contract_011_inst_00_tampered_v1_copy_move,doc_family_contract_011_inst_00,doc_family_contract_011,contract,synthetic_docforensics,1,MIT,1,copy_move,data\train\images\synthetic_doc_family_contract_011_inst_00_tampered_v1_copy_move.png,data\train\masks\synthetic_doc_family_contract_011_inst_00_tampered_v1_copy_move.png,800,1050,13650,0.01625,train
synthetic_doc_family_contract_011_inst_00_tampered_v2_splicing,doc_family_contract_011_inst_00,doc_family_contract_011,contract,synthetic_docforensics,1,MIT,1,splicing,data\train\images\synthetic_doc_family_contract_011_inst_00_tampered_v2_splicing.png,data\train\masks\synthetic_doc_family_contract_011_inst_00_tampered_v2_splicing.png,800,1050,4490,0.005345238095238096,train
synthetic_doc_family_contract_011_inst_00_tampered_v3_erasure_inpainting,doc_family_contract_011_inst_00,doc_family_contract_011,contract,synthetic_docforensics,1,MIT,1,erasure_inpainting,data\train\images\synthetic_doc_family_contract_011_inst_00_tampered_v3_erasure_inpainting.png,data\train\masks\synthetic_doc_family_contract_011_inst_00_tampered_v3_erasure_inpainting.png,800,1050,19118,0.02275952380952381,train
synthetic_doc_family_contract_012_inst_00_authentic,doc_family_contract_012_inst_00,doc_family_contract_012,contract,synthetic_docforensics,1,MIT,0,none,data\train\images\synthetic_doc_family_contract_012_inst_00_authentic.png,data\train\masks\synthetic_doc_family_contract_012_inst_00_authentic.png,800,1050,0,0.0,train
synthetic_doc_family_contract_012_inst_00_tampered_v1_copy_move,doc_family_contract_012_inst_00,doc_family_contract_012,contract,synthetic_docforensics,1,MIT,1,copy_move,data\train\images\synthetic_doc_family_contract_012_inst_00_tampered_v1_copy_move.png,data\train\masks\synthetic_doc_family_contract_012_inst_00_tampered_v1_copy_move.png,800,1050,12191,0.014513095238095238,train
synthetic_doc_family_contract_012_inst_00_tampered_v2_splicing,doc_family_contract_012_inst_00,doc_family_contract_012,contract,synthetic_docforensics,1,MIT,1,splicing,data\train\images\synthetic_doc_family_contract_012_inst_00_tampered_v2_splicing.png,data\train\masks\synthetic_doc_family_contract_012_inst_00_tampered_v2_splicing.png,800,1050,3056,0.003638095238095238,train
synthetic_doc_family_contract_012_inst_00_tampered_v3_erasure_inpainting,doc_family_contract_012_inst_00,doc_family_contract_012,contract,synthetic_docforensics,1,MIT,1,erasure_inpainting,data\train\images\synthetic_doc_family_contract_012_inst_00_tampered_v3_erasure_inpainting.png,data\train\masks\synthetic_doc_family_contract_012_inst_00_tampered_v3_erasure_inpainting.png,800,1050,8928,0.010628571428571428,train
synthetic_doc_family_contract_013_inst_00_authentic,doc_family_contract_013_inst_00,doc_family_contract_013,contract,synthetic_docforensics,1,MIT,0,none,data\train\images\synthetic_doc_family_contract_013_inst_00_authentic.png,data\train\masks\synthetic_doc_family_contract_013_inst_00_authentic.png,800,1050,0,0.0,train
synthetic_doc_family_contract_013_inst_00_tampered_v1_copy_move,doc_family_contract_013_inst_00,doc_family_contract_013,contract,synthetic_docforensics,1,MIT,1,copy_move,data\train\images\synthetic_doc_family_contract_013_inst_00_tampered_v1_copy_move.png,data\train\masks\synthetic_doc_family_contract_013_inst_00_tampered_v1_copy_move.png,800,1050,16287,0.019389285714285713,train
synthetic_doc_family_contract_013_inst_00_tampered_v2_splicing,doc_family_contract_013_inst_00,doc_family_contract_013,contract,synthetic_docforensics,1,MIT,1,splicing,data\train\images\synthetic_doc_family_contract_013_inst_00_tampered_v2_splicing.png,data\train\masks\synthetic_doc_family_contract_013_inst_00_tampered_v2_splicing.png,800,1050,3128,0.0037238095238095238,train
synthetic_doc_family_contract_013_inst_00_tampered_v3_erasure_inpainting,doc_family_contract_013_inst_00,doc_family_contract_013,contract,synthetic_docforensics,1,MIT,1,erasure_inpainting,data\train\images\synthetic_doc_family_contract_013_inst_00_tampered_v3_erasure_inpainting.png,data\train\masks\synthetic_doc_family_contract_013_inst_00_tampered_v3_erasure_inpainting.png,800,1050,13396,0.015947619047619047,train
synthetic_doc_family_contract_014_inst_00_authentic,doc_family_contract_014_inst_00,doc_family_contract_014,contract,synthetic_docforensics,1,MIT,0,none,data\train\images\synthetic_doc_family_contract_014_inst_00_authentic.png,data\train\masks\synthetic_doc_family_contract_014_inst_00_authentic.png,800,1050,0,0.0,train
synthetic_doc_family_contract_014_inst_00_tampered_v1_copy_move,doc_family_contract_014_inst_00,doc_family_contract_014,contract,synthetic_docforensics,1,MIT,1,copy_move,data\train\images\synthetic_doc_family_contract_014_inst_00_tampered_v1_copy_move.png,data\train\masks\synthetic_doc_family_contract_014_inst_00_tampered_v1_copy_move.png,800,1050,21311,0.025370238095238095,train
synthetic_doc_family_contract_014_inst_00_tampered_v2_splicing,doc_family_contract_014_inst_00,doc_family_contract_014,contract,synthetic_docforensics,1,MIT,1,splicing,data\train\images\synthetic_doc_family_contract_014_inst_00_tampered_v2_splicing.png,data\train\masks\synthetic_doc_family_contract_014_inst_00_tampered_v2_splicing.png,800,1050,5355,0.006375,train
synthetic_doc_family_contract_014_inst_00_tampered_v3_erasure_inpainting,doc_family_contract_014_inst_00,doc_family_contract_014,contract,synthetic_docforensics,1,MIT,1,erasure_inpainting,data\train\images\synthetic_doc_family_contract_014_inst_00_tampered_v3_erasure_inpainting.png,data\train\masks\synthetic_doc_family_contract_014_inst_00_tampered_v3_erasure_inpainting.png,800,1050,9522,0.011335714285714286,train
synthetic_doc_family_contract_015_inst_00_authentic,doc_family_contract_015_inst_00,doc_family_contract_015,contract,synthetic_docforensics,1,MIT,0,none,data\train\images\synthetic_doc_family_contract_015_inst_00_authentic.png,data\train\masks\synthetic_doc_family_contract_015_inst_00_authentic.png,800,1050,0,0.0,train
synthetic_doc_family_contract_015_inst_00_tampered_v1_copy_move,doc_family_contract_015_inst_00,doc_family_contract_015,contract,synthetic_docforensics,1,MIT,1,copy_move,data\train\images\synthetic_doc_family_contract_015_inst_00_tampered_v1_copy_move.png,data\train\masks\synthetic_doc_family_contract_015_inst_00_tampered_v1_copy_move.png,800,1050,17716,0.02109047619047619,train
synthetic_doc_family_contract_015_inst_00_tampered_v2_splicing,doc_family_contract_015_inst_00,doc_family_contract_015,contract,synthetic_docforensics,1,MIT,1,splicing,data\train\images\synthetic_doc_family_contract_015_inst_00_tampered_v2_splicing.png,data\train\masks\synthetic_doc_family_contract_015_inst_00_tampered_v2_splicing.png,800,1050,5110,0.006083333333333333,train
synthetic_doc_family_contract_015_inst_00_tampered_v3_erasure_inpainting,doc_family_contract_015_inst_00,doc_family_contract_015,contract,synthetic_docforensics,1,MIT,1,erasure_inpainting,data\train\images\synthetic_doc_family_contract_015_inst_00_tampered_v3_erasure_inpainting.png,data\train\masks\synthetic_doc_family_contract_015_inst_00_tampered_v3_erasure_inpainting.png,800,1050,19783,0.023551190476190476,train
synthetic_doc_family_contract_016_inst_00_authentic,doc_family_contract_016_inst_00,doc_family_contract_016,contract,synthetic_docforensics,1,MIT,0,none,data\test\images\synthetic_doc_family_contract_016_inst_00_authentic.png,data\test\masks\synthetic_doc_family_contract_016_inst_00_authentic.png,800,1050,0,0.0,test
synthetic_doc_family_contract_016_inst_00_tampered_v1_copy_move,doc_family_contract_016_inst_00,doc_family_contract_016,contract,synthetic_docforensics,1,MIT,1,copy_move,data\test\images\synthetic_doc_family_contract_016_inst_00_tampered_v1_copy_move.png,data\test\masks\synthetic_doc_family_contract_016_inst_00_tampered_v1_copy_move.png,800,1050,10395,0.012375,test
synthetic_doc_family_contract_016_inst_00_tampered_v2_splicing,doc_family_contract_016_inst_00,doc_family_contract_016,contract,synthetic_docforensics,1,MIT,1,splicing,data\test\images\synthetic_doc_family_contract_016_inst_00_tampered_v2_splicing.png,data\test\masks\synthetic_doc_family_contract_016_inst_00_tampered_v2_splicing.png,800,1050,3056,0.003638095238095238,test
synthetic_doc_family_contract_016_inst_00_tampered_v3_erasure_inpainting,doc_family_contract_016_inst_00,doc_family_contract_016,contract,synthetic_docforensics,1,MIT,1,erasure_inpainting,data\test\images\synthetic_doc_family_contract_016_inst_00_tampered_v3_erasure_inpainting.png,data\test\masks\synthetic_doc_family_contract_016_inst_00_tampered_v3_erasure_inpainting.png,800,1050,5054,0.006016666666666667,test
synthetic_doc_family_contract_017_inst_00_authentic,doc_family_contract_017_inst_00,doc_family_contract_017,contract,synthetic_docforensics,1,MIT,0,none,data\train\images\synthetic_doc_family_contract_017_inst_00_authentic.png,data\train\masks\synthetic_doc_family_contract_017_inst_00_authentic.png,800,1050,0,0.0,train
synthetic_doc_family_contract_017_inst_00_tampered_v1_copy_move,doc_family_contract_017_inst_00,doc_family_contract_017,contract,synthetic_docforensics,1,MIT,1,copy_move,data\train\images\synthetic_doc_family_contract_017_inst_00_tampered_v1_copy_move.png,data\train\masks\synthetic_doc_family_contract_017_inst_00_tampered_v1_copy_move.png,800,1050,13320,0.015857142857142858,train
synthetic_doc_family_contract_017_inst_00_tampered_v2_splicing,doc_family_contract_017_inst_00,doc_family_contract_017,contract,synthetic_docforensics,1,MIT,1,splicing,data\train\images\synthetic_doc_family_contract_017_inst_00_tampered_v2_splicing.png,data\train\masks\synthetic_doc_family_contract_017_inst_00_tampered_v2_splicing.png,800,1050,3248,0.0038666666666666667,train
synthetic_doc_family_contract_017_inst_00_tampered_v3_erasure_inpainting,doc_family_contract_017_inst_00,doc_family_contract_017,contract,synthetic_docforensics,1,MIT,1,erasure_inpainting,data\train\images\synthetic_doc_family_contract_017_inst_00_tampered_v3_erasure_inpainting.png,data\train\masks\synthetic_doc_family_contract_017_inst_00_tampered_v3_erasure_inpainting.png,800,1050,10010,0.011916666666666667,train
synthetic_doc_family_contract_018_inst_00_authentic,doc_family_contract_018_inst_00,doc_family_contract_018,contract,synthetic_docforensics,1,MIT,0,none,data\val\images\synthetic_doc_family_contract_018_inst_00_authentic.png,data\val\masks\synthetic_doc_family_contract_018_inst_00_authentic.png,800,1050,0,0.0,val
synthetic_doc_family_contract_018_inst_00_tampered_v1_copy_move,doc_family_contract_018_inst_00,doc_family_contract_018,contract,synthetic_docforensics,1,MIT,1,copy_move,data\val\images\synthetic_doc_family_contract_018_inst_00_tampered_v1_copy_move.png,data\val\masks\synthetic_doc_family_contract_018_inst_00_tampered_v1_copy_move.png,800,1050,9045,0.010767857142857143,val
synthetic_doc_family_contract_018_inst_00_tampered_v2_splicing,doc_family_contract_018_inst_00,doc_family_contract_018,contract,synthetic_docforensics,1,MIT,1,splicing,data\val\images\synthetic_doc_family_contract_018_inst_00_tampered_v2_splicing.png,data\val\masks\synthetic_doc_family_contract_018_inst_00_tampered_v2_splicing.png,800,1050,3658,0.004354761904761905,val
synthetic_doc_family_contract_018_inst_00_tampered_v3_erasure_inpainting,doc_family_contract_018_inst_00,doc_family_contract_018,contract,synthetic_docforensics,1,MIT,1,erasure_inpainting,data\val\images\synthetic_doc_family_contract_018_inst_00_tampered_v3_erasure_inpainting.png,data\val\masks\synthetic_doc_family_contract_018_inst_00_tampered_v3_erasure_inpainting.png,800,1050,4658,0.005545238095238095,val
synthetic_doc_family_contract_019_inst_00_authentic,doc_family_contract_019_inst_00,doc_family_contract_019,contract,synthetic_docforensics,1,MIT,0,none,data\train\images\synthetic_doc_family_contract_019_inst_00_authentic.png,data\train\masks\synthetic_doc_family_contract_019_inst_00_authentic.png,800,1050,0,0.0,train
synthetic_doc_family_contract_019_inst_00_tampered_v1_copy_move,doc_family_contract_019_inst_00,doc_family_contract_019,contract,synthetic_docforensics,1,MIT,1,copy_move,data\train\images\synthetic_doc_family_contract_019_inst_00_tampered_v1_copy_move.png,data\train\masks\synthetic_doc_family_contract_019_inst_00_tampered_v1_copy_move.png,800,1050,17171,0.020441666666666667,train
synthetic_doc_family_contract_019_inst_00_tampered_v2_splicing,doc_family_contract_019_inst_00,doc_family_contract_019,contract,synthetic_docforensics,1,MIT,1,splicing,data\train\images\synthetic_doc_family_contract_019_inst_00_tampered_v2_splicing.png,data\train\masks\synthetic_doc_family_contract_019_inst_00_tampered_v2_splicing.png,800,1050,4745,0.005648809523809524,train
synthetic_doc_family_contract_019_inst_00_tampered_v3_erasure_inpainting,doc_family_contract_019_inst_00,doc_family_contract_019,contract,synthetic_docforensics,1,MIT,1,erasure_inpainting,data\train\images\synthetic_doc_family_contract_019_inst_00_tampered_v3_erasure_inpainting.png,data\train\masks\synthetic_doc_family_contract_019_inst_00_tampered_v3_erasure_inpainting.png,800,1050,17052,0.0203,train
synthetic_doc_family_contract_020_inst_00_authentic,doc_family_contract_020_inst_00,doc_family_contract_020,contract,synthetic_docforensics,1,MIT,0,none,data\train\images\synthetic_doc_family_contract_020_inst_00_authentic.png,data\train\masks\synthetic_doc_family_contract_020_inst_00_authentic.png,800,1050,0,0.0,train
synthetic_doc_family_contract_020_inst_00_tampered_v1_copy_move,doc_family_contract_020_inst_00,doc_family_contract_020,contract,synthetic_docforensics,1,MIT,1,copy_move,data\train\images\synthetic_doc_family_contract_020_inst_00_tampered_v1_copy_move.png,data\train\masks\synthetic_doc_family_contract_020_inst_00_tampered_v1_copy_move.png,800,1050,15484,0.018433333333333333,train
synthetic_doc_family_contract_020_inst_00_tampered_v2_splicing,doc_family_contract_020_inst_00,doc_family_contract_020,contract,synthetic_docforensics,1,MIT,1,splicing,data\train\images\synthetic_doc_family_contract_020_inst_00_tampered_v2_splicing.png,data\train\masks\synthetic_doc_family_contract_020_inst_00_tampered_v2_splicing.png,800,1050,4910,0.005845238095238095,train
synthetic_doc_family_contract_020_inst_00_tampered_v3_erasure_inpainting,doc_family_contract_020_inst_00,doc_family_contract_020,contract,synthetic_docforensics,1,MIT,1,erasure_inpainting,data\train\images\synthetic_doc_family_contract_020_inst_00_tampered_v3_erasure_inpainting.png,data\train\masks\synthetic_doc_family_contract_020_inst_00_tampered_v3_erasure_inpainting.png,800,1050,17457,0.020782142857142857,train
synthetic_doc_family_contract_021_inst_00_authentic,doc_family_contract_021_inst_00,doc_family_contract_021,contract,synthetic_docforensics,1,MIT,0,none,data\val\images\synthetic_doc_family_contract_021_inst_00_authentic.png,data\val\masks\synthetic_doc_family_contract_021_inst_00_authentic.png,800,1050,0,0.0,val
synthetic_doc_family_contract_021_inst_00_tampered_v1_copy_move,doc_family_contract_021_inst_00,doc_family_contract_021,contract,synthetic_docforensics,1,MIT,1,copy_move,data\val\images\synthetic_doc_family_contract_021_inst_00_tampered_v1_copy_move.png,data\val\masks\synthetic_doc_family_contract_021_inst_00_tampered_v1_copy_move.png,800,1050,15004,0.017861904761904763,val
synthetic_doc_family_contract_021_inst_00_tampered_v2_splicing,doc_family_contract_021_inst_00,doc_family_contract_021,contract,synthetic_docforensics,1,MIT,1,splicing,data\val\images\synthetic_doc_family_contract_021_inst_00_tampered_v2_splicing.png,data\val\masks\synthetic_doc_family_contract_021_inst_00_tampered_v2_splicing.png,800,1050,2829,0.003367857142857143,val
synthetic_doc_family_contract_021_inst_00_tampered_v3_erasure_inpainting,doc_family_contract_021_inst_00,doc_family_contract_021,contract,synthetic_docforensics,1,MIT,1,erasure_inpainting,data\val\images\synthetic_doc_family_contract_021_inst_00_tampered_v3_erasure_inpainting.png,data\val\masks\synthetic_doc_family_contract_021_inst_00_tampered_v3_erasure_inpainting.png,800,1050,6888,0.0082,val
synthetic_doc_family_contract_022_inst_00_authentic,doc_family_contract_022_inst_00,doc_family_contract_022,contract,synthetic_docforensics,1,MIT,0,none,data\val\images\synthetic_doc_family_contract_022_inst_00_authentic.png,data\val\masks\synthetic_doc_family_contract_022_inst_00_authentic.png,800,1050,0,0.0,val
synthetic_doc_family_contract_022_inst_00_tampered_v1_copy_move,doc_family_contract_022_inst_00,doc_family_contract_022,contract,synthetic_docforensics,1,MIT,1,copy_move,data\val\images\synthetic_doc_family_contract_022_inst_00_tampered_v1_copy_move.png,data\val\masks\synthetic_doc_family_contract_022_inst_00_tampered_v1_copy_move.png,800,1050,10168,0.012104761904761905,val
synthetic_doc_family_contract_022_inst_00_tampered_v2_splicing,doc_family_contract_022_inst_00,doc_family_contract_022,contract,synthetic_docforensics,1,MIT,1,splicing,data\val\images\synthetic_doc_family_contract_022_inst_00_tampered_v2_splicing.png,data\val\masks\synthetic_doc_family_contract_022_inst_00_tampered_v2_splicing.png,800,1050,2925,0.0034821428571428573,val
synthetic_doc_family_contract_022_inst_00_tampered_v3_erasure_inpainting,doc_family_contract_022_inst_00,doc_family_contract_022,contract,synthetic_docforensics,1,MIT,1,erasure_inpainting,data\val\images\synthetic_doc_family_contract_022_inst_00_tampered_v3_erasure_inpainting.png,data\val\masks\synthetic_doc_family_contract_022_inst_00_tampered_v3_erasure_inpainting.png,800,1050,15665,0.018648809523809522,val
synthetic_doc_family_contract_023_inst_00_authentic,doc_family_contract_023_inst_00,doc_family_contract_023,contract,synthetic_docforensics,1,MIT,0,none,data\train\images\synthetic_doc_family_contract_023_inst_00_authentic.png,data\train\masks\synthetic_doc_family_contract_023_inst_00_authentic.png,800,1050,0,0.0,train
synthetic_doc_family_contract_023_inst_00_tampered_v1_copy_move,doc_family_contract_023_inst_00,doc_family_contract_023,contract,synthetic_docforensics,1,MIT,1,copy_move,data\train\images\synthetic_doc_family_contract_023_inst_00_tampered_v1_copy_move.png,data\train\masks\synthetic_doc_family_contract_023_inst_00_tampered_v1_copy_move.png,800,1050,13915,0.01656547619047619,train
synthetic_doc_family_contract_023_inst_00_tampered_v2_splicing,doc_family_contract_023_inst_00,doc_family_contract_023,contract,synthetic_docforensics,1,MIT,1,splicing,data\train\images\synthetic_doc_family_contract_023_inst_00_tampered_v2_splicing.png,data\train\masks\synthetic_doc_family_contract_023_inst_00_tampered_v2_splicing.png,800,1050,3176,0.003780952380952381,train
synthetic_doc_family_contract_023_inst_00_tampered_v3_erasure_inpainting,doc_family_contract_023_inst_00,doc_family_contract_023,contract,synthetic_docforensics,1,MIT,1,erasure_inpainting,data\train\images\synthetic_doc_family_contract_023_inst_00_tampered_v3_erasure_inpainting.png,data\train\masks\synthetic_doc_family_contract_023_inst_00_tampered_v3_erasure_inpainting.png,800,1050,19320,0.023,train
synthetic_doc_family_contract_024_inst_00_authentic,doc_family_contract_024_inst_00,doc_family_contract_024,contract,synthetic_docforensics,1,MIT,0,none,data\train\images\synthetic_doc_family_contract_024_inst_00_authentic.png,data\train\masks\synthetic_doc_family_contract_024_inst_00_authentic.png,800,1050,0,0.0,train
synthetic_doc_family_contract_024_inst_00_tampered_v1_copy_move,doc_family_contract_024_inst_00,doc_family_contract_024,contract,synthetic_docforensics,1,MIT,1,copy_move,data\train\images\synthetic_doc_family_contract_024_inst_00_tampered_v1_copy_move.png,data\train\masks\synthetic_doc_family_contract_024_inst_00_tampered_v1_copy_move.png,800,1050,18990,0.022607142857142857,train
synthetic_doc_family_contract_024_inst_00_tampered_v2_splicing,doc_family_contract_024_inst_00,doc_family_contract_024,contract,synthetic_docforensics,1,MIT,1,splicing,data\train\images\synthetic_doc_family_contract_024_inst_00_tampered_v2_splicing.png,data\train\masks\synthetic_doc_family_contract_024_inst_00_tampered_v2_splicing.png,800,1050,3248,0.0038666666666666667,train
synthetic_doc_family_contract_024_inst_00_tampered_v3_erasure_inpainting,doc_family_contract_024_inst_00,doc_family_contract_024,contract,synthetic_docforensics,1,MIT,1,erasure_inpainting,data\train\images\synthetic_doc_family_contract_024_inst_00_tampered_v3_erasure_inpainting.png,data\train\masks\synthetic_doc_family_contract_024_inst_00_tampered_v3_erasure_inpainting.png,800,1050,13851,0.016489285714285713,train
synthetic_doc_family_contract_025_inst_00_authentic,doc_family_contract_025_inst_00,doc_family_contract_025,contract,synthetic_docforensics,1,MIT,0,none,data\train\images\synthetic_doc_family_contract_025_inst_00_authentic.png,data\train\masks\synthetic_doc_family_contract_025_inst_00_authentic.png,800,1050,0,0.0,train
synthetic_doc_family_contract_025_inst_00_tampered_v1_copy_move,doc_family_contract_025_inst_00,doc_family_contract_025,contract,synthetic_docforensics,1,MIT,1,copy_move,data\train\images\synthetic_doc_family_contract_025_inst_00_tampered_v1_copy_move.png,data\train\masks\synthetic_doc_family_contract_025_inst_00_tampered_v1_copy_move.png,800,1050,21614,0.025730952380952382,train
synthetic_doc_family_contract_025_inst_00_tampered_v2_splicing,doc_family_contract_025_inst_00,doc_family_contract_025,contract,synthetic_docforensics,1,MIT,1,splicing,data\train\images\synthetic_doc_family_contract_025_inst_00_tampered_v2_splicing.png,data\train\masks\synthetic_doc_family_contract_025_inst_00_tampered_v2_splicing.png,800,1050,4798,0.005711904761904762,train
synthetic_doc_family_contract_025_inst_00_tampered_v3_erasure_inpainting,doc_family_contract_025_inst_00,doc_family_contract_025,contract,synthetic_docforensics,1,MIT,1,erasure_inpainting,data\train\images\synthetic_doc_family_contract_025_inst_00_tampered_v3_erasure_inpainting.png,data\train\masks\synthetic_doc_family_contract_025_inst_00_tampered_v3_erasure_inpainting.png,800,1050,13446,0.01600714285714286,train
synthetic_doc_family_contract_026_inst_00_authentic,doc_family_contract_026_inst_00,doc_family_contract_026,contract,synthetic_docforensics,1,MIT,0,none,data\train\images\synthetic_doc_family_contract_026_inst_00_authentic.png,data\train\masks\synthetic_doc_family_contract_026_inst_00_authentic.png,800,1050,0,0.0,train
synthetic_doc_family_contract_026_inst_00_tampered_v1_copy_move,doc_family_contract_026_inst_00,doc_family_contract_026,contract,synthetic_docforensics,1,MIT,1,copy_move,data\train\images\synthetic_doc_family_contract_026_inst_00_tampered_v1_copy_move.png,data\train\masks\synthetic_doc_family_contract_026_inst_00_tampered_v1_copy_move.png,800,1050,18832,0.02241904761904762,train
synthetic_doc_family_contract_026_inst_00_tampered_v2_splicing,doc_family_contract_026_inst_00,doc_family_contract_026,contract,synthetic_docforensics,1,MIT,1,splicing,data\train\images\synthetic_doc_family_contract_026_inst_00_tampered_v2_splicing.png,data\train\masks\synthetic_doc_family_contract_026_inst_00_tampered_v2_splicing.png,800,1050,2841,0.003382142857142857,train
synthetic_doc_family_contract_026_inst_00_tampered_v3_erasure_inpainting,doc_family_contract_026_inst_00,doc_family_contract_026,contract,synthetic_docforensics,1,MIT,1,erasure_inpainting,data\train\images\synthetic_doc_family_contract_026_inst_00_tampered_v3_erasure_inpainting.png,data\train\masks\synthetic_doc_family_contract_026_inst_00_tampered_v3_erasure_inpainting.png,800,1050,11760,0.014,train
synthetic_doc_family_contract_027_inst_00_authentic,doc_family_contract_027_inst_00,doc_family_contract_027,contract,synthetic_docforensics,1,MIT,0,none,data\train\images\synthetic_doc_family_contract_027_inst_00_authentic.png,data\train\masks\synthetic_doc_family_contract_027_inst_00_authentic.png,800,1050,0,0.0,train
synthetic_doc_family_contract_027_inst_00_tampered_v1_copy_move,doc_family_contract_027_inst_00,doc_family_contract_027,contract,synthetic_docforensics,1,MIT,1,copy_move,data\train\images\synthetic_doc_family_contract_027_inst_00_tampered_v1_copy_move.png,data\train\masks\synthetic_doc_family_contract_027_inst_00_tampered_v1_copy_move.png,800,1050,22230,0.026464285714285714,train
synthetic_doc_family_contract_027_inst_00_tampered_v2_splicing,doc_family_contract_027_inst_00,doc_family_contract_027,contract,synthetic_docforensics,1,MIT,1,splicing,data\train\images\synthetic_doc_family_contract_027_inst_00_tampered_v2_splicing.png,data\train\masks\synthetic_doc_family_contract_027_inst_00_tampered_v2_splicing.png,800,1050,5101,0.006072619047619048,train
synthetic_doc_family_contract_027_inst_00_tampered_v3_erasure_inpainting,doc_family_contract_027_inst_00,doc_family_contract_027,contract,synthetic_docforensics,1,MIT,1,erasure_inpainting,data\train\images\synthetic_doc_family_contract_027_inst_00_tampered_v3_erasure_inpainting.png,data\train\masks\synthetic_doc_family_contract_027_inst_00_tampered_v3_erasure_inpainting.png,800,1050,12789,0.015225,train
synthetic_doc_family_contract_028_inst_00_authentic,doc_family_contract_028_inst_00,doc_family_contract_028,contract,synthetic_docforensics,1,MIT,0,none,data\train\images\synthetic_doc_family_contract_028_inst_00_authentic.png,data\train\masks\synthetic_doc_family_contract_028_inst_00_authentic.png,800,1050,0,0.0,train
synthetic_doc_family_contract_028_inst_00_tampered_v1_copy_move,doc_family_contract_028_inst_00,doc_family_contract_028,contract,synthetic_docforensics,1,MIT,1,copy_move,data\train\images\synthetic_doc_family_contract_028_inst_00_tampered_v1_copy_move.png,data\train\masks\synthetic_doc_family_contract_028_inst_00_tampered_v1_copy_move.png,800,1050,9800,0.011666666666666667,train
synthetic_doc_family_contract_028_inst_00_tampered_v2_splicing,doc_family_contract_028_inst_00,doc_family_contract_028,contract,synthetic_docforensics,1,MIT,1,splicing,data\train\images\synthetic_doc_family_contract_028_inst_00_tampered_v2_splicing.png,data\train\masks\synthetic_doc_family_contract_028_inst_00_tampered_v2_splicing.png,800,1050,2292,0.0027285714285714287,train
synthetic_doc_family_contract_028_inst_00_tampered_v3_erasure_inpainting,doc_family_contract_028_inst_00,doc_family_contract_028,contract,synthetic_docforensics,1,MIT,1,erasure_inpainting,data\train\images\synthetic_doc_family_contract_028_inst_00_tampered_v3_erasure_inpainting.png,data\train\masks\synthetic_doc_family_contract_028_inst_00_tampered_v3_erasure_inpainting.png,800,1050,8018,0.009545238095238094,train
synthetic_doc_family_contract_029_inst_00_authentic,doc_family_contract_029_inst_00,doc_family_contract_029,contract,synthetic_docforensics,1,MIT,0,none,data\val\images\synthetic_doc_family_contract_029_inst_00_authentic.png,data\val\masks\synthetic_doc_family_contract_029_inst_00_authentic.png,800,1050,0,0.0,val
synthetic_doc_family_contract_029_inst_00_tampered_v1_copy_move,doc_family_contract_029_inst_00,doc_family_contract_029,contract,synthetic_docforensics,1,MIT,1,copy_move,data\val\images\synthetic_doc_family_contract_029_inst_00_tampered_v1_copy_move.png,data\val\masks\synthetic_doc_family_contract_029_inst_00_tampered_v1_copy_move.png,800,1050,6864,0.00817142857142857,val
synthetic_doc_family_contract_029_inst_00_tampered_v2_splicing,doc_family_contract_029_inst_00,doc_family_contract_029,contract,synthetic_docforensics,1,MIT,1,splicing,data\val\images\synthetic_doc_family_contract_029_inst_00_tampered_v2_splicing.png,data\val\masks\synthetic_doc_family_contract_029_inst_00_tampered_v2_splicing.png,800,1050,5453,0.006491666666666666,val
synthetic_doc_family_contract_029_inst_00_tampered_v3_erasure_inpainting,doc_family_contract_029_inst_00,doc_family_contract_029,contract,synthetic_docforensics,1,MIT,1,erasure_inpainting,data\val\images\synthetic_doc_family_contract_029_inst_00_tampered_v3_erasure_inpainting.png,data\val\masks\synthetic_doc_family_contract_029_inst_00_tampered_v3_erasure_inpainting.png,800,1050,13760,0.01638095238095238,val
synthetic_doc_family_contract_030_inst_00_authentic,doc_family_contract_030_inst_00,doc_family_contract_030,contract,synthetic_docforensics,1,MIT,0,none,data\train\images\synthetic_doc_family_contract_030_inst_00_authentic.png,data\train\masks\synthetic_doc_family_contract_030_inst_00_authentic.png,800,1050,0,0.0,train
synthetic_doc_family_contract_030_inst_00_tampered_v1_copy_move,doc_family_contract_030_inst_00,doc_family_contract_030,contract,synthetic_docforensics,1,MIT,1,copy_move,data\train\images\synthetic_doc_family_contract_030_inst_00_tampered_v1_copy_move.png,data\train\masks\synthetic_doc_family_contract_030_inst_00_tampered_v1_copy_move.png,800,1050,4851,0.005775,train
synthetic_doc_family_contract_030_inst_00_tampered_v2_splicing,doc_family_contract_030_inst_00,doc_family_contract_030,contract,synthetic_docforensics,1,MIT,1,splicing,data\train\images\synthetic_doc_family_contract_030_inst_00_tampered_v2_splicing.png,data\train\masks\synthetic_doc_family_contract_030_inst_00_tampered_v2_splicing.png,800,1050,2606,0.0031023809523809524,train
synthetic_doc_family_contract_030_inst_00_tampered_v3_erasure_inpainting,doc_family_contract_030_inst_00,doc_family_contract_030,contract,synthetic_docforensics,1,MIT,1,erasure_inpainting,data\train\images\synthetic_doc_family_contract_030_inst_00_tampered_v3_erasure_inpainting.png,data\train\masks\synthetic_doc_family_contract_030_inst_00_tampered_v3_erasure_inpainting.png,800,1050,6255,0.007446428571428572,train
synthetic_doc_family_receipt_001_inst_00_authentic,doc_family_receipt_001_inst_00,doc_family_receipt_001,receipt,synthetic_docforensics,1,MIT,0,none,data\train\images\synthetic_doc_family_receipt_001_inst_00_authentic.png,data\train\masks\synthetic_doc_family_receipt_001_inst_00_authentic.png,600,900,0,0.0,train
synthetic_doc_family_receipt_001_inst_00_tampered_v1_copy_move,doc_family_receipt_001_inst_00,doc_family_receipt_001,receipt,synthetic_docforensics,1,MIT,1,copy_move,data\train\images\synthetic_doc_family_receipt_001_inst_00_tampered_v1_copy_move.png,data\train\masks\synthetic_doc_family_receipt_001_inst_00_tampered_v1_copy_move.png,600,900,4644,0.0086,train
synthetic_doc_family_receipt_001_inst_00_tampered_v2_splicing,doc_family_receipt_001_inst_00,doc_family_receipt_001,receipt,synthetic_docforensics,1,MIT,1,splicing,data\train\images\synthetic_doc_family_receipt_001_inst_00_tampered_v2_splicing.png,data\train\masks\synthetic_doc_family_receipt_001_inst_00_tampered_v2_splicing.png,600,900,3344,0.006192592592592592,train
synthetic_doc_family_receipt_001_inst_00_tampered_v3_erasure_inpainting,doc_family_receipt_001_inst_00,doc_family_receipt_001,receipt,synthetic_docforensics,1,MIT,1,erasure_inpainting,data\train\images\synthetic_doc_family_receipt_001_inst_00_tampered_v3_erasure_inpainting.png,data\train\masks\synthetic_doc_family_receipt_001_inst_00_tampered_v3_erasure_inpainting.png,600,900,4360,0.008074074074074074,train
synthetic_doc_family_receipt_002_inst_00_authentic,doc_family_receipt_002_inst_00,doc_family_receipt_002,receipt,synthetic_docforensics,1,MIT,0,none,data\train\images\synthetic_doc_family_receipt_002_inst_00_authentic.png,data\train\masks\synthetic_doc_family_receipt_002_inst_00_authentic.png,600,900,0,0.0,train
synthetic_doc_family_receipt_002_inst_00_tampered_v1_copy_move,doc_family_receipt_002_inst_00,doc_family_receipt_002,receipt,synthetic_docforensics,1,MIT,1,copy_move,data\train\images\synthetic_doc_family_receipt_002_inst_00_tampered_v1_copy_move.png,data\train\masks\synthetic_doc_family_receipt_002_inst_00_tampered_v1_copy_move.png,600,900,7568,0.014014814814814815,train
synthetic_doc_family_receipt_002_inst_00_tampered_v2_splicing,doc_family_receipt_002_inst_00,doc_family_receipt_002,receipt,synthetic_docforensics,1,MIT,1,splicing,data\train\images\synthetic_doc_family_receipt_002_inst_00_tampered_v2_splicing.png,data\train\masks\synthetic_doc_family_receipt_002_inst_00_tampered_v2_splicing.png,600,900,1998,0.0037,train
synthetic_doc_family_receipt_002_inst_00_tampered_v3_erasure_inpainting,doc_family_receipt_002_inst_00,doc_family_receipt_002,receipt,synthetic_docforensics,1,MIT,1,erasure_inpainting,data\train\images\synthetic_doc_family_receipt_002_inst_00_tampered_v3_erasure_inpainting.png,data\train\masks\synthetic_doc_family_receipt_002_inst_00_tampered_v3_erasure_inpainting.png,600,900,9696,0.017955555555555554,train
synthetic_doc_family_receipt_003_inst_00_authentic,doc_family_receipt_003_inst_00,doc_family_receipt_003,receipt,synthetic_docforensics,1,MIT,0,none,data\train\images\synthetic_doc_family_receipt_003_inst_00_authentic.png,data\train\masks\synthetic_doc_family_receipt_003_inst_00_authentic.png,600,900,0,0.0,train
synthetic_doc_family_receipt_003_inst_00_tampered_v1_copy_move,doc_family_receipt_003_inst_00,doc_family_receipt_003,receipt,synthetic_docforensics,1,MIT,1,copy_move,data\train\images\synthetic_doc_family_receipt_003_inst_00_tampered_v1_copy_move.png,data\train\masks\synthetic_doc_family_receipt_003_inst_00_tampered_v1_copy_move.png,600,900,9625,0.017824074074074076,train
synthetic_doc_family_receipt_003_inst_00_tampered_v2_splicing,doc_family_receipt_003_inst_00,doc_family_receipt_003,receipt,synthetic_docforensics,1,MIT,1,splicing,data\train\images\synthetic_doc_family_receipt_003_inst_00_tampered_v2_splicing.png,data\train\masks\synthetic_doc_family_receipt_003_inst_00_tampered_v2_splicing.png,600,900,2841,0.005261111111111111,train
synthetic_doc_family_receipt_003_inst_00_tampered_v3_erasure_inpainting,doc_family_receipt_003_inst_00,doc_family_receipt_003,receipt,synthetic_docforensics,1,MIT,1,erasure_inpainting,data\train\images\synthetic_doc_family_receipt_003_inst_00_tampered_v3_erasure_inpainting.png,data\train\masks\synthetic_doc_family_receipt_003_inst_00_tampered_v3_erasure_inpainting.png,600,900,8928,0.016533333333333334,train
synthetic_doc_family_receipt_004_inst_00_authentic,doc_family_receipt_004_inst_00,doc_family_receipt_004,receipt,synthetic_docforensics,1,MIT,0,none,data\test\images\synthetic_doc_family_receipt_004_inst_00_authentic.png,data\test\masks\synthetic_doc_family_receipt_004_inst_00_authentic.png,600,900,0,0.0,test
synthetic_doc_family_receipt_004_inst_00_tampered_v1_copy_move,doc_family_receipt_004_inst_00,doc_family_receipt_004,receipt,synthetic_docforensics,1,MIT,1,copy_move,data\test\images\synthetic_doc_family_receipt_004_inst_00_tampered_v1_copy_move.png,data\test\masks\synthetic_doc_family_receipt_004_inst_00_tampered_v1_copy_move.png,600,900,9120,0.016888888888888887,test
synthetic_doc_family_receipt_004_inst_00_tampered_v2_splicing,doc_family_receipt_004_inst_00,doc_family_receipt_004,receipt,synthetic_docforensics,1,MIT,1,splicing,data\test\images\synthetic_doc_family_receipt_004_inst_00_tampered_v2_splicing.png,data\test\masks\synthetic_doc_family_receipt_004_inst_00_tampered_v2_splicing.png,600,900,3100,0.005740740740740741,test
synthetic_doc_family_receipt_004_inst_00_tampered_v3_erasure_inpainting,doc_family_receipt_004_inst_00,doc_family_receipt_004,receipt,synthetic_docforensics,1,MIT,1,erasure_inpainting,data\test\images\synthetic_doc_family_receipt_004_inst_00_tampered_v3_erasure_inpainting.png,data\test\masks\synthetic_doc_family_receipt_004_inst_00_tampered_v3_erasure_inpainting.png,600,900,5580,0.010333333333333333,test
synthetic_doc_family_receipt_005_inst_00_authentic,doc_family_receipt_005_inst_00,doc_family_receipt_005,receipt,synthetic_docforensics,1,MIT,0,none,data\test\images\synthetic_doc_family_receipt_005_inst_00_authentic.png,data\test\masks\synthetic_doc_family_receipt_005_inst_00_authentic.png,600,900,0,0.0,test
synthetic_doc_family_receipt_005_inst_00_tampered_v1_copy_move,doc_family_receipt_005_inst_00,doc_family_receipt_005,receipt,synthetic_docforensics,1,MIT,1,copy_move,data\test\images\synthetic_doc_family_receipt_005_inst_00_tampered_v1_copy_move.png,data\test\masks\synthetic_doc_family_receipt_005_inst_00_tampered_v1_copy_move.png,600,900,6179,0.011442592592592593,test
synthetic_doc_family_receipt_005_inst_00_tampered_v2_splicing,doc_family_receipt_005_inst_00,doc_family_receipt_005,receipt,synthetic_docforensics,1,MIT,1,splicing,data\test\images\synthetic_doc_family_receipt_005_inst_00_tampered_v2_splicing.png,data\test\masks\synthetic_doc_family_receipt_005_inst_00_tampered_v2_splicing.png,600,900,2801,0.005187037037037037,test
synthetic_doc_family_receipt_005_inst_00_tampered_v3_erasure_inpainting,doc_family_receipt_005_inst_00,doc_family_receipt_005,receipt,synthetic_docforensics,1,MIT,1,erasure_inpainting,data\test\images\synthetic_doc_family_receipt_005_inst_00_tampered_v3_erasure_inpainting.png,data\test\masks\synthetic_doc_family_receipt_005_inst_00_tampered_v3_erasure_inpainting.png,600,900,5134,0.009507407407407407,test
synthetic_doc_family_receipt_006_inst_00_authentic,doc_family_receipt_006_inst_00,doc_family_receipt_006,receipt,synthetic_docforensics,1,MIT,0,none,data\train\images\synthetic_doc_family_receipt_006_inst_00_authentic.png,data\train\masks\synthetic_doc_family_receipt_006_inst_00_authentic.png,600,900,0,0.0,train
synthetic_doc_family_receipt_006_inst_00_tampered_v1_copy_move,doc_family_receipt_006_inst_00,doc_family_receipt_006,receipt,synthetic_docforensics,1,MIT,1,copy_move,data\train\images\synthetic_doc_family_receipt_006_inst_00_tampered_v1_copy_move.png,data\train\masks\synthetic_doc_family_receipt_006_inst_00_tampered_v1_copy_move.png,600,900,6006,0.011122222222222223,train
synthetic_doc_family_receipt_006_inst_00_tampered_v2_splicing,doc_family_receipt_006_inst_00,doc_family_receipt_006,receipt,synthetic_docforensics,1,MIT,1,splicing,data\train\images\synthetic_doc_family_receipt_006_inst_00_tampered_v2_splicing.png,data\train\masks\synthetic_doc_family_receipt_006_inst_00_tampered_v2_splicing.png,600,900,2224,0.004118518518518519,train
synthetic_doc_family_receipt_006_inst_00_tampered_v3_erasure_inpainting,doc_family_receipt_006_inst_00,doc_family_receipt_006,receipt,synthetic_docforensics,1,MIT,1,erasure_inpainting,data\train\images\synthetic_doc_family_receipt_006_inst_00_tampered_v3_erasure_inpainting.png,data\train\masks\synthetic_doc_family_receipt_006_inst_00_tampered_v3_erasure_inpainting.png,600,900,4004,0.007414814814814815,train
synthetic_doc_family_receipt_007_inst_00_authentic,doc_family_receipt_007_inst_00,doc_family_receipt_007,receipt,synthetic_docforensics,1,MIT,0,none,data\train\images\synthetic_doc_family_receipt_007_inst_00_authentic.png,data\train\masks\synthetic_doc_family_receipt_007_inst_00_authentic.png,600,900,0,0.0,train
synthetic_doc_family_receipt_007_inst_00_tampered_v1_copy_move,doc_family_receipt_007_inst_00,doc_family_receipt_007,receipt,synthetic_docforensics,1,MIT,1,copy_move,data\train\images\synthetic_doc_family_receipt_007_inst_00_tampered_v1_copy_move.png,data\train\masks\synthetic_doc_family_receipt_007_inst_00_tampered_v1_copy_move.png,600,900,6960,0.012888888888888889,train
synthetic_doc_family_receipt_007_inst_00_tampered_v2_splicing,doc_family_receipt_007_inst_00,doc_family_receipt_007,receipt,synthetic_docforensics,1,MIT,1,splicing,data\train\images\synthetic_doc_family_receipt_007_inst_00_tampered_v2_splicing.png,data\train\masks\synthetic_doc_family_receipt_007_inst_00_tampered_v2_splicing.png,600,900,2118,0.003922222222222222,train
synthetic_doc_family_receipt_007_inst_00_tampered_v3_erasure_inpainting,doc_family_receipt_007_inst_00,doc_family_receipt_007,receipt,synthetic_docforensics,1,MIT,1,erasure_inpainting,data\train\images\synthetic_doc_family_receipt_007_inst_00_tampered_v3_erasure_inpainting.png,data\train\masks\synthetic_doc_family_receipt_007_inst_00_tampered_v3_erasure_inpainting.png,600,900,11229,0.020794444444444445,train
synthetic_doc_family_receipt_008_inst_00_authentic,doc_family_receipt_008_inst_00,doc_family_receipt_008,receipt,synthetic_docforensics,1,MIT,0,none,data\train\images\synthetic_doc_family_receipt_008_inst_00_authentic.png,data\train\masks\synthetic_doc_family_receipt_008_inst_00_authentic.png,600,900,0,0.0,train
synthetic_doc_family_receipt_008_inst_00_tampered_v1_copy_move,doc_family_receipt_008_inst_00,doc_family_receipt_008,receipt,synthetic_docforensics,1,MIT,1,copy_move,data\train\images\synthetic_doc_family_receipt_008_inst_00_tampered_v1_copy_move.png,data\train\masks\synthetic_doc_family_receipt_008_inst_00_tampered_v1_copy_move.png,600,900,6391,0.011835185185185185,train
synthetic_doc_family_receipt_008_inst_00_tampered_v2_splicing,doc_family_receipt_008_inst_00,doc_family_receipt_008,receipt,synthetic_docforensics,1,MIT,1,splicing,data\train\images\synthetic_doc_family_receipt_008_inst_00_tampered_v2_splicing.png,data\train\masks\synthetic_doc_family_receipt_008_inst_00_tampered_v2_splicing.png,600,900,3128,0.005792592592592592,train
synthetic_doc_family_receipt_008_inst_00_tampered_v3_erasure_inpainting,doc_family_receipt_008_inst_00,doc_family_receipt_008,receipt,synthetic_docforensics,1,MIT,1,erasure_inpainting,data\train\images\synthetic_doc_family_receipt_008_inst_00_tampered_v3_erasure_inpainting.png,data\train\masks\synthetic_doc_family_receipt_008_inst_00_tampered_v3_erasure_inpainting.png,600,900,7440,0.013777777777777778,train
synthetic_doc_family_receipt_009_inst_00_authentic,doc_family_receipt_009_inst_00,doc_family_receipt_009,receipt,synthetic_docforensics,1,MIT,0,none,data\test\images\synthetic_doc_family_receipt_009_inst_00_authentic.png,data\test\masks\synthetic_doc_family_receipt_009_inst_00_authentic.png,600,900,0,0.0,test
synthetic_doc_family_receipt_009_inst_00_tampered_v1_copy_move,doc_family_receipt_009_inst_00,doc_family_receipt_009,receipt,synthetic_docforensics,1,MIT,1,copy_move,data\test\images\synthetic_doc_family_receipt_009_inst_00_tampered_v1_copy_move.png,data\test\masks\synthetic_doc_family_receipt_009_inst_00_tampered_v1_copy_move.png,600,900,9264,0.017155555555555556,test
synthetic_doc_family_receipt_009_inst_00_tampered_v2_splicing,doc_family_receipt_009_inst_00,doc_family_receipt_009,receipt,synthetic_docforensics,1,MIT,1,splicing,data\test\images\synthetic_doc_family_receipt_009_inst_00_tampered_v2_splicing.png,data\test\masks\synthetic_doc_family_receipt_009_inst_00_tampered_v2_splicing.png,600,900,1657,0.0030685185185185186,test
synthetic_doc_family_receipt_009_inst_00_tampered_v3_erasure_inpainting,doc_family_receipt_009_inst_00,doc_family_receipt_009,receipt,synthetic_docforensics,1,MIT,1,erasure_inpainting,data\test\images\synthetic_doc_family_receipt_009_inst_00_tampered_v3_erasure_inpainting.png,data\test\masks\synthetic_doc_family_receipt_009_inst_00_tampered_v3_erasure_inpainting.png,600,900,5977,0.01106851851851852,test
synthetic_doc_family_receipt_010_inst_00_authentic,doc_family_receipt_010_inst_00,doc_family_receipt_010,receipt,synthetic_docforensics,1,MIT,0,none,data\test\images\synthetic_doc_family_receipt_010_inst_00_authentic.png,data\test\masks\synthetic_doc_family_receipt_010_inst_00_authentic.png,600,900,0,0.0,test
synthetic_doc_family_receipt_010_inst_00_tampered_v1_copy_move,doc_family_receipt_010_inst_00,doc_family_receipt_010,receipt,synthetic_docforensics,1,MIT,1,copy_move,data\test\images\synthetic_doc_family_receipt_010_inst_00_tampered_v1_copy_move.png,data\test\masks\synthetic_doc_family_receipt_010_inst_00_tampered_v1_copy_move.png,600,900,5478,0.010144444444444444,test
synthetic_doc_family_receipt_010_inst_00_tampered_v2_splicing,doc_family_receipt_010_inst_00,doc_family_receipt_010,receipt,synthetic_docforensics,1,MIT,1,splicing,data\test\images\synthetic_doc_family_receipt_010_inst_00_tampered_v2_splicing.png,data\test\masks\synthetic_doc_family_receipt_010_inst_00_tampered_v2_splicing.png,600,900,3650,0.006759259259259259,test
synthetic_doc_family_receipt_010_inst_00_tampered_v3_erasure_inpainting,doc_family_receipt_010_inst_00,doc_family_receipt_010,receipt,synthetic_docforensics,1,MIT,1,erasure_inpainting,data\test\images\synthetic_doc_family_receipt_010_inst_00_tampered_v3_erasure_inpainting.png,data\test\masks\synthetic_doc_family_receipt_010_inst_00_tampered_v3_erasure_inpainting.png,600,900,9200,0.017037037037037038,test
synthetic_doc_family_receipt_011_inst_00_authentic,doc_family_receipt_011_inst_00,doc_family_receipt_011,receipt,synthetic_docforensics,1,MIT,0,none,data\train\images\synthetic_doc_family_receipt_011_inst_00_authentic.png,data\train\masks\synthetic_doc_family_receipt_011_inst_00_authentic.png,600,900,0,0.0,train
synthetic_doc_family_receipt_011_inst_00_tampered_v1_copy_move,doc_family_receipt_011_inst_00,doc_family_receipt_011,receipt,synthetic_docforensics,1,MIT,1,copy_move,data\train\images\synthetic_doc_family_receipt_011_inst_00_tampered_v1_copy_move.png,data\train\masks\synthetic_doc_family_receipt_011_inst_00_tampered_v1_copy_move.png,600,900,7008,0.012977777777777777,train
synthetic_doc_family_receipt_011_inst_00_tampered_v2_splicing,doc_family_receipt_011_inst_00,doc_family_receipt_011,receipt,synthetic_docforensics,1,MIT,1,splicing,data\train\images\synthetic_doc_family_receipt_011_inst_00_tampered_v2_splicing.png,data\train\masks\synthetic_doc_family_receipt_011_inst_00_tampered_v2_splicing.png,600,900,3128,0.005792592592592592,train
synthetic_doc_family_receipt_011_inst_00_tampered_v3_erasure_inpainting,doc_family_receipt_011_inst_00,doc_family_receipt_011,receipt,synthetic_docforensics,1,MIT,1,erasure_inpainting,data\train\images\synthetic_doc_family_receipt_011_inst_00_tampered_v3_erasure_inpainting.png,data\train\masks\synthetic_doc_family_receipt_011_inst_00_tampered_v3_erasure_inpainting.png,600,900,11078,0.020514814814814816,train
synthetic_doc_family_receipt_012_inst_00_authentic,doc_family_receipt_012_inst_00,doc_family_receipt_012,receipt,synthetic_docforensics,1,MIT,0,none,data\val\images\synthetic_doc_family_receipt_012_inst_00_authentic.png,data\val\masks\synthetic_doc_family_receipt_012_inst_00_authentic.png,600,900,0,0.0,val
synthetic_doc_family_receipt_012_inst_00_tampered_v1_copy_move,doc_family_receipt_012_inst_00,doc_family_receipt_012,receipt,synthetic_docforensics,1,MIT,1,copy_move,data\val\images\synthetic_doc_family_receipt_012_inst_00_tampered_v1_copy_move.png,data\val\masks\synthetic_doc_family_receipt_012_inst_00_tampered_v1_copy_move.png,600,900,3724,0.006896296296296296,val
synthetic_doc_family_receipt_012_inst_00_tampered_v2_splicing,doc_family_receipt_012_inst_00,doc_family_receipt_012,receipt,synthetic_docforensics,1,MIT,1,splicing,data\val\images\synthetic_doc_family_receipt_012_inst_00_tampered_v2_splicing.png,data\val\masks\synthetic_doc_family_receipt_012_inst_00_tampered_v2_splicing.png,600,900,3304,0.006118518518518519,val
synthetic_doc_family_receipt_012_inst_00_tampered_v3_erasure_inpainting,doc_family_receipt_012_inst_00,doc_family_receipt_012,receipt,synthetic_docforensics,1,MIT,1,erasure_inpainting,data\val\images\synthetic_doc_family_receipt_012_inst_00_tampered_v3_erasure_inpainting.png,data\val\masks\synthetic_doc_family_receipt_012_inst_00_tampered_v3_erasure_inpainting.png,600,900,3861,0.00715,val
synthetic_doc_family_receipt_013_inst_00_authentic,doc_family_receipt_013_inst_00,doc_family_receipt_013,receipt,synthetic_docforensics,1,MIT,0,none,data\train\images\synthetic_doc_family_receipt_013_inst_00_authentic.png,data\train\masks\synthetic_doc_family_receipt_013_inst_00_authentic.png,600,900,0,0.0,train
synthetic_doc_family_receipt_013_inst_00_tampered_v1_copy_move,doc_family_receipt_013_inst_00,doc_family_receipt_013,receipt,synthetic_docforensics,1,MIT,1,copy_move,data\train\images\synthetic_doc_family_receipt_013_inst_00_tampered_v1_copy_move.png,data\train\masks\synthetic_doc_family_receipt_013_inst_00_tampered_v1_copy_move.png,600,900,7686,0.014233333333333334,train
synthetic_doc_family_receipt_013_inst_00_tampered_v2_splicing,doc_family_receipt_013_inst_00,doc_family_receipt_013,receipt,synthetic_docforensics,1,MIT,1,splicing,data\train\images\synthetic_doc_family_receipt_013_inst_00_tampered_v2_splicing.png,data\train\masks\synthetic_doc_family_receipt_013_inst_00_tampered_v2_splicing.png,600,900,2312,0.004281481481481482,train
synthetic_doc_family_receipt_013_inst_00_tampered_v3_erasure_inpainting,doc_family_receipt_013_inst_00,doc_family_receipt_013,receipt,synthetic_docforensics,1,MIT,1,erasure_inpainting,data\train\images\synthetic_doc_family_receipt_013_inst_00_tampered_v3_erasure_inpainting.png,data\train\masks\synthetic_doc_family_receipt_013_inst_00_tampered_v3_erasure_inpainting.png,600,900,8127,0.01505,train
synthetic_doc_family_receipt_014_inst_00_authentic,doc_family_receipt_014_inst_00,doc_family_receipt_014,receipt,synthetic_docforensics,1,MIT,0,none,data\val\images\synthetic_doc_family_receipt_014_inst_00_authentic.png,data\val\masks\synthetic_doc_family_receipt_014_inst_00_authentic.png,600,900,0,0.0,val
synthetic_doc_family_receipt_014_inst_00_tampered_v1_copy_move,doc_family_receipt_014_inst_00,doc_family_receipt_014,receipt,synthetic_docforensics,1,MIT,1,copy_move,data\val\images\synthetic_doc_family_receipt_014_inst_00_tampered_v1_copy_move.png,data\val\masks\synthetic_doc_family_receipt_014_inst_00_tampered_v1_copy_move.png,600,900,9456,0.017511111111111113,val
synthetic_doc_family_receipt_014_inst_00_tampered_v2_splicing,doc_family_receipt_014_inst_00,doc_family_receipt_014,receipt,synthetic_docforensics,1,MIT,1,splicing,data\val\images\synthetic_doc_family_receipt_014_inst_00_tampered_v2_splicing.png,data\val\masks\synthetic_doc_family_receipt_014_inst_00_tampered_v2_splicing.png,600,900,2865,0.0053055555555555555,val
synthetic_doc_family_receipt_014_inst_00_tampered_v3_erasure_inpainting,doc_family_receipt_014_inst_00,doc_family_receipt_014,receipt,synthetic_docforensics,1,MIT,1,erasure_inpainting,data\val\images\synthetic_doc_family_receipt_014_inst_00_tampered_v3_erasure_inpainting.png,data\val\masks\synthetic_doc_family_receipt_014_inst_00_tampered_v3_erasure_inpainting.png,600,900,8415,0.015583333333333333,val
synthetic_doc_family_receipt_015_inst_00_authentic,doc_family_receipt_015_inst_00,doc_family_receipt_015,receipt,synthetic_docforensics,1,MIT,0,none,data\train\images\synthetic_doc_family_receipt_015_inst_00_authentic.png,data\train\masks\synthetic_doc_family_receipt_015_inst_00_authentic.png,600,900,0,0.0,train
synthetic_doc_family_receipt_015_inst_00_tampered_v1_copy_move,doc_family_receipt_015_inst_00,doc_family_receipt_015,receipt,synthetic_docforensics,1,MIT,1,copy_move,data\train\images\synthetic_doc_family_receipt_015_inst_00_tampered_v1_copy_move.png,data\train\masks\synthetic_doc_family_receipt_015_inst_00_tampered_v1_copy_move.png,600,900,14214,0.026322222222222223,train
synthetic_doc_family_receipt_015_inst_00_tampered_v2_splicing,doc_family_receipt_015_inst_00,doc_family_receipt_015,receipt,synthetic_docforensics,1,MIT,1,splicing,data\train\images\synthetic_doc_family_receipt_015_inst_00_tampered_v2_splicing.png,data\train\masks\synthetic_doc_family_receipt_015_inst_00_tampered_v2_splicing.png,600,900,1621,0.003001851851851852,train
synthetic_doc_family_receipt_015_inst_00_tampered_v3_erasure_inpainting,doc_family_receipt_015_inst_00,doc_family_receipt_015,receipt,synthetic_docforensics,1,MIT,1,erasure_inpainting,data\train\images\synthetic_doc_family_receipt_015_inst_00_tampered_v3_erasure_inpainting.png,data\train\masks\synthetic_doc_family_receipt_015_inst_00_tampered_v3_erasure_inpainting.png,600,900,8352,0.015466666666666667,train
synthetic_doc_family_receipt_016_inst_00_authentic,doc_family_receipt_016_inst_00,doc_family_receipt_016,receipt,synthetic_docforensics,1,MIT,0,none,data\test\images\synthetic_doc_family_receipt_016_inst_00_authentic.png,data\test\masks\synthetic_doc_family_receipt_016_inst_00_authentic.png,600,900,0,0.0,test
synthetic_doc_family_receipt_016_inst_00_tampered_v1_copy_move,doc_family_receipt_016_inst_00,doc_family_receipt_016,receipt,synthetic_docforensics,1,MIT,1,copy_move,data\test\images\synthetic_doc_family_receipt_016_inst_00_tampered_v1_copy_move.png,data\test\masks\synthetic_doc_family_receipt_016_inst_00_tampered_v1_copy_move.png,600,900,6120,0.011333333333333334,test
synthetic_doc_family_receipt_016_inst_00_tampered_v2_splicing,doc_family_receipt_016_inst_00,doc_family_receipt_016,receipt,synthetic_docforensics,1,MIT,1,splicing,data\test\images\synthetic_doc_family_receipt_016_inst_00_tampered_v2_splicing.png,data\test\masks\synthetic_doc_family_receipt_016_inst_00_tampered_v2_splicing.png,600,900,1709,0.0031648148148148147,test
synthetic_doc_family_receipt_016_inst_00_tampered_v3_erasure_inpainting,doc_family_receipt_016_inst_00,doc_family_receipt_016,receipt,synthetic_docforensics,1,MIT,1,erasure_inpainting,data\test\images\synthetic_doc_family_receipt_016_inst_00_tampered_v3_erasure_inpainting.png,data\test\masks\synthetic_doc_family_receipt_016_inst_00_tampered_v3_erasure_inpainting.png,600,900,8096,0.014992592592592592,test
synthetic_doc_family_receipt_017_inst_00_authentic,doc_family_receipt_017_inst_00,doc_family_receipt_017,receipt,synthetic_docforensics,1,MIT,0,none,data\test\images\synthetic_doc_family_receipt_017_inst_00_authentic.png,data\test\masks\synthetic_doc_family_receipt_017_inst_00_authentic.png,600,900,0,0.0,test
synthetic_doc_family_receipt_017_inst_00_tampered_v1_copy_move,doc_family_receipt_017_inst_00,doc_family_receipt_017,receipt,synthetic_docforensics,1,MIT,1,copy_move,data\test\images\synthetic_doc_family_receipt_017_inst_00_tampered_v1_copy_move.png,data\test\masks\synthetic_doc_family_receipt_017_inst_00_tampered_v1_copy_move.png,600,900,9396,0.0174,test
synthetic_doc_family_receipt_017_inst_00_tampered_v2_splicing,doc_family_receipt_017_inst_00,doc_family_receipt_017,receipt,synthetic_docforensics,1,MIT,1,splicing,data\test\images\synthetic_doc_family_receipt_017_inst_00_tampered_v2_splicing.png,data\test\masks\synthetic_doc_family_receipt_017_inst_00_tampered_v2_splicing.png,600,900,1929,0.0035722222222222223,test
synthetic_doc_family_receipt_017_inst_00_tampered_v3_erasure_inpainting,doc_family_receipt_017_inst_00,doc_family_receipt_017,receipt,synthetic_docforensics,1,MIT,1,erasure_inpainting,data\test\images\synthetic_doc_family_receipt_017_inst_00_tampered_v3_erasure_inpainting.png,data\test\masks\synthetic_doc_family_receipt_017_inst_00_tampered_v3_erasure_inpainting.png,600,900,2790,0.005166666666666667,test
synthetic_doc_family_receipt_018_inst_00_authentic,doc_family_receipt_018_inst_00,doc_family_receipt_018,receipt,synthetic_docforensics,1,MIT,0,none,data\train\images\synthetic_doc_family_receipt_018_inst_00_authentic.png,data\train\masks\synthetic_doc_family_receipt_018_inst_00_authentic.png,600,900,0,0.0,train
synthetic_doc_family_receipt_018_inst_00_tampered_v1_copy_move,doc_family_receipt_018_inst_00,doc_family_receipt_018,receipt,synthetic_docforensics,1,MIT,1,copy_move,data\train\images\synthetic_doc_family_receipt_018_inst_00_tampered_v1_copy_move.png,data\train\masks\synthetic_doc_family_receipt_018_inst_00_tampered_v1_copy_move.png,600,900,5850,0.010833333333333334,train
synthetic_doc_family_receipt_018_inst_00_tampered_v2_splicing,doc_family_receipt_018_inst_00,doc_family_receipt_018,receipt,synthetic_docforensics,1,MIT,1,splicing,data\train\images\synthetic_doc_family_receipt_018_inst_00_tampered_v2_splicing.png,data\train\masks\synthetic_doc_family_receipt_018_inst_00_tampered_v2_splicing.png,600,900,2562,0.004744444444444444,train
synthetic_doc_family_receipt_018_inst_00_tampered_v3_erasure_inpainting,doc_family_receipt_018_inst_00,doc_family_receipt_018,receipt,synthetic_docforensics,1,MIT,1,erasure_inpainting,data\train\images\synthetic_doc_family_receipt_018_inst_00_tampered_v3_erasure_inpainting.png,data\train\masks\synthetic_doc_family_receipt_018_inst_00_tampered_v3_erasure_inpainting.png,600,900,6042,0.011188888888888889,train
synthetic_doc_family_receipt_019_inst_00_authentic,doc_family_receipt_019_inst_00,doc_family_receipt_019,receipt,synthetic_docforensics,1,MIT,0,none,data\test\images\synthetic_doc_family_receipt_019_inst_00_authentic.png,data\test\masks\synthetic_doc_family_receipt_019_inst_00_authentic.png,600,900,0,0.0,test
synthetic_doc_family_receipt_019_inst_00_tampered_v1_copy_move,doc_family_receipt_019_inst_00,doc_family_receipt_019,receipt,synthetic_docforensics,1,MIT,1,copy_move,data\test\images\synthetic_doc_family_receipt_019_inst_00_tampered_v1_copy_move.png,data\test\masks\synthetic_doc_family_receipt_019_inst_00_tampered_v1_copy_move.png,600,900,7875,0.014583333333333334,test
synthetic_doc_family_receipt_019_inst_00_tampered_v2_splicing,doc_family_receipt_019_inst_00,doc_family_receipt_019,receipt,synthetic_docforensics,1,MIT,1,splicing,data\test\images\synthetic_doc_family_receipt_019_inst_00_tampered_v2_splicing.png,data\test\masks\synthetic_doc_family_receipt_019_inst_00_tampered_v2_splicing.png,600,900,1881,0.0034833333333333335,test
synthetic_doc_family_receipt_019_inst_00_tampered_v3_erasure_inpainting,doc_family_receipt_019_inst_00,doc_family_receipt_019,receipt,synthetic_docforensics,1,MIT,1,erasure_inpainting,data\test\images\synthetic_doc_family_receipt_019_inst_00_tampered_v3_erasure_inpainting.png,data\test\masks\synthetic_doc_family_receipt_019_inst_00_tampered_v3_erasure_inpainting.png,600,900,6534,0.0121,test
synthetic_doc_family_receipt_020_inst_00_authentic,doc_family_receipt_020_inst_00,doc_family_receipt_020,receipt,synthetic_docforensics,1,MIT,0,none,data\train\images\synthetic_doc_family_receipt_020_inst_00_authentic.png,data\train\masks\synthetic_doc_family_receipt_020_inst_00_authentic.png,600,900,0,0.0,train
synthetic_doc_family_receipt_020_inst_00_tampered_v1_copy_move,doc_family_receipt_020_inst_00,doc_family_receipt_020,receipt,synthetic_docforensics,1,MIT,1,copy_move,data\train\images\synthetic_doc_family_receipt_020_inst_00_tampered_v1_copy_move.png,data\train\masks\synthetic_doc_family_receipt_020_inst_00_tampered_v1_copy_move.png,600,900,8062,0.01492962962962963,train
synthetic_doc_family_receipt_020_inst_00_tampered_v2_splicing,doc_family_receipt_020_inst_00,doc_family_receipt_020,receipt,synthetic_docforensics,1,MIT,1,splicing,data\train\images\synthetic_doc_family_receipt_020_inst_00_tampered_v2_splicing.png,data\train\masks\synthetic_doc_family_receipt_020_inst_00_tampered_v2_splicing.png,600,900,2090,0.0038703703703703704,train
synthetic_doc_family_receipt_020_inst_00_tampered_v3_erasure_inpainting,doc_family_receipt_020_inst_00,doc_family_receipt_020,receipt,synthetic_docforensics,1,MIT,1,erasure_inpainting,data\train\images\synthetic_doc_family_receipt_020_inst_00_tampered_v3_erasure_inpainting.png,data\train\masks\synthetic_doc_family_receipt_020_inst_00_tampered_v3_erasure_inpainting.png,600,900,5358,0.009922222222222223,train
synthetic_doc_family_receipt_021_inst_00_authentic,doc_family_receipt_021_inst_00,doc_family_receipt_021,receipt,synthetic_docforensics,1,MIT,0,none,data\val\images\synthetic_doc_family_receipt_021_inst_00_authentic.png,data\val\masks\synthetic_doc_family_receipt_021_inst_00_authentic.png,600,900,0,0.0,val
synthetic_doc_family_receipt_021_inst_00_tampered_v1_copy_move,doc_family_receipt_021_inst_00,doc_family_receipt_021,receipt,synthetic_docforensics,1,MIT,1,copy_move,data\val\images\synthetic_doc_family_receipt_021_inst_00_tampered_v1_copy_move.png,data\val\masks\synthetic_doc_family_receipt_021_inst_00_tampered_v1_copy_move.png,600,900,4224,0.007822222222222222,val
synthetic_doc_family_receipt_021_inst_00_tampered_v2_splicing,doc_family_receipt_021_inst_00,doc_family_receipt_021,receipt,synthetic_docforensics,1,MIT,1,splicing,data\val\images\synthetic_doc_family_receipt_021_inst_00_tampered_v2_splicing.png,data\val\masks\synthetic_doc_family_receipt_021_inst_00_tampered_v2_splicing.png,600,900,2054,0.0038037037037037037,val
synthetic_doc_family_receipt_021_inst_00_tampered_v3_erasure_inpainting,doc_family_receipt_021_inst_00,doc_family_receipt_021,receipt,synthetic_docforensics,1,MIT,1,erasure_inpainting,data\val\images\synthetic_doc_family_receipt_021_inst_00_tampered_v3_erasure_inpainting.png,data\val\masks\synthetic_doc_family_receipt_021_inst_00_tampered_v3_erasure_inpainting.png,600,900,5520,0.010222222222222223,val
synthetic_doc_family_receipt_022_inst_00_authentic,doc_family_receipt_022_inst_00,doc_family_receipt_022,receipt,synthetic_docforensics,1,MIT,0,none,data\train\images\synthetic_doc_family_receipt_022_inst_00_authentic.png,data\train\masks\synthetic_doc_family_receipt_022_inst_00_authentic.png,600,900,0,0.0,train
synthetic_doc_family_receipt_022_inst_00_tampered_v1_copy_move,doc_family_receipt_022_inst_00,doc_family_receipt_022,receipt,synthetic_docforensics,1,MIT,1,copy_move,data\train\images\synthetic_doc_family_receipt_022_inst_00_tampered_v1_copy_move.png,data\train\masks\synthetic_doc_family_receipt_022_inst_00_tampered_v1_copy_move.png,600,900,8190,0.015166666666666667,train
synthetic_doc_family_receipt_022_inst_00_tampered_v2_splicing,doc_family_receipt_022_inst_00,doc_family_receipt_022,receipt,synthetic_docforensics,1,MIT,1,splicing,data\train\images\synthetic_doc_family_receipt_022_inst_00_tampered_v2_splicing.png,data\train\masks\synthetic_doc_family_receipt_022_inst_00_tampered_v2_splicing.png,600,900,3638,0.006737037037037037,train
synthetic_doc_family_receipt_022_inst_00_tampered_v3_erasure_inpainting,doc_family_receipt_022_inst_00,doc_family_receipt_022,receipt,synthetic_docforensics,1,MIT,1,erasure_inpainting,data\train\images\synthetic_doc_family_receipt_022_inst_00_tampered_v3_erasure_inpainting.png,data\train\masks\synthetic_doc_family_receipt_022_inst_00_tampered_v3_erasure_inpainting.png,600,900,7738,0.01432962962962963,train
synthetic_doc_family_receipt_023_inst_00_authentic,doc_family_receipt_023_inst_00,doc_family_receipt_023,receipt,synthetic_docforensics,1,MIT,0,none,data\train\images\synthetic_doc_family_receipt_023_inst_00_authentic.png,data\train\masks\synthetic_doc_family_receipt_023_inst_00_authentic.png,600,900,0,0.0,train
synthetic_doc_family_receipt_023_inst_00_tampered_v1_copy_move,doc_family_receipt_023_inst_00,doc_family_receipt_023,receipt,synthetic_docforensics,1,MIT,1,copy_move,data\train\images\synthetic_doc_family_receipt_023_inst_00_tampered_v1_copy_move.png,data\train\masks\synthetic_doc_family_receipt_023_inst_00_tampered_v1_copy_move.png,600,900,6321,0.011705555555555556,train
synthetic_doc_family_receipt_023_inst_00_tampered_v2_splicing,doc_family_receipt_023_inst_00,doc_family_receipt_023,receipt,synthetic_docforensics,1,MIT,1,splicing,data\train\images\synthetic_doc_family_receipt_023_inst_00_tampered_v2_splicing.png,data\train\masks\synthetic_doc_family_receipt_023_inst_00_tampered_v2_splicing.png,600,900,2364,0.004377777777777778,train
synthetic_doc_family_receipt_023_inst_00_tampered_v3_erasure_inpainting,doc_family_receipt_023_inst_00,doc_family_receipt_023,receipt,synthetic_docforensics,1,MIT,1,erasure_inpainting,data\train\images\synthetic_doc_family_receipt_023_inst_00_tampered_v3_erasure_inpainting.png,data\train\masks\synthetic_doc_family_receipt_023_inst_00_tampered_v3_erasure_inpainting.png,600,900,5002,0.009262962962962962,train
synthetic_doc_family_receipt_024_inst_00_authentic,doc_family_receipt_024_inst_00,doc_family_receipt_024,receipt,synthetic_docforensics,1,MIT,0,none,data\test\images\synthetic_doc_family_receipt_024_inst_00_authentic.png,data\test\masks\synthetic_doc_family_receipt_024_inst_00_authentic.png,600,900,0,0.0,test
synthetic_doc_family_receipt_024_inst_00_tampered_v1_copy_move,doc_family_receipt_024_inst_00,doc_family_receipt_024,receipt,synthetic_docforensics,1,MIT,1,copy_move,data\test\images\synthetic_doc_family_receipt_024_inst_00_tampered_v1_copy_move.png,data\test\masks\synthetic_doc_family_receipt_024_inst_00_tampered_v1_copy_move.png,600,900,6240,0.011555555555555555,test
synthetic_doc_family_receipt_024_inst_00_tampered_v2_splicing,doc_family_receipt_024_inst_00,doc_family_receipt_024,receipt,synthetic_docforensics,1,MIT,1,splicing,data\test\images\synthetic_doc_family_receipt_024_inst_00_tampered_v2_splicing.png,data\test\masks\synthetic_doc_family_receipt_024_inst_00_tampered_v2_splicing.png,600,900,3128,0.005792592592592592,test
synthetic_doc_family_receipt_024_inst_00_tampered_v3_erasure_inpainting,doc_family_receipt_024_inst_00,doc_family_receipt_024,receipt,synthetic_docforensics,1,MIT,1,erasure_inpainting,data\test\images\synthetic_doc_family_receipt_024_inst_00_tampered_v3_erasure_inpainting.png,data\test\masks\synthetic_doc_family_receipt_024_inst_00_tampered_v3_erasure_inpainting.png,600,900,10212,0.01891111111111111,test
synthetic_doc_family_receipt_025_inst_00_authentic,doc_family_receipt_025_inst_00,doc_family_receipt_025,receipt,synthetic_docforensics,1,MIT,0,none,data\train\images\synthetic_doc_family_receipt_025_inst_00_authentic.png,data\train\masks\synthetic_doc_family_receipt_025_inst_00_authentic.png,600,900,0,0.0,train
synthetic_doc_family_receipt_025_inst_00_tampered_v1_copy_move,doc_family_receipt_025_inst_00,doc_family_receipt_025,receipt,synthetic_docforensics,1,MIT,1,copy_move,data\train\images\synthetic_doc_family_receipt_025_inst_00_tampered_v1_copy_move.png,data\train\masks\synthetic_doc_family_receipt_025_inst_00_tampered_v1_copy_move.png,600,900,8127,0.01505,train
synthetic_doc_family_receipt_025_inst_00_tampered_v2_splicing,doc_family_receipt_025_inst_00,doc_family_receipt_025,receipt,synthetic_docforensics,1,MIT,1,splicing,data\train\images\synthetic_doc_family_receipt_025_inst_00_tampered_v2_splicing.png,data\train\masks\synthetic_doc_family_receipt_025_inst_00_tampered_v2_splicing.png,600,900,2562,0.004744444444444444,train
synthetic_doc_family_receipt_025_inst_00_tampered_v3_erasure_inpainting,doc_family_receipt_025_inst_00,doc_family_receipt_025,receipt,synthetic_docforensics,1,MIT,1,erasure_inpainting,data\train\images\synthetic_doc_family_receipt_025_inst_00_tampered_v3_erasure_inpainting.png,data\train\masks\synthetic_doc_family_receipt_025_inst_00_tampered_v3_erasure_inpainting.png,600,900,3810,0.007055555555555555,train
synthetic_doc_family_receipt_026_inst_00_authentic,doc_family_receipt_026_inst_00,doc_family_receipt_026,receipt,synthetic_docforensics,1,MIT,0,none,data\train\images\synthetic_doc_family_receipt_026_inst_00_authentic.png,data\train\masks\synthetic_doc_family_receipt_026_inst_00_authentic.png,600,900,0,0.0,train
synthetic_doc_family_receipt_026_inst_00_tampered_v1_copy_move,doc_family_receipt_026_inst_00,doc_family_receipt_026,receipt,synthetic_docforensics,1,MIT,1,copy_move,data\train\images\synthetic_doc_family_receipt_026_inst_00_tampered_v1_copy_move.png,data\train\masks\synthetic_doc_family_receipt_026_inst_00_tampered_v1_copy_move.png,600,900,4560,0.008444444444444444,train
synthetic_doc_family_receipt_026_inst_00_tampered_v2_splicing,doc_family_receipt_026_inst_00,doc_family_receipt_026,receipt,synthetic_docforensics,1,MIT,1,splicing,data\train\images\synthetic_doc_family_receipt_026_inst_00_tampered_v2_splicing.png,data\train\masks\synthetic_doc_family_receipt_026_inst_00_tampered_v2_splicing.png,600,900,2925,0.005416666666666667,train
synthetic_doc_family_receipt_026_inst_00_tampered_v3_erasure_inpainting,doc_family_receipt_026_inst_00,doc_family_receipt_026,receipt,synthetic_docforensics,1,MIT,1,erasure_inpainting,data\train\images\synthetic_doc_family_receipt_026_inst_00_tampered_v3_erasure_inpainting.png,data\train\masks\synthetic_doc_family_receipt_026_inst_00_tampered_v3_erasure_inpainting.png,600,900,4624,0.008562962962962963,train
synthetic_doc_family_receipt_027_inst_00_authentic,doc_family_receipt_027_inst_00,doc_family_receipt_027,receipt,synthetic_docforensics,1,MIT,0,none,data\train\images\synthetic_doc_family_receipt_027_inst_00_authentic.png,data\train\masks\synthetic_doc_family_receipt_027_inst_00_authentic.png,600,900,0,0.0,train
synthetic_doc_family_receipt_027_inst_00_tampered_v1_copy_move,doc_family_receipt_027_inst_00,doc_family_receipt_027,receipt,synthetic_docforensics,1,MIT,1,copy_move,data\train\images\synthetic_doc_family_receipt_027_inst_00_tampered_v1_copy_move.png,data\train\masks\synthetic_doc_family_receipt_027_inst_00_tampered_v1_copy_move.png,600,900,7093,0.013135185185185186,train
synthetic_doc_family_receipt_027_inst_00_tampered_v2_splicing,doc_family_receipt_027_inst_00,doc_family_receipt_027,receipt,synthetic_docforensics,1,MIT,1,splicing,data\train\images\synthetic_doc_family_receipt_027_inst_00_tampered_v2_splicing.png,data\train\masks\synthetic_doc_family_receipt_027_inst_00_tampered_v2_splicing.png,600,900,1705,0.0031574074074074074,train
synthetic_doc_family_receipt_027_inst_00_tampered_v3_erasure_inpainting,doc_family_receipt_027_inst_00,doc_family_receipt_027,receipt,synthetic_docforensics,1,MIT,1,erasure_inpainting,data\train\images\synthetic_doc_family_receipt_027_inst_00_tampered_v3_erasure_inpainting.png,data\train\masks\synthetic_doc_family_receipt_027_inst_00_tampered_v3_erasure_inpainting.png,600,900,5328,0.009866666666666666,train
synthetic_doc_family_receipt_028_inst_00_authentic,doc_family_receipt_028_inst_00,doc_family_receipt_028,receipt,synthetic_docforensics,1,MIT,0,none,data\train\images\synthetic_doc_family_receipt_028_inst_00_authentic.png,data\train\masks\synthetic_doc_family_receipt_028_inst_00_authentic.png,600,900,0,0.0,train
synthetic_doc_family_receipt_028_inst_00_tampered_v1_copy_move,doc_family_receipt_028_inst_00,doc_family_receipt_028,receipt,synthetic_docforensics,1,MIT,1,copy_move,data\train\images\synthetic_doc_family_receipt_028_inst_00_tampered_v1_copy_move.png,data\train\masks\synthetic_doc_family_receipt_028_inst_00_tampered_v1_copy_move.png,600,900,8250,0.015277777777777777,train
synthetic_doc_family_receipt_028_inst_00_tampered_v2_splicing,doc_family_receipt_028_inst_00,doc_family_receipt_028,receipt,synthetic_docforensics,1,MIT,1,splicing,data\train\images\synthetic_doc_family_receipt_028_inst_00_tampered_v2_splicing.png,data\train\masks\synthetic_doc_family_receipt_028_inst_00_tampered_v2_splicing.png,600,900,1697,0.0031425925925925927,train
synthetic_doc_family_receipt_028_inst_00_tampered_v3_erasure_inpainting,doc_family_receipt_028_inst_00,doc_family_receipt_028,receipt,synthetic_docforensics,1,MIT,1,erasure_inpainting,data\train\images\synthetic_doc_family_receipt_028_inst_00_tampered_v3_erasure_inpainting.png,data\train\masks\synthetic_doc_family_receipt_028_inst_00_tampered_v3_erasure_inpainting.png,600,900,4346,0.008048148148148148,train
synthetic_doc_family_receipt_029_inst_00_authentic,doc_family_receipt_029_inst_00,doc_family_receipt_029,receipt,synthetic_docforensics,1,MIT,0,none,data\train\images\synthetic_doc_family_receipt_029_inst_00_authentic.png,data\train\masks\synthetic_doc_family_receipt_029_inst_00_authentic.png,600,900,0,0.0,train
synthetic_doc_family_receipt_029_inst_00_tampered_v1_copy_move,doc_family_receipt_029_inst_00,doc_family_receipt_029,receipt,synthetic_docforensics,1,MIT,1,copy_move,data\train\images\synthetic_doc_family_receipt_029_inst_00_tampered_v1_copy_move.png,data\train\masks\synthetic_doc_family_receipt_029_inst_00_tampered_v1_copy_move.png,600,900,10701,0.019816666666666666,train
synthetic_doc_family_receipt_029_inst_00_tampered_v2_splicing,doc_family_receipt_029_inst_00,doc_family_receipt_029,receipt,synthetic_docforensics,1,MIT,1,splicing,data\train\images\synthetic_doc_family_receipt_029_inst_00_tampered_v2_splicing.png,data\train\masks\synthetic_doc_family_receipt_029_inst_00_tampered_v2_splicing.png,600,900,3176,0.0058814814814814815,train
synthetic_doc_family_receipt_029_inst_00_tampered_v3_erasure_inpainting,doc_family_receipt_029_inst_00,doc_family_receipt_029,receipt,synthetic_docforensics,1,MIT,1,erasure_inpainting,data\train\images\synthetic_doc_family_receipt_029_inst_00_tampered_v3_erasure_inpainting.png,data\train\masks\synthetic_doc_family_receipt_029_inst_00_tampered_v3_erasure_inpainting.png,600,900,6970,0.012907407407407407,train
synthetic_doc_family_receipt_030_inst_00_authentic,doc_family_receipt_030_inst_00,doc_family_receipt_030,receipt,synthetic_docforensics,1,MIT,0,none,data\val\images\synthetic_doc_family_receipt_030_inst_00_authentic.png,data\val\masks\synthetic_doc_family_receipt_030_inst_00_authentic.png,600,900,0,0.0,val
synthetic_doc_family_receipt_030_inst_00_tampered_v1_copy_move,doc_family_receipt_030_inst_00,doc_family_receipt_030,receipt,synthetic_docforensics,1,MIT,1,copy_move,data\val\images\synthetic_doc_family_receipt_030_inst_00_tampered_v1_copy_move.png,data\val\masks\synthetic_doc_family_receipt_030_inst_00_tampered_v1_copy_move.png,600,900,5928,0.010977777777777777,val
synthetic_doc_family_receipt_030_inst_00_tampered_v2_splicing,doc_family_receipt_030_inst_00,doc_family_receipt_030,receipt,synthetic_docforensics,1,MIT,1,splicing,data\val\images\synthetic_doc_family_receipt_030_inst_00_tampered_v2_splicing.png,data\val\masks\synthetic_doc_family_receipt_030_inst_00_tampered_v2_splicing.png,600,900,2841,0.005261111111111111,val
synthetic_doc_family_receipt_030_inst_00_tampered_v3_erasure_inpainting,doc_family_receipt_030_inst_00,doc_family_receipt_030,receipt,synthetic_docforensics,1,MIT,1,erasure_inpainting,data\val\images\synthetic_doc_family_receipt_030_inst_00_tampered_v3_erasure_inpainting.png,data\val\masks\synthetic_doc_family_receipt_030_inst_00_tampered_v3_erasure_inpainting.png,600,900,7482,0.013855555555555555,val
